# OpenTelemetry Metrics report: .csv, 4 fields: 
# <metric name>, <period start, nanoseconds>, <period end, nanoseconds>, <metric value>
# See CsvMetricsExporter for details.
# 
# NAME, PERIOD_START_NANOS, PERIOD_END_NANOS, VALUE
cacheStateStorage.get.counter,1784807102620000000,1784807162741000000,2
cacheStateStorage.set.duration,1784807102620000000,1784807162741000000,0
cacheStateStorage.get.duration,1784807102620000000,1784807162741000000,14
cacheStateStorage.set.counter,1784807102620000000,1784807162741000000,0
VFS.fileByIdCache.misses,1784807102620000000,1784807162741000000,0
VFS.contentStorage.recordsDeduplicated,1784807102620000000,1784807162741000000,0
VFS.rootsCount,1784807102620000000,1784807162741000000,1.0
VFS.contentStorage.recordsReadSize,1784807102620000000,1784807162741000000,0
VFS.contentStorage.recordsUncompressedSize,1784807102620000000,1784807162741000000,0
VFS.contentStorage.recordsStoredSize,1784807102620000000,1784807162741000000,0
VFS.contentStorage.recordsDecompressionTimeUs,1784807102620000000,1784807162741000000,0
VFS.contentStorage.recordsReadDecompressed,1784807102620000000,1784807162741000000,0
VFS.fileChildByName,1784807102620000000,1784807162741000000,119
VFS.cache.filesCreated,1784807102620000000,1784807162741000000,3
VFS.contentStorage.recordsRead,1784807102620000000,1784807162741000000,0
VFS.folderCaseSensitivityReads,1784807102620000000,1784807162741000000,0
VFS.contentStorage.recordsStored,1784807102620000000,1784807162741000000,0
VFS.cache.directoriesCreated,1784807102620000000,1784807162741000000,21
VFS.fileByIdCache.hits,1784807102620000000,1784807162741000000,0
VFS.cache.segmentsCreated,1784807102620000000,1784807162741000000,2
VFS.invertedFileNameIndex.requests,1784807102620000000,1784807162741000000,0
VFS.cache.segments,1784807102620000000,1784807162741000000,2.0
FileNameCache.totalMisses,1784807102620000000,1784807162741000000,0
FileNameCache.queries,1784807102620000000,1784807162741000000,0
VFS.contentStorage.recordsStoredCompressed,1784807102620000000,1784807162741000000,0
DirectByteBufferAllocator.misses,1784807102620000000,1784807162741000000,314
StorageLockContext.competingThreads.90P,1784807102620000000,1784807162741000000,0
DirectByteBufferAllocator.hits,1784807102620000000,1784807162741000000,3
FilePageCache.pageLoads,1784807102620000000,1784807162741000000,317
StreamlinedBlobStorage.totalLiveRecordsPayloadBytes,1784807102620000000,1784807162741000000,2278211
FilePageCache.disposedBuffers,1784807102620000000,1784807162741000000,317
FilePageCache.pageHits,1784807102620000000,1784807162741000000,0
DirectByteBufferAllocator.reclaimed,1784807102620000000,1784807162741000000,45
StreamlinedBlobStorage.recordsRelocated,1784807102620000000,1784807162741000000,0
FilePageCache.totalPageDisposalsUs,1784807102620000000,1784807162741000000,1323
FilePageCache.uncachedFileAccess,1784807102620000000,1784807162741000000,187
FileChannelInterruptsRetryer.totalRetriedAttempts,1784807102620000000,1784807162741000000,0
MappedFileStorage.totalTimeSpentOnMappingUs,1784807102620000000,1784807162741000000,3881
StorageLockContext.competingThreads.max,1784807102620000000,1784807162741000000,0
MappedFileStorage.totalPagesMapped,1784807102620000000,1784807162741000000,6
FilePageCache.totalPageLoadsUs,1784807102620000000,1784807162741000000,188798
FilePageCache.maxRegisteredFiles,1784807102620000000,1784807162741000000,877
StorageLockContext.competingThreads.avg,1784807102620000000,1784807162741000000,0.0
StreamlinedBlobStorage.recordsDeleted,1784807102620000000,1784807162741000000,19
FilePageCache.pageLoadsAboveSizeThreshold,1784807102620000000,1784807162741000000,0
StreamlinedBlobStorage.recordsAllocated,1784807102620000000,1784807162741000000,115923
FilePageCache.pageFastCacheHits,1784807102620000000,1784807162741000000,6317
FilePageCache.maxCacheSizeInBytes,1784807102620000000,1784807162741000000,327172096
MappedFileStorage.totalBytesMapped,1784807102620000000,1784807162741000000,164626432
DirectByteBufferAllocator.totalSizeOfBuffersCachedInBytes,1784807102620000000,1784807162741000000,41959424
DirectByteBufferAllocator.totalSizeOfBuffersAllocatedInBytes,1784807102620000000,1784807162741000000,0
DirectByteBufferAllocator.disposed,1784807102620000000,1784807162741000000,314
FilePageCache.capacityInBytes,1784807102620000000,1784807162741000000,629145600
MappedFileStorage.storages,1784807102620000000,1784807162741000000,6
StreamlinedBlobStorage.totalLiveRecordsCapacityBytes,1784807102620000000,1784807162741000000,9059303
FlushQueue.queueSizeAvg,1784807102620000000,1784807162741000000,0.0
FlushQueue.executionTimeAvgNs,1784807102620000000,1784807162741000000,0.0
FlushQueue.waitingTime90PNs,1784807102620000000,1784807162741000000,0
FlushQueue.executionTimeMaxNs,1784807102620000000,1784807162741000000,0
AWTEventQueue.dispatchTimeMaxNs,1784807102620000000,1784807162741000000,0
FlushQueue.executionTime90PNs,1784807102620000000,1784807162741000000,0
AWTEventQueue.dispatchTimeTotalNS,1784807102620000000,1784807162741000000,1105014709
FlushQueue.queueSize90P,1784807102620000000,1784807162741000000,0
FlushQueue.waitingTimeMaxNs,1784807102620000000,1784807162741000000,0
FlushQueue.waitingTimeAvgNs,1784807102620000000,1784807162741000000,0.0
WriteAction.executionsCount,1784807102620000000,1784807162741000000,1
FlushQueue.queueSizeMax,1784807102620000000,1784807162741000000,0
ReadAction.executionsCount,1784807102620000000,1784807162741000000,89
FlushQueue.tasksExecuted,1784807102620000000,1784807162741000000,0
AWTEventQueue.dispatchTimeAvgNs,1784807102620000000,1784807162741000000,0.0
AWTEventQueue.eventsDispatched,1784807102620000000,1784807162741000000,0
AWTEventQueue.dispatchTime90PNs,1784807102620000000,1784807162741000000,0
writeAction.max.wait.ms,1784807102620000000,1784807162741000000,2
DiskQueryRelay.tasksRequested,1784807102620000000,1784807162741000000,20
DiskQueryRelay.taskWaitingTotalTimeUs,1784807102620000000,1784807162741000000,27847
DiskQueryRelay.taskExecutionTotalTimeUs,1784807102620000000,1784807162741000000,7589
writeAction.median.wait.ms,1784807102620000000,1784807162741000000,0
writeAction.wait.ms,1784807102620000000,1784807162741000000,2
DiskQueryRelay.tasksExecuted,1784807102620000000,1784807162741000000,20
writeAction.count,1784807102620000000,1784807162741000000,1
Indexing.writer_2.totalTimeSpentWritingMs,1784807102620000000,1784807162741000000,0
Indexing.writer_1.totalTimeSpentWritingMs,1784807102620000000,1784807162741000000,0
Indexing.cache.totalCacheMisses,1784807102620000000,1784807162741000000,0
Indexing.cache.totalCacheEvicted,1784807102620000000,1784807162741000000,0
Indexing.writer_0.totalTimeSpentWritingMs,1784807102620000000,1784807162741000000,0
Indexing.writer_3.totalTimeSpentWritingMs,1784807102620000000,1784807162741000000,0
Indexing.writesQueuedMax,1784807102620000000,1784807162741000000,0
Indexing.cache.totalCacheAccesses,1784807102620000000,1784807162741000000,0
Indexing.totalTimeIndexersSleptMs,1784807102620000000,1784807162741000000,0
Indexing.writesQueuedMin,1784807102620000000,1784807162741000000,9223372036854775807
cacheStateStorage.get.counter,1784807162741000000,1784807222663000000,0
cacheStateStorage.set.duration,1784807162741000000,1784807222663000000,0
cacheStateStorage.get.duration,1784807162741000000,1784807222663000000,0
cacheStateStorage.set.counter,1784807162741000000,1784807222663000000,0
VFS.fileByIdCache.misses,1784807162741000000,1784807222663000000,0
VFS.contentStorage.recordsDeduplicated,1784807162741000000,1784807222663000000,0
VFS.rootsCount,1784807162741000000,1784807222663000000,1.0
VFS.contentStorage.recordsReadSize,1784807162741000000,1784807222663000000,0
VFS.contentStorage.recordsUncompressedSize,1784807162741000000,1784807222663000000,0
VFS.contentStorage.recordsStoredSize,1784807162741000000,1784807222663000000,0
VFS.contentStorage.recordsDecompressionTimeUs,1784807162741000000,1784807222663000000,0
VFS.contentStorage.recordsReadDecompressed,1784807162741000000,1784807222663000000,0
VFS.fileChildByName,1784807162741000000,1784807222663000000,0
VFS.cache.filesCreated,1784807162741000000,1784807222663000000,0
VFS.contentStorage.recordsRead,1784807162741000000,1784807222663000000,0
VFS.folderCaseSensitivityReads,1784807162741000000,1784807222663000000,0
VFS.contentStorage.recordsStored,1784807162741000000,1784807222663000000,0
VFS.cache.directoriesCreated,1784807162741000000,1784807222663000000,0
VFS.fileByIdCache.hits,1784807162741000000,1784807222663000000,0
VFS.cache.segmentsCreated,1784807162741000000,1784807222663000000,0
VFS.invertedFileNameIndex.requests,1784807162741000000,1784807222663000000,0
VFS.cache.segments,1784807162741000000,1784807222663000000,2.0
FileNameCache.totalMisses,1784807162741000000,1784807222663000000,0
FileNameCache.queries,1784807162741000000,1784807222663000000,0
VFS.contentStorage.recordsStoredCompressed,1784807162741000000,1784807222663000000,0
DirectByteBufferAllocator.misses,1784807162741000000,1784807222663000000,0
StorageLockContext.competingThreads.90P,1784807162741000000,1784807222663000000,0
DirectByteBufferAllocator.hits,1784807162741000000,1784807222663000000,0
FilePageCache.pageLoads,1784807162741000000,1784807222663000000,0
StreamlinedBlobStorage.totalLiveRecordsPayloadBytes,1784807162741000000,1784807222663000000,0
FilePageCache.disposedBuffers,1784807162741000000,1784807222663000000,0
FilePageCache.pageHits,1784807162741000000,1784807222663000000,0
DirectByteBufferAllocator.reclaimed,1784807162741000000,1784807222663000000,0
StreamlinedBlobStorage.recordsRelocated,1784807162741000000,1784807222663000000,0
FilePageCache.totalPageDisposalsUs,1784807162741000000,1784807222663000000,0
FilePageCache.uncachedFileAccess,1784807162741000000,1784807222663000000,0
FileChannelInterruptsRetryer.totalRetriedAttempts,1784807162741000000,1784807222663000000,0
MappedFileStorage.totalTimeSpentOnMappingUs,1784807162741000000,1784807222663000000,3881
StorageLockContext.competingThreads.max,1784807162741000000,1784807222663000000,0
MappedFileStorage.totalPagesMapped,1784807162741000000,1784807222663000000,6
FilePageCache.totalPageLoadsUs,1784807162741000000,1784807222663000000,0
FilePageCache.maxRegisteredFiles,1784807162741000000,1784807222663000000,877
StorageLockContext.competingThreads.avg,1784807162741000000,1784807222663000000,0.0
StreamlinedBlobStorage.recordsDeleted,1784807162741000000,1784807222663000000,0
FilePageCache.pageLoadsAboveSizeThreshold,1784807162741000000,1784807222663000000,0
StreamlinedBlobStorage.recordsAllocated,1784807162741000000,1784807222663000000,0
FilePageCache.pageFastCacheHits,1784807162741000000,1784807222663000000,0
FilePageCache.maxCacheSizeInBytes,1784807162741000000,1784807222663000000,327172096
MappedFileStorage.totalBytesMapped,1784807162741000000,1784807222663000000,164626432
DirectByteBufferAllocator.totalSizeOfBuffersCachedInBytes,1784807162741000000,1784807222663000000,41959424
DirectByteBufferAllocator.totalSizeOfBuffersAllocatedInBytes,1784807162741000000,1784807222663000000,0
DirectByteBufferAllocator.disposed,1784807162741000000,1784807222663000000,0
FilePageCache.capacityInBytes,1784807162741000000,1784807222663000000,629145600
MappedFileStorage.storages,1784807162741000000,1784807222663000000,6
StreamlinedBlobStorage.totalLiveRecordsCapacityBytes,1784807162741000000,1784807222663000000,0
FlushQueue.queueSizeAvg,1784807162741000000,1784807222663000000,0.0
FlushQueue.executionTimeAvgNs,1784807162741000000,1784807222663000000,0.0
FlushQueue.waitingTime90PNs,1784807162741000000,1784807222663000000,0
FlushQueue.executionTimeMaxNs,1784807162741000000,1784807222663000000,0
AWTEventQueue.dispatchTimeMaxNs,1784807162741000000,1784807222663000000,0
FlushQueue.executionTime90PNs,1784807162741000000,1784807222663000000,0
AWTEventQueue.dispatchTimeTotalNS,1784807162741000000,1784807222663000000,29051247
FlushQueue.queueSize90P,1784807162741000000,1784807222663000000,0
FlushQueue.waitingTimeMaxNs,1784807162741000000,1784807222663000000,0
FlushQueue.waitingTimeAvgNs,1784807162741000000,1784807222663000000,0.0
WriteAction.executionsCount,1784807162741000000,1784807222663000000,0
FlushQueue.queueSizeMax,1784807162741000000,1784807222663000000,0
ReadAction.executionsCount,1784807162741000000,1784807222663000000,0
FlushQueue.tasksExecuted,1784807162741000000,1784807222663000000,0
AWTEventQueue.dispatchTimeAvgNs,1784807162741000000,1784807222663000000,0.0
AWTEventQueue.eventsDispatched,1784807162741000000,1784807222663000000,0
AWTEventQueue.dispatchTime90PNs,1784807162741000000,1784807222663000000,0
writeAction.max.wait.ms,1784807162741000000,1784807222663000000,2
DiskQueryRelay.tasksRequested,1784807162741000000,1784807222663000000,0
DiskQueryRelay.taskWaitingTotalTimeUs,1784807162741000000,1784807222663000000,0
DiskQueryRelay.taskExecutionTotalTimeUs,1784807162741000000,1784807222663000000,0
writeAction.median.wait.ms,1784807162741000000,1784807222663000000,0
writeAction.wait.ms,1784807162741000000,1784807222663000000,0
DiskQueryRelay.tasksExecuted,1784807162741000000,1784807222663000000,0
writeAction.count,1784807162741000000,1784807222663000000,0
Indexing.writer_2.totalTimeSpentWritingMs,1784807162741000000,1784807222663000000,0
Indexing.writer_1.totalTimeSpentWritingMs,1784807162741000000,1784807222663000000,0
Indexing.cache.totalCacheMisses,1784807162741000000,1784807222663000000,0
Indexing.cache.totalCacheEvicted,1784807162741000000,1784807222663000000,0
Indexing.writer_0.totalTimeSpentWritingMs,1784807162741000000,1784807222663000000,0
Indexing.writer_3.totalTimeSpentWritingMs,1784807162741000000,1784807222663000000,0
Indexing.writesQueuedMax,1784807162741000000,1784807222663000000,0
Indexing.cache.totalCacheAccesses,1784807162741000000,1784807222663000000,0
Indexing.totalTimeIndexersSleptMs,1784807162741000000,1784807222663000000,0
Indexing.writesQueuedMin,1784807162741000000,1784807222663000000,9223372036854775807
cacheStateStorage.get.counter,1784807222663000000,1784807282661000000,0
cacheStateStorage.set.duration,1784807222663000000,1784807282661000000,0
cacheStateStorage.get.duration,1784807222663000000,1784807282661000000,0
cacheStateStorage.set.counter,1784807222663000000,1784807282661000000,0
VFS.fileByIdCache.misses,1784807222663000000,1784807282661000000,0
VFS.contentStorage.recordsDeduplicated,1784807222663000000,1784807282661000000,0
VFS.rootsCount,1784807222663000000,1784807282661000000,1.0
VFS.contentStorage.recordsReadSize,1784807222663000000,1784807282661000000,0
VFS.contentStorage.recordsUncompressedSize,1784807222663000000,1784807282661000000,0
VFS.contentStorage.recordsStoredSize,1784807222663000000,1784807282661000000,0
VFS.contentStorage.recordsDecompressionTimeUs,1784807222663000000,1784807282661000000,0
VFS.contentStorage.recordsReadDecompressed,1784807222663000000,1784807282661000000,0
VFS.fileChildByName,1784807222663000000,1784807282661000000,0
VFS.cache.filesCreated,1784807222663000000,1784807282661000000,0
VFS.contentStorage.recordsRead,1784807222663000000,1784807282661000000,0
VFS.folderCaseSensitivityReads,1784807222663000000,1784807282661000000,0
VFS.contentStorage.recordsStored,1784807222663000000,1784807282661000000,0
VFS.cache.directoriesCreated,1784807222663000000,1784807282661000000,0
VFS.fileByIdCache.hits,1784807222663000000,1784807282661000000,0
VFS.cache.segmentsCreated,1784807222663000000,1784807282661000000,0
VFS.invertedFileNameIndex.requests,1784807222663000000,1784807282661000000,0
VFS.cache.segments,1784807222663000000,1784807282661000000,2.0
FileNameCache.totalMisses,1784807222663000000,1784807282661000000,0
FileNameCache.queries,1784807222663000000,1784807282661000000,0
VFS.contentStorage.recordsStoredCompressed,1784807222663000000,1784807282661000000,0
DirectByteBufferAllocator.misses,1784807222663000000,1784807282661000000,0
StorageLockContext.competingThreads.90P,1784807222663000000,1784807282661000000,0
DirectByteBufferAllocator.hits,1784807222663000000,1784807282661000000,0
FilePageCache.pageLoads,1784807222663000000,1784807282661000000,0
StreamlinedBlobStorage.totalLiveRecordsPayloadBytes,1784807222663000000,1784807282661000000,0
FilePageCache.disposedBuffers,1784807222663000000,1784807282661000000,0
FilePageCache.pageHits,1784807222663000000,1784807282661000000,0
DirectByteBufferAllocator.reclaimed,1784807222663000000,1784807282661000000,0
StreamlinedBlobStorage.recordsRelocated,1784807222663000000,1784807282661000000,0
FilePageCache.totalPageDisposalsUs,1784807222663000000,1784807282661000000,0
FilePageCache.uncachedFileAccess,1784807222663000000,1784807282661000000,0
FileChannelInterruptsRetryer.totalRetriedAttempts,1784807222663000000,1784807282661000000,0
MappedFileStorage.totalTimeSpentOnMappingUs,1784807222663000000,1784807282661000000,3881
StorageLockContext.competingThreads.max,1784807222663000000,1784807282661000000,0
MappedFileStorage.totalPagesMapped,1784807222663000000,1784807282661000000,6
FilePageCache.totalPageLoadsUs,1784807222663000000,1784807282661000000,0
FilePageCache.maxRegisteredFiles,1784807222663000000,1784807282661000000,877
StorageLockContext.competingThreads.avg,1784807222663000000,1784807282661000000,0.0
StreamlinedBlobStorage.recordsDeleted,1784807222663000000,1784807282661000000,0
FilePageCache.pageLoadsAboveSizeThreshold,1784807222663000000,1784807282661000000,0
StreamlinedBlobStorage.recordsAllocated,1784807222663000000,1784807282661000000,0
FilePageCache.pageFastCacheHits,1784807222663000000,1784807282661000000,0
FilePageCache.maxCacheSizeInBytes,1784807222663000000,1784807282661000000,327172096
MappedFileStorage.totalBytesMapped,1784807222663000000,1784807282661000000,164626432
DirectByteBufferAllocator.totalSizeOfBuffersCachedInBytes,1784807222663000000,1784807282661000000,41959424
DirectByteBufferAllocator.totalSizeOfBuffersAllocatedInBytes,1784807222663000000,1784807282661000000,0
DirectByteBufferAllocator.disposed,1784807222663000000,1784807282661000000,0
FilePageCache.capacityInBytes,1784807222663000000,1784807282661000000,629145600
MappedFileStorage.storages,1784807222663000000,1784807282661000000,6
StreamlinedBlobStorage.totalLiveRecordsCapacityBytes,1784807222663000000,1784807282661000000,0
FlushQueue.queueSizeAvg,1784807222663000000,1784807282661000000,0.0
FlushQueue.executionTimeAvgNs,1784807222663000000,1784807282661000000,0.0
FlushQueue.waitingTime90PNs,1784807222663000000,1784807282661000000,0
FlushQueue.executionTimeMaxNs,1784807222663000000,1784807282661000000,0
AWTEventQueue.dispatchTimeMaxNs,1784807222663000000,1784807282661000000,0
FlushQueue.executionTime90PNs,1784807222663000000,1784807282661000000,0
AWTEventQueue.dispatchTimeTotalNS,1784807222663000000,1784807282661000000,107318838
FlushQueue.queueSize90P,1784807222663000000,1784807282661000000,0
FlushQueue.waitingTimeMaxNs,1784807222663000000,1784807282661000000,0
FlushQueue.waitingTimeAvgNs,1784807222663000000,1784807282661000000,0.0
WriteAction.executionsCount,1784807222663000000,1784807282661000000,1
FlushQueue.queueSizeMax,1784807222663000000,1784807282661000000,0
ReadAction.executionsCount,1784807222663000000,1784807282661000000,17
FlushQueue.tasksExecuted,1784807222663000000,1784807282661000000,0
AWTEventQueue.dispatchTimeAvgNs,1784807222663000000,1784807282661000000,0.0
AWTEventQueue.eventsDispatched,1784807222663000000,1784807282661000000,0
AWTEventQueue.dispatchTime90PNs,1784807222663000000,1784807282661000000,0
writeAction.max.wait.ms,1784807222663000000,1784807282661000000,2
DiskQueryRelay.tasksRequested,1784807222663000000,1784807282661000000,0
DiskQueryRelay.taskWaitingTotalTimeUs,1784807222663000000,1784807282661000000,0
DiskQueryRelay.taskExecutionTotalTimeUs,1784807222663000000,1784807282661000000,0
writeAction.median.wait.ms,1784807222663000000,1784807282661000000,0
writeAction.wait.ms,1784807222663000000,1784807282661000000,1
DiskQueryRelay.tasksExecuted,1784807222663000000,1784807282661000000,0
writeAction.count,1784807222663000000,1784807282661000000,1
Indexing.writer_2.totalTimeSpentWritingMs,1784807222663000000,1784807282661000000,0
Indexing.writer_1.totalTimeSpentWritingMs,1784807222663000000,1784807282661000000,0
Indexing.cache.totalCacheMisses,1784807222663000000,1784807282661000000,0
Indexing.cache.totalCacheEvicted,1784807222663000000,1784807282661000000,0
Indexing.writer_0.totalTimeSpentWritingMs,1784807222663000000,1784807282661000000,0
Indexing.writer_3.totalTimeSpentWritingMs,1784807222663000000,1784807282661000000,0
Indexing.writesQueuedMax,1784807222663000000,1784807282661000000,0
Indexing.cache.totalCacheAccesses,1784807222663000000,1784807282661000000,0
Indexing.totalTimeIndexersSleptMs,1784807222663000000,1784807282661000000,0
Indexing.writesQueuedMin,1784807222663000000,1784807282661000000,9223372036854775807
cacheStateStorage.get.counter,1784807282661000000,1784807342661000000,0
cacheStateStorage.set.duration,1784807282661000000,1784807342661000000,0
cacheStateStorage.get.duration,1784807282661000000,1784807342661000000,0
cacheStateStorage.set.counter,1784807282661000000,1784807342661000000,0
VFS.fileByIdCache.misses,1784807282661000000,1784807342661000000,0
VFS.contentStorage.recordsDeduplicated,1784807282661000000,1784807342661000000,0
VFS.rootsCount,1784807282661000000,1784807342661000000,1.0
VFS.contentStorage.recordsReadSize,1784807282661000000,1784807342661000000,0
VFS.contentStorage.recordsUncompressedSize,1784807282661000000,1784807342661000000,0
VFS.contentStorage.recordsStoredSize,1784807282661000000,1784807342661000000,0
VFS.contentStorage.recordsDecompressionTimeUs,1784807282661000000,1784807342661000000,0
VFS.contentStorage.recordsReadDecompressed,1784807282661000000,1784807342661000000,0
VFS.fileChildByName,1784807282661000000,1784807342661000000,0
VFS.cache.filesCreated,1784807282661000000,1784807342661000000,0
VFS.contentStorage.recordsRead,1784807282661000000,1784807342661000000,0
VFS.folderCaseSensitivityReads,1784807282661000000,1784807342661000000,0
VFS.contentStorage.recordsStored,1784807282661000000,1784807342661000000,0
VFS.cache.directoriesCreated,1784807282661000000,1784807342661000000,0
VFS.fileByIdCache.hits,1784807282661000000,1784807342661000000,0
VFS.cache.segmentsCreated,1784807282661000000,1784807342661000000,0
VFS.invertedFileNameIndex.requests,1784807282661000000,1784807342661000000,0
VFS.cache.segments,1784807282661000000,1784807342661000000,2.0
FileNameCache.totalMisses,1784807282661000000,1784807342661000000,0
FileNameCache.queries,1784807282661000000,1784807342661000000,0
VFS.contentStorage.recordsStoredCompressed,1784807282661000000,1784807342661000000,0
DirectByteBufferAllocator.misses,1784807282661000000,1784807342661000000,0
StorageLockContext.competingThreads.90P,1784807282661000000,1784807342661000000,0
DirectByteBufferAllocator.hits,1784807282661000000,1784807342661000000,0
FilePageCache.pageLoads,1784807282661000000,1784807342661000000,0
StreamlinedBlobStorage.totalLiveRecordsPayloadBytes,1784807282661000000,1784807342661000000,0
FilePageCache.disposedBuffers,1784807282661000000,1784807342661000000,0
FilePageCache.pageHits,1784807282661000000,1784807342661000000,0
DirectByteBufferAllocator.reclaimed,1784807282661000000,1784807342661000000,0
StreamlinedBlobStorage.recordsRelocated,1784807282661000000,1784807342661000000,0
FilePageCache.totalPageDisposalsUs,1784807282661000000,1784807342661000000,0
FilePageCache.uncachedFileAccess,1784807282661000000,1784807342661000000,0
FileChannelInterruptsRetryer.totalRetriedAttempts,1784807282661000000,1784807342661000000,0
MappedFileStorage.totalTimeSpentOnMappingUs,1784807282661000000,1784807342661000000,3881
StorageLockContext.competingThreads.max,1784807282661000000,1784807342661000000,0
MappedFileStorage.totalPagesMapped,1784807282661000000,1784807342661000000,6
FilePageCache.totalPageLoadsUs,1784807282661000000,1784807342661000000,0
FilePageCache.maxRegisteredFiles,1784807282661000000,1784807342661000000,877
StorageLockContext.competingThreads.avg,1784807282661000000,1784807342661000000,0.0
StreamlinedBlobStorage.recordsDeleted,1784807282661000000,1784807342661000000,0
FilePageCache.pageLoadsAboveSizeThreshold,1784807282661000000,1784807342661000000,0
StreamlinedBlobStorage.recordsAllocated,1784807282661000000,1784807342661000000,0
FilePageCache.pageFastCacheHits,1784807282661000000,1784807342661000000,0
FilePageCache.maxCacheSizeInBytes,1784807282661000000,1784807342661000000,327172096
MappedFileStorage.totalBytesMapped,1784807282661000000,1784807342661000000,164626432
DirectByteBufferAllocator.totalSizeOfBuffersCachedInBytes,1784807282661000000,1784807342661000000,41959424
DirectByteBufferAllocator.totalSizeOfBuffersAllocatedInBytes,1784807282661000000,1784807342661000000,0
DirectByteBufferAllocator.disposed,1784807282661000000,1784807342661000000,0
FilePageCache.capacityInBytes,1784807282661000000,1784807342661000000,629145600
MappedFileStorage.storages,1784807282661000000,1784807342661000000,6
StreamlinedBlobStorage.totalLiveRecordsCapacityBytes,1784807282661000000,1784807342661000000,0
FlushQueue.queueSizeAvg,1784807282661000000,1784807342661000000,0.0
FlushQueue.executionTimeAvgNs,1784807282661000000,1784807342661000000,0.0
FlushQueue.waitingTime90PNs,1784807282661000000,1784807342661000000,0
FlushQueue.executionTimeMaxNs,1784807282661000000,1784807342661000000,0
AWTEventQueue.dispatchTimeMaxNs,1784807282661000000,1784807342661000000,0
FlushQueue.executionTime90PNs,1784807282661000000,1784807342661000000,0
AWTEventQueue.dispatchTimeTotalNS,1784807282661000000,1784807342661000000,18956082
FlushQueue.queueSize90P,1784807282661000000,1784807342661000000,0
FlushQueue.waitingTimeMaxNs,1784807282661000000,1784807342661000000,0
FlushQueue.waitingTimeAvgNs,1784807282661000000,1784807342661000000,0.0
WriteAction.executionsCount,1784807282661000000,1784807342661000000,0
FlushQueue.queueSizeMax,1784807282661000000,1784807342661000000,0
ReadAction.executionsCount,1784807282661000000,1784807342661000000,0
FlushQueue.tasksExecuted,1784807282661000000,1784807342661000000,0
AWTEventQueue.dispatchTimeAvgNs,1784807282661000000,1784807342661000000,0.0
AWTEventQueue.eventsDispatched,1784807282661000000,1784807342661000000,0
AWTEventQueue.dispatchTime90PNs,1784807282661000000,1784807342661000000,0
writeAction.max.wait.ms,1784807282661000000,1784807342661000000,2
DiskQueryRelay.tasksRequested,1784807282661000000,1784807342661000000,0
DiskQueryRelay.taskWaitingTotalTimeUs,1784807282661000000,1784807342661000000,0
DiskQueryRelay.taskExecutionTotalTimeUs,1784807282661000000,1784807342661000000,0
writeAction.median.wait.ms,1784807282661000000,1784807342661000000,0
writeAction.wait.ms,1784807282661000000,1784807342661000000,0
DiskQueryRelay.tasksExecuted,1784807282661000000,1784807342661000000,0
writeAction.count,1784807282661000000,1784807342661000000,0
Indexing.writer_2.totalTimeSpentWritingMs,1784807282661000000,1784807342661000000,0
Indexing.writer_1.totalTimeSpentWritingMs,1784807282661000000,1784807342661000000,0
Indexing.cache.totalCacheMisses,1784807282661000000,1784807342661000000,0
Indexing.cache.totalCacheEvicted,1784807282661000000,1784807342661000000,0
Indexing.writer_0.totalTimeSpentWritingMs,1784807282661000000,1784807342661000000,0
Indexing.writer_3.totalTimeSpentWritingMs,1784807282661000000,1784807342661000000,0
Indexing.writesQueuedMax,1784807282661000000,1784807342661000000,0
Indexing.cache.totalCacheAccesses,1784807282661000000,1784807342661000000,0
Indexing.totalTimeIndexersSleptMs,1784807282661000000,1784807342661000000,0
Indexing.writesQueuedMin,1784807282661000000,1784807342661000000,9223372036854775807
cacheStateStorage.get.counter,1784807342661000000,1784807402659000000,0
cacheStateStorage.set.duration,1784807342661000000,1784807402659000000,0
cacheStateStorage.get.duration,1784807342661000000,1784807402659000000,0
cacheStateStorage.set.counter,1784807342661000000,1784807402659000000,0
VFS.fileByIdCache.misses,1784807342661000000,1784807402659000000,0
VFS.contentStorage.recordsDeduplicated,1784807342661000000,1784807402659000000,0
VFS.rootsCount,1784807342661000000,1784807402659000000,1.0
VFS.contentStorage.recordsReadSize,1784807342661000000,1784807402659000000,0
VFS.contentStorage.recordsUncompressedSize,1784807342661000000,1784807402659000000,0
VFS.contentStorage.recordsStoredSize,1784807342661000000,1784807402659000000,0
VFS.contentStorage.recordsDecompressionTimeUs,1784807342661000000,1784807402659000000,0
VFS.contentStorage.recordsReadDecompressed,1784807342661000000,1784807402659000000,0
VFS.fileChildByName,1784807342661000000,1784807402659000000,0
VFS.cache.filesCreated,1784807342661000000,1784807402659000000,0
VFS.contentStorage.recordsRead,1784807342661000000,1784807402659000000,0
VFS.folderCaseSensitivityReads,1784807342661000000,1784807402659000000,0
VFS.contentStorage.recordsStored,1784807342661000000,1784807402659000000,0
VFS.cache.directoriesCreated,1784807342661000000,1784807402659000000,0
VFS.fileByIdCache.hits,1784807342661000000,1784807402659000000,0
VFS.cache.segmentsCreated,1784807342661000000,1784807402659000000,0
VFS.invertedFileNameIndex.requests,1784807342661000000,1784807402659000000,0
VFS.cache.segments,1784807342661000000,1784807402659000000,2.0
FileNameCache.totalMisses,1784807342661000000,1784807402659000000,0
FileNameCache.queries,1784807342661000000,1784807402659000000,0
VFS.contentStorage.recordsStoredCompressed,1784807342661000000,1784807402659000000,0
DirectByteBufferAllocator.misses,1784807342661000000,1784807402659000000,0
StorageLockContext.competingThreads.90P,1784807342661000000,1784807402659000000,0
DirectByteBufferAllocator.hits,1784807342661000000,1784807402659000000,0
FilePageCache.pageLoads,1784807342661000000,1784807402659000000,0
StreamlinedBlobStorage.totalLiveRecordsPayloadBytes,1784807342661000000,1784807402659000000,0
FilePageCache.disposedBuffers,1784807342661000000,1784807402659000000,0
FilePageCache.pageHits,1784807342661000000,1784807402659000000,0
DirectByteBufferAllocator.reclaimed,1784807342661000000,1784807402659000000,0
StreamlinedBlobStorage.recordsRelocated,1784807342661000000,1784807402659000000,0
FilePageCache.totalPageDisposalsUs,1784807342661000000,1784807402659000000,0
FilePageCache.uncachedFileAccess,1784807342661000000,1784807402659000000,0
FileChannelInterruptsRetryer.totalRetriedAttempts,1784807342661000000,1784807402659000000,0
MappedFileStorage.totalTimeSpentOnMappingUs,1784807342661000000,1784807402659000000,3881
StorageLockContext.competingThreads.max,1784807342661000000,1784807402659000000,0
MappedFileStorage.totalPagesMapped,1784807342661000000,1784807402659000000,6
FilePageCache.totalPageLoadsUs,1784807342661000000,1784807402659000000,0
FilePageCache.maxRegisteredFiles,1784807342661000000,1784807402659000000,877
StorageLockContext.competingThreads.avg,1784807342661000000,1784807402659000000,0.0
StreamlinedBlobStorage.recordsDeleted,1784807342661000000,1784807402659000000,0
FilePageCache.pageLoadsAboveSizeThreshold,1784807342661000000,1784807402659000000,0
StreamlinedBlobStorage.recordsAllocated,1784807342661000000,1784807402659000000,0
FilePageCache.pageFastCacheHits,1784807342661000000,1784807402659000000,0
FilePageCache.maxCacheSizeInBytes,1784807342661000000,1784807402659000000,327172096
MappedFileStorage.totalBytesMapped,1784807342661000000,1784807402659000000,164626432
DirectByteBufferAllocator.totalSizeOfBuffersCachedInBytes,1784807342661000000,1784807402659000000,41959424
DirectByteBufferAllocator.totalSizeOfBuffersAllocatedInBytes,1784807342661000000,1784807402659000000,0
DirectByteBufferAllocator.disposed,1784807342661000000,1784807402659000000,0
FilePageCache.capacityInBytes,1784807342661000000,1784807402659000000,629145600
MappedFileStorage.storages,1784807342661000000,1784807402659000000,6
StreamlinedBlobStorage.totalLiveRecordsCapacityBytes,1784807342661000000,1784807402659000000,0
FlushQueue.queueSizeAvg,1784807342661000000,1784807402659000000,0.0
FlushQueue.executionTimeAvgNs,1784807342661000000,1784807402659000000,0.0
FlushQueue.waitingTime90PNs,1784807342661000000,1784807402659000000,0
FlushQueue.executionTimeMaxNs,1784807342661000000,1784807402659000000,0
AWTEventQueue.dispatchTimeMaxNs,1784807342661000000,1784807402659000000,0
FlushQueue.executionTime90PNs,1784807342661000000,1784807402659000000,0
AWTEventQueue.dispatchTimeTotalNS,1784807342661000000,1784807402659000000,15689916
FlushQueue.queueSize90P,1784807342661000000,1784807402659000000,0
FlushQueue.waitingTimeMaxNs,1784807342661000000,1784807402659000000,0
FlushQueue.waitingTimeAvgNs,1784807342661000000,1784807402659000000,0.0
WriteAction.executionsCount,1784807342661000000,1784807402659000000,0
FlushQueue.queueSizeMax,1784807342661000000,1784807402659000000,0
ReadAction.executionsCount,1784807342661000000,1784807402659000000,0
FlushQueue.tasksExecuted,1784807342661000000,1784807402659000000,0
AWTEventQueue.dispatchTimeAvgNs,1784807342661000000,1784807402659000000,0.0
AWTEventQueue.eventsDispatched,1784807342661000000,1784807402659000000,0
AWTEventQueue.dispatchTime90PNs,1784807342661000000,1784807402659000000,0
writeAction.max.wait.ms,1784807342661000000,1784807402659000000,2
DiskQueryRelay.tasksRequested,1784807342661000000,1784807402659000000,0
DiskQueryRelay.taskWaitingTotalTimeUs,1784807342661000000,1784807402659000000,0
DiskQueryRelay.taskExecutionTotalTimeUs,1784807342661000000,1784807402659000000,0
writeAction.median.wait.ms,1784807342661000000,1784807402659000000,0
writeAction.wait.ms,1784807342661000000,1784807402659000000,0
DiskQueryRelay.tasksExecuted,1784807342661000000,1784807402659000000,0
writeAction.count,1784807342661000000,1784807402659000000,0
Indexing.writer_2.totalTimeSpentWritingMs,1784807342661000000,1784807402659000000,0
Indexing.writer_1.totalTimeSpentWritingMs,1784807342661000000,1784807402659000000,0
Indexing.cache.totalCacheMisses,1784807342661000000,1784807402659000000,0
Indexing.cache.totalCacheEvicted,1784807342661000000,1784807402659000000,0
Indexing.writer_0.totalTimeSpentWritingMs,1784807342661000000,1784807402659000000,0
Indexing.writer_3.totalTimeSpentWritingMs,1784807342661000000,1784807402659000000,0
Indexing.writesQueuedMax,1784807342661000000,1784807402659000000,0
Indexing.cache.totalCacheAccesses,1784807342661000000,1784807402659000000,0
Indexing.totalTimeIndexersSleptMs,1784807342661000000,1784807402659000000,0
Indexing.writesQueuedMin,1784807342661000000,1784807402659000000,9223372036854775807
cacheStateStorage.get.counter,1784807402659000000,1784807462661000000,0
cacheStateStorage.set.duration,1784807402659000000,1784807462661000000,0
cacheStateStorage.get.duration,1784807402659000000,1784807462661000000,0
cacheStateStorage.set.counter,1784807402659000000,1784807462661000000,0
VFS.fileByIdCache.misses,1784807402659000000,1784807462661000000,0
VFS.contentStorage.recordsDeduplicated,1784807402659000000,1784807462661000000,0
VFS.rootsCount,1784807402659000000,1784807462661000000,1.0
VFS.contentStorage.recordsReadSize,1784807402659000000,1784807462661000000,0
VFS.contentStorage.recordsUncompressedSize,1784807402659000000,1784807462661000000,0
VFS.contentStorage.recordsStoredSize,1784807402659000000,1784807462661000000,0
VFS.contentStorage.recordsDecompressionTimeUs,1784807402659000000,1784807462661000000,0
VFS.contentStorage.recordsReadDecompressed,1784807402659000000,1784807462661000000,0
VFS.fileChildByName,1784807402659000000,1784807462661000000,0
VFS.cache.filesCreated,1784807402659000000,1784807462661000000,0
VFS.contentStorage.recordsRead,1784807402659000000,1784807462661000000,0
VFS.folderCaseSensitivityReads,1784807402659000000,1784807462661000000,0
VFS.contentStorage.recordsStored,1784807402659000000,1784807462661000000,0
VFS.cache.directoriesCreated,1784807402659000000,1784807462661000000,0
VFS.fileByIdCache.hits,1784807402659000000,1784807462661000000,0
VFS.cache.segmentsCreated,1784807402659000000,1784807462661000000,0
VFS.invertedFileNameIndex.requests,1784807402659000000,1784807462661000000,0
VFS.cache.segments,1784807402659000000,1784807462661000000,2.0
FileNameCache.totalMisses,1784807402659000000,1784807462661000000,0
FileNameCache.queries,1784807402659000000,1784807462661000000,0
VFS.contentStorage.recordsStoredCompressed,1784807402659000000,1784807462661000000,0
DirectByteBufferAllocator.misses,1784807402659000000,1784807462661000000,0
StorageLockContext.competingThreads.90P,1784807402659000000,1784807462661000000,0
DirectByteBufferAllocator.hits,1784807402659000000,1784807462661000000,0
FilePageCache.pageLoads,1784807402659000000,1784807462661000000,0
StreamlinedBlobStorage.totalLiveRecordsPayloadBytes,1784807402659000000,1784807462661000000,0
FilePageCache.disposedBuffers,1784807402659000000,1784807462661000000,0
FilePageCache.pageHits,1784807402659000000,1784807462661000000,0
DirectByteBufferAllocator.reclaimed,1784807402659000000,1784807462661000000,0
StreamlinedBlobStorage.recordsRelocated,1784807402659000000,1784807462661000000,0
FilePageCache.totalPageDisposalsUs,1784807402659000000,1784807462661000000,0
FilePageCache.uncachedFileAccess,1784807402659000000,1784807462661000000,0
FileChannelInterruptsRetryer.totalRetriedAttempts,1784807402659000000,1784807462661000000,0
MappedFileStorage.totalTimeSpentOnMappingUs,1784807402659000000,1784807462661000000,3881
StorageLockContext.competingThreads.max,1784807402659000000,1784807462661000000,0
MappedFileStorage.totalPagesMapped,1784807402659000000,1784807462661000000,6
FilePageCache.totalPageLoadsUs,1784807402659000000,1784807462661000000,0
FilePageCache.maxRegisteredFiles,1784807402659000000,1784807462661000000,877
StorageLockContext.competingThreads.avg,1784807402659000000,1784807462661000000,0.0
StreamlinedBlobStorage.recordsDeleted,1784807402659000000,1784807462661000000,0
FilePageCache.pageLoadsAboveSizeThreshold,1784807402659000000,1784807462661000000,0
StreamlinedBlobStorage.recordsAllocated,1784807402659000000,1784807462661000000,0
FilePageCache.pageFastCacheHits,1784807402659000000,1784807462661000000,0
FilePageCache.maxCacheSizeInBytes,1784807402659000000,1784807462661000000,327172096
MappedFileStorage.totalBytesMapped,1784807402659000000,1784807462661000000,164626432
DirectByteBufferAllocator.totalSizeOfBuffersCachedInBytes,1784807402659000000,1784807462661000000,41959424
DirectByteBufferAllocator.totalSizeOfBuffersAllocatedInBytes,1784807402659000000,1784807462661000000,0
DirectByteBufferAllocator.disposed,1784807402659000000,1784807462661000000,0
FilePageCache.capacityInBytes,1784807402659000000,1784807462661000000,629145600
MappedFileStorage.storages,1784807402659000000,1784807462661000000,6
StreamlinedBlobStorage.totalLiveRecordsCapacityBytes,1784807402659000000,1784807462661000000,0
FlushQueue.queueSizeAvg,1784807402659000000,1784807462661000000,0.0
FlushQueue.executionTimeAvgNs,1784807402659000000,1784807462661000000,0.0
FlushQueue.waitingTime90PNs,1784807402659000000,1784807462661000000,0
FlushQueue.executionTimeMaxNs,1784807402659000000,1784807462661000000,0
AWTEventQueue.dispatchTimeMaxNs,1784807402659000000,1784807462661000000,0
FlushQueue.executionTime90PNs,1784807402659000000,1784807462661000000,0
AWTEventQueue.dispatchTimeTotalNS,1784807402659000000,1784807462661000000,18368786
FlushQueue.queueSize90P,1784807402659000000,1784807462661000000,0
FlushQueue.waitingTimeMaxNs,1784807402659000000,1784807462661000000,0
FlushQueue.waitingTimeAvgNs,1784807402659000000,1784807462661000000,0.0
WriteAction.executionsCount,1784807402659000000,1784807462661000000,0
FlushQueue.queueSizeMax,1784807402659000000,1784807462661000000,0
ReadAction.executionsCount,1784807402659000000,1784807462661000000,0
FlushQueue.tasksExecuted,1784807402659000000,1784807462661000000,0
AWTEventQueue.dispatchTimeAvgNs,1784807402659000000,1784807462661000000,0.0
AWTEventQueue.eventsDispatched,1784807402659000000,1784807462661000000,0
AWTEventQueue.dispatchTime90PNs,1784807402659000000,1784807462661000000,0
writeAction.max.wait.ms,1784807402659000000,1784807462661000000,2
DiskQueryRelay.tasksRequested,1784807402659000000,1784807462661000000,0
DiskQueryRelay.taskWaitingTotalTimeUs,1784807402659000000,1784807462661000000,0
DiskQueryRelay.taskExecutionTotalTimeUs,1784807402659000000,1784807462661000000,0
writeAction.median.wait.ms,1784807402659000000,1784807462661000000,0
writeAction.wait.ms,1784807402659000000,1784807462661000000,0
DiskQueryRelay.tasksExecuted,1784807402659000000,1784807462661000000,0
writeAction.count,1784807402659000000,1784807462661000000,0
Indexing.writer_2.totalTimeSpentWritingMs,1784807402659000000,1784807462661000000,0
Indexing.writer_1.totalTimeSpentWritingMs,1784807402659000000,1784807462661000000,0
Indexing.cache.totalCacheMisses,1784807402659000000,1784807462661000000,0
Indexing.cache.totalCacheEvicted,1784807402659000000,1784807462661000000,0
Indexing.writer_0.totalTimeSpentWritingMs,1784807402659000000,1784807462661000000,0
Indexing.writer_3.totalTimeSpentWritingMs,1784807402659000000,1784807462661000000,0
Indexing.writesQueuedMax,1784807402659000000,1784807462661000000,0
Indexing.cache.totalCacheAccesses,1784807402659000000,1784807462661000000,0
Indexing.totalTimeIndexersSleptMs,1784807402659000000,1784807462661000000,0
Indexing.writesQueuedMin,1784807402659000000,1784807462661000000,9223372036854775807
cacheStateStorage.get.counter,1784807462661000000,1784807522652000000,0
cacheStateStorage.set.duration,1784807462661000000,1784807522652000000,0
cacheStateStorage.get.duration,1784807462661000000,1784807522652000000,0
cacheStateStorage.set.counter,1784807462661000000,1784807522652000000,0
VFS.fileByIdCache.misses,1784807462661000000,1784807522652000000,0
VFS.contentStorage.recordsDeduplicated,1784807462661000000,1784807522652000000,0
VFS.rootsCount,1784807462661000000,1784807522652000000,1.0
VFS.contentStorage.recordsReadSize,1784807462661000000,1784807522652000000,0
VFS.contentStorage.recordsUncompressedSize,1784807462661000000,1784807522652000000,0
VFS.contentStorage.recordsStoredSize,1784807462661000000,1784807522652000000,0
VFS.contentStorage.recordsDecompressionTimeUs,1784807462661000000,1784807522652000000,0
VFS.contentStorage.recordsReadDecompressed,1784807462661000000,1784807522652000000,0
VFS.fileChildByName,1784807462661000000,1784807522652000000,0
VFS.cache.filesCreated,1784807462661000000,1784807522652000000,0
VFS.contentStorage.recordsRead,1784807462661000000,1784807522652000000,0
VFS.folderCaseSensitivityReads,1784807462661000000,1784807522652000000,0
VFS.contentStorage.recordsStored,1784807462661000000,1784807522652000000,0
VFS.cache.directoriesCreated,1784807462661000000,1784807522652000000,0
VFS.fileByIdCache.hits,1784807462661000000,1784807522652000000,0
VFS.cache.segmentsCreated,1784807462661000000,1784807522652000000,0
VFS.invertedFileNameIndex.requests,1784807462661000000,1784807522652000000,0
VFS.cache.segments,1784807462661000000,1784807522652000000,2.0
FileNameCache.totalMisses,1784807462661000000,1784807522652000000,0
FileNameCache.queries,1784807462661000000,1784807522652000000,0
VFS.contentStorage.recordsStoredCompressed,1784807462661000000,1784807522652000000,0
DirectByteBufferAllocator.misses,1784807462661000000,1784807522652000000,0
StorageLockContext.competingThreads.90P,1784807462661000000,1784807522652000000,0
DirectByteBufferAllocator.hits,1784807462661000000,1784807522652000000,0
FilePageCache.pageLoads,1784807462661000000,1784807522652000000,0
StreamlinedBlobStorage.totalLiveRecordsPayloadBytes,1784807462661000000,1784807522652000000,0
FilePageCache.disposedBuffers,1784807462661000000,1784807522652000000,0
FilePageCache.pageHits,1784807462661000000,1784807522652000000,0
DirectByteBufferAllocator.reclaimed,1784807462661000000,1784807522652000000,0
StreamlinedBlobStorage.recordsRelocated,1784807462661000000,1784807522652000000,0
FilePageCache.totalPageDisposalsUs,1784807462661000000,1784807522652000000,0
FilePageCache.uncachedFileAccess,1784807462661000000,1784807522652000000,0
FileChannelInterruptsRetryer.totalRetriedAttempts,1784807462661000000,1784807522652000000,0
MappedFileStorage.totalTimeSpentOnMappingUs,1784807462661000000,1784807522652000000,3881
StorageLockContext.competingThreads.max,1784807462661000000,1784807522652000000,0
MappedFileStorage.totalPagesMapped,1784807462661000000,1784807522652000000,6
FilePageCache.totalPageLoadsUs,1784807462661000000,1784807522652000000,0
FilePageCache.maxRegisteredFiles,1784807462661000000,1784807522652000000,877
StorageLockContext.competingThreads.avg,1784807462661000000,1784807522652000000,0.0
StreamlinedBlobStorage.recordsDeleted,1784807462661000000,1784807522652000000,0
FilePageCache.pageLoadsAboveSizeThreshold,1784807462661000000,1784807522652000000,0
StreamlinedBlobStorage.recordsAllocated,1784807462661000000,1784807522652000000,0
FilePageCache.pageFastCacheHits,1784807462661000000,1784807522652000000,0
FilePageCache.maxCacheSizeInBytes,1784807462661000000,1784807522652000000,327172096
MappedFileStorage.totalBytesMapped,1784807462661000000,1784807522652000000,164626432
DirectByteBufferAllocator.totalSizeOfBuffersCachedInBytes,1784807462661000000,1784807522652000000,41959424
DirectByteBufferAllocator.totalSizeOfBuffersAllocatedInBytes,1784807462661000000,1784807522652000000,0
DirectByteBufferAllocator.disposed,1784807462661000000,1784807522652000000,0
FilePageCache.capacityInBytes,1784807462661000000,1784807522652000000,629145600
MappedFileStorage.storages,1784807462661000000,1784807522652000000,6
StreamlinedBlobStorage.totalLiveRecordsCapacityBytes,1784807462661000000,1784807522652000000,0
FlushQueue.queueSizeAvg,1784807462661000000,1784807522652000000,0.0
FlushQueue.executionTimeAvgNs,1784807462661000000,1784807522652000000,0.0
FlushQueue.waitingTime90PNs,1784807462661000000,1784807522652000000,0
FlushQueue.executionTimeMaxNs,1784807462661000000,1784807522652000000,0
AWTEventQueue.dispatchTimeMaxNs,1784807462661000000,1784807522652000000,0
FlushQueue.executionTime90PNs,1784807462661000000,1784807522652000000,0
AWTEventQueue.dispatchTimeTotalNS,1784807462661000000,1784807522652000000,14541042
FlushQueue.queueSize90P,1784807462661000000,1784807522652000000,0
FlushQueue.waitingTimeMaxNs,1784807462661000000,1784807522652000000,0
FlushQueue.waitingTimeAvgNs,1784807462661000000,1784807522652000000,0.0
WriteAction.executionsCount,1784807462661000000,1784807522652000000,0
FlushQueue.queueSizeMax,1784807462661000000,1784807522652000000,0
ReadAction.executionsCount,1784807462661000000,1784807522652000000,0
FlushQueue.tasksExecuted,1784807462661000000,1784807522652000000,0
AWTEventQueue.dispatchTimeAvgNs,1784807462661000000,1784807522652000000,0.0
AWTEventQueue.eventsDispatched,1784807462661000000,1784807522652000000,0
AWTEventQueue.dispatchTime90PNs,1784807462661000000,1784807522652000000,0
writeAction.max.wait.ms,1784807462661000000,1784807522652000000,2
DiskQueryRelay.tasksRequested,1784807462661000000,1784807522652000000,0
DiskQueryRelay.taskWaitingTotalTimeUs,1784807462661000000,1784807522652000000,0
DiskQueryRelay.taskExecutionTotalTimeUs,1784807462661000000,1784807522652000000,0
writeAction.median.wait.ms,1784807462661000000,1784807522652000000,0
writeAction.wait.ms,1784807462661000000,1784807522652000000,0
DiskQueryRelay.tasksExecuted,1784807462661000000,1784807522652000000,0
writeAction.count,1784807462661000000,1784807522652000000,0
Indexing.writer_2.totalTimeSpentWritingMs,1784807462661000000,1784807522652000000,0
Indexing.writer_1.totalTimeSpentWritingMs,1784807462661000000,1784807522652000000,0
Indexing.cache.totalCacheMisses,1784807462661000000,1784807522652000000,0
Indexing.cache.totalCacheEvicted,1784807462661000000,1784807522652000000,0
Indexing.writer_0.totalTimeSpentWritingMs,1784807462661000000,1784807522652000000,0
Indexing.writer_3.totalTimeSpentWritingMs,1784807462661000000,1784807522652000000,0
Indexing.writesQueuedMax,1784807462661000000,1784807522652000000,0
Indexing.cache.totalCacheAccesses,1784807462661000000,1784807522652000000,0
Indexing.totalTimeIndexersSleptMs,1784807462661000000,1784807522652000000,0
Indexing.writesQueuedMin,1784807462661000000,1784807522652000000,9223372036854775807
cacheStateStorage.get.counter,1784807522652000000,1784807582663000000,0
cacheStateStorage.set.duration,1784807522652000000,1784807582663000000,0
cacheStateStorage.get.duration,1784807522652000000,1784807582663000000,0
cacheStateStorage.set.counter,1784807522652000000,1784807582663000000,0
VFS.fileByIdCache.misses,1784807522652000000,1784807582663000000,0
VFS.contentStorage.recordsDeduplicated,1784807522652000000,1784807582663000000,0
VFS.rootsCount,1784807522652000000,1784807582663000000,1.0
VFS.contentStorage.recordsReadSize,1784807522652000000,1784807582663000000,0
VFS.contentStorage.recordsUncompressedSize,1784807522652000000,1784807582663000000,0
VFS.contentStorage.recordsStoredSize,1784807522652000000,1784807582663000000,0
VFS.contentStorage.recordsDecompressionTimeUs,1784807522652000000,1784807582663000000,0
VFS.contentStorage.recordsReadDecompressed,1784807522652000000,1784807582663000000,0
VFS.fileChildByName,1784807522652000000,1784807582663000000,0
VFS.cache.filesCreated,1784807522652000000,1784807582663000000,0
VFS.contentStorage.recordsRead,1784807522652000000,1784807582663000000,0
VFS.folderCaseSensitivityReads,1784807522652000000,1784807582663000000,0
VFS.contentStorage.recordsStored,1784807522652000000,1784807582663000000,0
VFS.cache.directoriesCreated,1784807522652000000,1784807582663000000,0
VFS.fileByIdCache.hits,1784807522652000000,1784807582663000000,0
VFS.cache.segmentsCreated,1784807522652000000,1784807582663000000,0
VFS.invertedFileNameIndex.requests,1784807522652000000,1784807582663000000,0
VFS.cache.segments,1784807522652000000,1784807582663000000,2.0
FileNameCache.totalMisses,1784807522652000000,1784807582663000000,0
FileNameCache.queries,1784807522652000000,1784807582663000000,0
VFS.contentStorage.recordsStoredCompressed,1784807522652000000,1784807582663000000,0
DirectByteBufferAllocator.misses,1784807522652000000,1784807582663000000,0
StorageLockContext.competingThreads.90P,1784807522652000000,1784807582663000000,0
DirectByteBufferAllocator.hits,1784807522652000000,1784807582663000000,0
FilePageCache.pageLoads,1784807522652000000,1784807582663000000,0
StreamlinedBlobStorage.totalLiveRecordsPayloadBytes,1784807522652000000,1784807582663000000,0
FilePageCache.disposedBuffers,1784807522652000000,1784807582663000000,0
FilePageCache.pageHits,1784807522652000000,1784807582663000000,0
DirectByteBufferAllocator.reclaimed,1784807522652000000,1784807582663000000,0
StreamlinedBlobStorage.recordsRelocated,1784807522652000000,1784807582663000000,0
FilePageCache.totalPageDisposalsUs,1784807522652000000,1784807582663000000,0
FilePageCache.uncachedFileAccess,1784807522652000000,1784807582663000000,0
FileChannelInterruptsRetryer.totalRetriedAttempts,1784807522652000000,1784807582663000000,0
MappedFileStorage.totalTimeSpentOnMappingUs,1784807522652000000,1784807582663000000,3881
StorageLockContext.competingThreads.max,1784807522652000000,1784807582663000000,0
MappedFileStorage.totalPagesMapped,1784807522652000000,1784807582663000000,6
FilePageCache.totalPageLoadsUs,1784807522652000000,1784807582663000000,0
FilePageCache.maxRegisteredFiles,1784807522652000000,1784807582663000000,877
StorageLockContext.competingThreads.avg,1784807522652000000,1784807582663000000,0.0
StreamlinedBlobStorage.recordsDeleted,1784807522652000000,1784807582663000000,0
FilePageCache.pageLoadsAboveSizeThreshold,1784807522652000000,1784807582663000000,0
StreamlinedBlobStorage.recordsAllocated,1784807522652000000,1784807582663000000,0
FilePageCache.pageFastCacheHits,1784807522652000000,1784807582663000000,0
FilePageCache.maxCacheSizeInBytes,1784807522652000000,1784807582663000000,327172096
MappedFileStorage.totalBytesMapped,1784807522652000000,1784807582663000000,164626432
DirectByteBufferAllocator.totalSizeOfBuffersCachedInBytes,1784807522652000000,1784807582663000000,41959424
DirectByteBufferAllocator.totalSizeOfBuffersAllocatedInBytes,1784807522652000000,1784807582663000000,0
DirectByteBufferAllocator.disposed,1784807522652000000,1784807582663000000,0
FilePageCache.capacityInBytes,1784807522652000000,1784807582663000000,629145600
MappedFileStorage.storages,1784807522652000000,1784807582663000000,6
StreamlinedBlobStorage.totalLiveRecordsCapacityBytes,1784807522652000000,1784807582663000000,0
FlushQueue.queueSizeAvg,1784807522652000000,1784807582663000000,0.0
FlushQueue.executionTimeAvgNs,1784807522652000000,1784807582663000000,0.0
FlushQueue.waitingTime90PNs,1784807522652000000,1784807582663000000,0
FlushQueue.executionTimeMaxNs,1784807522652000000,1784807582663000000,0
AWTEventQueue.dispatchTimeMaxNs,1784807522652000000,1784807582663000000,0
FlushQueue.executionTime90PNs,1784807522652000000,1784807582663000000,0
AWTEventQueue.dispatchTimeTotalNS,1784807522652000000,1784807582663000000,15272995
FlushQueue.queueSize90P,1784807522652000000,1784807582663000000,0
FlushQueue.waitingTimeMaxNs,1784807522652000000,1784807582663000000,0
FlushQueue.waitingTimeAvgNs,1784807522652000000,1784807582663000000,0.0
WriteAction.executionsCount,1784807522652000000,1784807582663000000,0
FlushQueue.queueSizeMax,1784807522652000000,1784807582663000000,0
ReadAction.executionsCount,1784807522652000000,1784807582663000000,0
FlushQueue.tasksExecuted,1784807522652000000,1784807582663000000,0
AWTEventQueue.dispatchTimeAvgNs,1784807522652000000,1784807582663000000,0.0
AWTEventQueue.eventsDispatched,1784807522652000000,1784807582663000000,0
AWTEventQueue.dispatchTime90PNs,1784807522652000000,1784807582663000000,0
writeAction.max.wait.ms,1784807522652000000,1784807582663000000,2
DiskQueryRelay.tasksRequested,1784807522652000000,1784807582663000000,0
DiskQueryRelay.taskWaitingTotalTimeUs,1784807522652000000,1784807582663000000,0
DiskQueryRelay.taskExecutionTotalTimeUs,1784807522652000000,1784807582663000000,0
writeAction.median.wait.ms,1784807522652000000,1784807582663000000,0
writeAction.wait.ms,1784807522652000000,1784807582663000000,0
DiskQueryRelay.tasksExecuted,1784807522652000000,1784807582663000000,0
writeAction.count,1784807522652000000,1784807582663000000,0
Indexing.writer_2.totalTimeSpentWritingMs,1784807522652000000,1784807582663000000,0
Indexing.writer_1.totalTimeSpentWritingMs,1784807522652000000,1784807582663000000,0
Indexing.cache.totalCacheMisses,1784807522652000000,1784807582663000000,0
Indexing.cache.totalCacheEvicted,1784807522652000000,1784807582663000000,0
Indexing.writer_0.totalTimeSpentWritingMs,1784807522652000000,1784807582663000000,0
Indexing.writer_3.totalTimeSpentWritingMs,1784807522652000000,1784807582663000000,0
Indexing.writesQueuedMax,1784807522652000000,1784807582663000000,0
Indexing.cache.totalCacheAccesses,1784807522652000000,1784807582663000000,0
Indexing.totalTimeIndexersSleptMs,1784807522652000000,1784807582663000000,0
Indexing.writesQueuedMin,1784807522652000000,1784807582663000000,9223372036854775807
cacheStateStorage.get.counter,1784807582663000000,1784807642648000000,0
cacheStateStorage.set.duration,1784807582663000000,1784807642648000000,0
cacheStateStorage.get.duration,1784807582663000000,1784807642648000000,0
cacheStateStorage.set.counter,1784807582663000000,1784807642648000000,0
VFS.fileByIdCache.misses,1784807582663000000,1784807642648000000,0
VFS.contentStorage.recordsDeduplicated,1784807582663000000,1784807642648000000,0
VFS.rootsCount,1784807582663000000,1784807642648000000,1.0
VFS.contentStorage.recordsReadSize,1784807582663000000,1784807642648000000,0
VFS.contentStorage.recordsUncompressedSize,1784807582663000000,1784807642648000000,0
VFS.contentStorage.recordsStoredSize,1784807582663000000,1784807642648000000,0
VFS.contentStorage.recordsDecompressionTimeUs,1784807582663000000,1784807642648000000,0
VFS.contentStorage.recordsReadDecompressed,1784807582663000000,1784807642648000000,0
VFS.fileChildByName,1784807582663000000,1784807642648000000,0
VFS.cache.filesCreated,1784807582663000000,1784807642648000000,0
VFS.contentStorage.recordsRead,1784807582663000000,1784807642648000000,0
VFS.folderCaseSensitivityReads,1784807582663000000,1784807642648000000,0
VFS.contentStorage.recordsStored,1784807582663000000,1784807642648000000,0
VFS.cache.directoriesCreated,1784807582663000000,1784807642648000000,0
VFS.fileByIdCache.hits,1784807582663000000,1784807642648000000,0
VFS.cache.segmentsCreated,1784807582663000000,1784807642648000000,0
VFS.invertedFileNameIndex.requests,1784807582663000000,1784807642648000000,0
VFS.cache.segments,1784807582663000000,1784807642648000000,2.0
FileNameCache.totalMisses,1784807582663000000,1784807642648000000,0
FileNameCache.queries,1784807582663000000,1784807642648000000,0
VFS.contentStorage.recordsStoredCompressed,1784807582663000000,1784807642648000000,0
DirectByteBufferAllocator.misses,1784807582663000000,1784807642648000000,0
StorageLockContext.competingThreads.90P,1784807582663000000,1784807642648000000,0
DirectByteBufferAllocator.hits,1784807582663000000,1784807642648000000,0
FilePageCache.pageLoads,1784807582663000000,1784807642648000000,0
StreamlinedBlobStorage.totalLiveRecordsPayloadBytes,1784807582663000000,1784807642648000000,0
FilePageCache.disposedBuffers,1784807582663000000,1784807642648000000,0
FilePageCache.pageHits,1784807582663000000,1784807642648000000,0
DirectByteBufferAllocator.reclaimed,1784807582663000000,1784807642648000000,0
StreamlinedBlobStorage.recordsRelocated,1784807582663000000,1784807642648000000,0
FilePageCache.totalPageDisposalsUs,1784807582663000000,1784807642648000000,0
FilePageCache.uncachedFileAccess,1784807582663000000,1784807642648000000,0
FileChannelInterruptsRetryer.totalRetriedAttempts,1784807582663000000,1784807642648000000,0
MappedFileStorage.totalTimeSpentOnMappingUs,1784807582663000000,1784807642648000000,3881
StorageLockContext.competingThreads.max,1784807582663000000,1784807642648000000,0
MappedFileStorage.totalPagesMapped,1784807582663000000,1784807642648000000,6
FilePageCache.totalPageLoadsUs,1784807582663000000,1784807642648000000,0
FilePageCache.maxRegisteredFiles,1784807582663000000,1784807642648000000,877
StorageLockContext.competingThreads.avg,1784807582663000000,1784807642648000000,0.0
StreamlinedBlobStorage.recordsDeleted,1784807582663000000,1784807642648000000,0
FilePageCache.pageLoadsAboveSizeThreshold,1784807582663000000,1784807642648000000,0
StreamlinedBlobStorage.recordsAllocated,1784807582663000000,1784807642648000000,0
FilePageCache.pageFastCacheHits,1784807582663000000,1784807642648000000,0
FilePageCache.maxCacheSizeInBytes,1784807582663000000,1784807642648000000,327172096
MappedFileStorage.totalBytesMapped,1784807582663000000,1784807642648000000,164626432
DirectByteBufferAllocator.totalSizeOfBuffersCachedInBytes,1784807582663000000,1784807642648000000,41959424
DirectByteBufferAllocator.totalSizeOfBuffersAllocatedInBytes,1784807582663000000,1784807642648000000,0
DirectByteBufferAllocator.disposed,1784807582663000000,1784807642648000000,0
FilePageCache.capacityInBytes,1784807582663000000,1784807642648000000,629145600
MappedFileStorage.storages,1784807582663000000,1784807642648000000,6
StreamlinedBlobStorage.totalLiveRecordsCapacityBytes,1784807582663000000,1784807642648000000,0
FlushQueue.queueSizeAvg,1784807582663000000,1784807642648000000,0.0
FlushQueue.executionTimeAvgNs,1784807582663000000,1784807642648000000,0.0
FlushQueue.waitingTime90PNs,1784807582663000000,1784807642648000000,0
FlushQueue.executionTimeMaxNs,1784807582663000000,1784807642648000000,0
AWTEventQueue.dispatchTimeMaxNs,1784807582663000000,1784807642648000000,0
FlushQueue.executionTime90PNs,1784807582663000000,1784807642648000000,0
AWTEventQueue.dispatchTimeTotalNS,1784807582663000000,1784807642648000000,14365206
FlushQueue.queueSize90P,1784807582663000000,1784807642648000000,0
FlushQueue.waitingTimeMaxNs,1784807582663000000,1784807642648000000,0
FlushQueue.waitingTimeAvgNs,1784807582663000000,1784807642648000000,0.0
WriteAction.executionsCount,1784807582663000000,1784807642648000000,0
FlushQueue.queueSizeMax,1784807582663000000,1784807642648000000,0
ReadAction.executionsCount,1784807582663000000,1784807642648000000,0
FlushQueue.tasksExecuted,1784807582663000000,1784807642648000000,0
AWTEventQueue.dispatchTimeAvgNs,1784807582663000000,1784807642648000000,0.0
AWTEventQueue.eventsDispatched,1784807582663000000,1784807642648000000,0
AWTEventQueue.dispatchTime90PNs,1784807582663000000,1784807642648000000,0
writeAction.max.wait.ms,1784807582663000000,1784807642648000000,2
DiskQueryRelay.tasksRequested,1784807582663000000,1784807642648000000,0
DiskQueryRelay.taskWaitingTotalTimeUs,1784807582663000000,1784807642648000000,0
DiskQueryRelay.taskExecutionTotalTimeUs,1784807582663000000,1784807642648000000,0
writeAction.median.wait.ms,1784807582663000000,1784807642648000000,0
writeAction.wait.ms,1784807582663000000,1784807642648000000,0
DiskQueryRelay.tasksExecuted,1784807582663000000,1784807642648000000,0
writeAction.count,1784807582663000000,1784807642648000000,0
Indexing.writer_2.totalTimeSpentWritingMs,1784807582663000000,1784807642648000000,0
Indexing.writer_1.totalTimeSpentWritingMs,1784807582663000000,1784807642648000000,0
Indexing.cache.totalCacheMisses,1784807582663000000,1784807642648000000,0
Indexing.cache.totalCacheEvicted,1784807582663000000,1784807642648000000,0
Indexing.writer_0.totalTimeSpentWritingMs,1784807582663000000,1784807642648000000,0
Indexing.writer_3.totalTimeSpentWritingMs,1784807582663000000,1784807642648000000,0
Indexing.writesQueuedMax,1784807582663000000,1784807642648000000,0
Indexing.cache.totalCacheAccesses,1784807582663000000,1784807642648000000,0
Indexing.totalTimeIndexersSleptMs,1784807582663000000,1784807642648000000,0
Indexing.writesQueuedMin,1784807582663000000,1784807642648000000,9223372036854775807
cacheStateStorage.get.counter,1784807642648000000,1784807702657000000,0
cacheStateStorage.set.duration,1784807642648000000,1784807702657000000,0
cacheStateStorage.get.duration,1784807642648000000,1784807702657000000,0
cacheStateStorage.set.counter,1784807642648000000,1784807702657000000,0
VFS.fileByIdCache.misses,1784807642648000000,1784807702657000000,0
VFS.contentStorage.recordsDeduplicated,1784807642648000000,1784807702657000000,0
VFS.rootsCount,1784807642648000000,1784807702657000000,1.0
VFS.contentStorage.recordsReadSize,1784807642648000000,1784807702657000000,0
VFS.contentStorage.recordsUncompressedSize,1784807642648000000,1784807702657000000,0
VFS.contentStorage.recordsStoredSize,1784807642648000000,1784807702657000000,0
VFS.contentStorage.recordsDecompressionTimeUs,1784807642648000000,1784807702657000000,0
VFS.contentStorage.recordsReadDecompressed,1784807642648000000,1784807702657000000,0
VFS.fileChildByName,1784807642648000000,1784807702657000000,0
VFS.cache.filesCreated,1784807642648000000,1784807702657000000,0
VFS.contentStorage.recordsRead,1784807642648000000,1784807702657000000,0
VFS.folderCaseSensitivityReads,1784807642648000000,1784807702657000000,0
VFS.contentStorage.recordsStored,1784807642648000000,1784807702657000000,0
VFS.cache.directoriesCreated,1784807642648000000,1784807702657000000,0
VFS.fileByIdCache.hits,1784807642648000000,1784807702657000000,0
VFS.cache.segmentsCreated,1784807642648000000,1784807702657000000,0
VFS.invertedFileNameIndex.requests,1784807642648000000,1784807702657000000,0
VFS.cache.segments,1784807642648000000,1784807702657000000,2.0
FileNameCache.totalMisses,1784807642648000000,1784807702657000000,0
FileNameCache.queries,1784807642648000000,1784807702657000000,0
VFS.contentStorage.recordsStoredCompressed,1784807642648000000,1784807702657000000,0
DirectByteBufferAllocator.misses,1784807642648000000,1784807702657000000,0
StorageLockContext.competingThreads.90P,1784807642648000000,1784807702657000000,0
DirectByteBufferAllocator.hits,1784807642648000000,1784807702657000000,0
FilePageCache.pageLoads,1784807642648000000,1784807702657000000,0
StreamlinedBlobStorage.totalLiveRecordsPayloadBytes,1784807642648000000,1784807702657000000,0
FilePageCache.disposedBuffers,1784807642648000000,1784807702657000000,0
FilePageCache.pageHits,1784807642648000000,1784807702657000000,0
DirectByteBufferAllocator.reclaimed,1784807642648000000,1784807702657000000,0
StreamlinedBlobStorage.recordsRelocated,1784807642648000000,1784807702657000000,0
FilePageCache.totalPageDisposalsUs,1784807642648000000,1784807702657000000,0
FilePageCache.uncachedFileAccess,1784807642648000000,1784807702657000000,0
FileChannelInterruptsRetryer.totalRetriedAttempts,1784807642648000000,1784807702657000000,0
MappedFileStorage.totalTimeSpentOnMappingUs,1784807642648000000,1784807702657000000,3881
StorageLockContext.competingThreads.max,1784807642648000000,1784807702657000000,0
MappedFileStorage.totalPagesMapped,1784807642648000000,1784807702657000000,6
FilePageCache.totalPageLoadsUs,1784807642648000000,1784807702657000000,0
FilePageCache.maxRegisteredFiles,1784807642648000000,1784807702657000000,877
StorageLockContext.competingThreads.avg,1784807642648000000,1784807702657000000,0.0
StreamlinedBlobStorage.recordsDeleted,1784807642648000000,1784807702657000000,0
FilePageCache.pageLoadsAboveSizeThreshold,1784807642648000000,1784807702657000000,0
StreamlinedBlobStorage.recordsAllocated,1784807642648000000,1784807702657000000,0
FilePageCache.pageFastCacheHits,1784807642648000000,1784807702657000000,0
FilePageCache.maxCacheSizeInBytes,1784807642648000000,1784807702657000000,327172096
MappedFileStorage.totalBytesMapped,1784807642648000000,1784807702657000000,164626432
DirectByteBufferAllocator.totalSizeOfBuffersCachedInBytes,1784807642648000000,1784807702657000000,41959424
DirectByteBufferAllocator.totalSizeOfBuffersAllocatedInBytes,1784807642648000000,1784807702657000000,0
DirectByteBufferAllocator.disposed,1784807642648000000,1784807702657000000,0
FilePageCache.capacityInBytes,1784807642648000000,1784807702657000000,629145600
MappedFileStorage.storages,1784807642648000000,1784807702657000000,6
StreamlinedBlobStorage.totalLiveRecordsCapacityBytes,1784807642648000000,1784807702657000000,0
FlushQueue.queueSizeAvg,1784807642648000000,1784807702657000000,0.0
FlushQueue.executionTimeAvgNs,1784807642648000000,1784807702657000000,0.0
FlushQueue.waitingTime90PNs,1784807642648000000,1784807702657000000,0
FlushQueue.executionTimeMaxNs,1784807642648000000,1784807702657000000,0
AWTEventQueue.dispatchTimeMaxNs,1784807642648000000,1784807702657000000,0
FlushQueue.executionTime90PNs,1784807642648000000,1784807702657000000,0
AWTEventQueue.dispatchTimeTotalNS,1784807642648000000,1784807702657000000,13924623
FlushQueue.queueSize90P,1784807642648000000,1784807702657000000,0
FlushQueue.waitingTimeMaxNs,1784807642648000000,1784807702657000000,0
FlushQueue.waitingTimeAvgNs,1784807642648000000,1784807702657000000,0.0
WriteAction.executionsCount,1784807642648000000,1784807702657000000,0
FlushQueue.queueSizeMax,1784807642648000000,1784807702657000000,0
ReadAction.executionsCount,1784807642648000000,1784807702657000000,0
FlushQueue.tasksExecuted,1784807642648000000,1784807702657000000,0
AWTEventQueue.dispatchTimeAvgNs,1784807642648000000,1784807702657000000,0.0
AWTEventQueue.eventsDispatched,1784807642648000000,1784807702657000000,0
AWTEventQueue.dispatchTime90PNs,1784807642648000000,1784807702657000000,0
writeAction.max.wait.ms,1784807642648000000,1784807702657000000,2
DiskQueryRelay.tasksRequested,1784807642648000000,1784807702657000000,0
DiskQueryRelay.taskWaitingTotalTimeUs,1784807642648000000,1784807702657000000,0
DiskQueryRelay.taskExecutionTotalTimeUs,1784807642648000000,1784807702657000000,0
writeAction.median.wait.ms,1784807642648000000,1784807702657000000,0
writeAction.wait.ms,1784807642648000000,1784807702657000000,0
DiskQueryRelay.tasksExecuted,1784807642648000000,1784807702657000000,0
writeAction.count,1784807642648000000,1784807702657000000,0
Indexing.writer_2.totalTimeSpentWritingMs,1784807642648000000,1784807702657000000,0
Indexing.writer_1.totalTimeSpentWritingMs,1784807642648000000,1784807702657000000,0
Indexing.cache.totalCacheMisses,1784807642648000000,1784807702657000000,0
Indexing.cache.totalCacheEvicted,1784807642648000000,1784807702657000000,0
Indexing.writer_0.totalTimeSpentWritingMs,1784807642648000000,1784807702657000000,0
Indexing.writer_3.totalTimeSpentWritingMs,1784807642648000000,1784807702657000000,0
Indexing.writesQueuedMax,1784807642648000000,1784807702657000000,0
Indexing.cache.totalCacheAccesses,1784807642648000000,1784807702657000000,0
Indexing.totalTimeIndexersSleptMs,1784807642648000000,1784807702657000000,0
Indexing.writesQueuedMin,1784807642648000000,1784807702657000000,9223372036854775807
cacheStateStorage.get.counter,1784807702657000000,1784807762655000000,0
cacheStateStorage.set.duration,1784807702657000000,1784807762655000000,0
cacheStateStorage.get.duration,1784807702657000000,1784807762655000000,0
cacheStateStorage.set.counter,1784807702657000000,1784807762655000000,0
VFS.fileByIdCache.misses,1784807702657000000,1784807762655000000,0
VFS.contentStorage.recordsDeduplicated,1784807702657000000,1784807762655000000,0
VFS.rootsCount,1784807702657000000,1784807762655000000,2.0
VFS.contentStorage.recordsReadSize,1784807702657000000,1784807762655000000,0
VFS.contentStorage.recordsUncompressedSize,1784807702657000000,1784807762655000000,0
VFS.contentStorage.recordsStoredSize,1784807702657000000,1784807762655000000,0
VFS.contentStorage.recordsDecompressionTimeUs,1784807702657000000,1784807762655000000,0
VFS.contentStorage.recordsReadDecompressed,1784807702657000000,1784807762655000000,0
VFS.fileChildByName,1784807702657000000,1784807762655000000,1
VFS.cache.filesCreated,1784807702657000000,1784807762655000000,0
VFS.contentStorage.recordsRead,1784807702657000000,1784807762655000000,0
VFS.folderCaseSensitivityReads,1784807702657000000,1784807762655000000,0
VFS.contentStorage.recordsStored,1784807702657000000,1784807762655000000,0
VFS.cache.directoriesCreated,1784807702657000000,1784807762655000000,2
VFS.fileByIdCache.hits,1784807702657000000,1784807762655000000,0
VFS.cache.segmentsCreated,1784807702657000000,1784807762655000000,1
VFS.invertedFileNameIndex.requests,1784807702657000000,1784807762655000000,0
VFS.cache.segments,1784807702657000000,1784807762655000000,3.0
FileNameCache.totalMisses,1784807702657000000,1784807762655000000,0
FileNameCache.queries,1784807702657000000,1784807762655000000,0
VFS.contentStorage.recordsStoredCompressed,1784807702657000000,1784807762655000000,0
DirectByteBufferAllocator.misses,1784807702657000000,1784807762655000000,0
StorageLockContext.competingThreads.90P,1784807702657000000,1784807762655000000,0
DirectByteBufferAllocator.hits,1784807702657000000,1784807762655000000,0
FilePageCache.pageLoads,1784807702657000000,1784807762655000000,0
StreamlinedBlobStorage.totalLiveRecordsPayloadBytes,1784807702657000000,1784807762655000000,0
FilePageCache.disposedBuffers,1784807702657000000,1784807762655000000,0
FilePageCache.pageHits,1784807702657000000,1784807762655000000,0
DirectByteBufferAllocator.reclaimed,1784807702657000000,1784807762655000000,0
StreamlinedBlobStorage.recordsRelocated,1784807702657000000,1784807762655000000,0
FilePageCache.totalPageDisposalsUs,1784807702657000000,1784807762655000000,0
FilePageCache.uncachedFileAccess,1784807702657000000,1784807762655000000,0
FileChannelInterruptsRetryer.totalRetriedAttempts,1784807702657000000,1784807762655000000,0
MappedFileStorage.totalTimeSpentOnMappingUs,1784807702657000000,1784807762655000000,3881
StorageLockContext.competingThreads.max,1784807702657000000,1784807762655000000,0
MappedFileStorage.totalPagesMapped,1784807702657000000,1784807762655000000,6
FilePageCache.totalPageLoadsUs,1784807702657000000,1784807762655000000,0
FilePageCache.maxRegisteredFiles,1784807702657000000,1784807762655000000,877
StorageLockContext.competingThreads.avg,1784807702657000000,1784807762655000000,0.0
StreamlinedBlobStorage.recordsDeleted,1784807702657000000,1784807762655000000,0
FilePageCache.pageLoadsAboveSizeThreshold,1784807702657000000,1784807762655000000,0
StreamlinedBlobStorage.recordsAllocated,1784807702657000000,1784807762655000000,0
FilePageCache.pageFastCacheHits,1784807702657000000,1784807762655000000,0
FilePageCache.maxCacheSizeInBytes,1784807702657000000,1784807762655000000,327172096
MappedFileStorage.totalBytesMapped,1784807702657000000,1784807762655000000,164626432
DirectByteBufferAllocator.totalSizeOfBuffersCachedInBytes,1784807702657000000,1784807762655000000,41959424
DirectByteBufferAllocator.totalSizeOfBuffersAllocatedInBytes,1784807702657000000,1784807762655000000,0
DirectByteBufferAllocator.disposed,1784807702657000000,1784807762655000000,0
FilePageCache.capacityInBytes,1784807702657000000,1784807762655000000,629145600
MappedFileStorage.storages,1784807702657000000,1784807762655000000,6
StreamlinedBlobStorage.totalLiveRecordsCapacityBytes,1784807702657000000,1784807762655000000,0
FlushQueue.queueSizeAvg,1784807702657000000,1784807762655000000,0.0
FlushQueue.executionTimeAvgNs,1784807702657000000,1784807762655000000,0.0
FlushQueue.waitingTime90PNs,1784807702657000000,1784807762655000000,0
FlushQueue.executionTimeMaxNs,1784807702657000000,1784807762655000000,0
AWTEventQueue.dispatchTimeMaxNs,1784807702657000000,1784807762655000000,0
FlushQueue.executionTime90PNs,1784807702657000000,1784807762655000000,0
AWTEventQueue.dispatchTimeTotalNS,1784807702657000000,1784807762655000000,34616504
FlushQueue.queueSize90P,1784807702657000000,1784807762655000000,0
FlushQueue.waitingTimeMaxNs,1784807702657000000,1784807762655000000,0
FlushQueue.waitingTimeAvgNs,1784807702657000000,1784807762655000000,0.0
WriteAction.executionsCount,1784807702657000000,1784807762655000000,0
FlushQueue.queueSizeMax,1784807702657000000,1784807762655000000,0
ReadAction.executionsCount,1784807702657000000,1784807762655000000,1
FlushQueue.tasksExecuted,1784807702657000000,1784807762655000000,0
AWTEventQueue.dispatchTimeAvgNs,1784807702657000000,1784807762655000000,0.0
AWTEventQueue.eventsDispatched,1784807702657000000,1784807762655000000,0
AWTEventQueue.dispatchTime90PNs,1784807702657000000,1784807762655000000,0
writeAction.max.wait.ms,1784807702657000000,1784807762655000000,2
DiskQueryRelay.tasksRequested,1784807702657000000,1784807762655000000,0
DiskQueryRelay.taskWaitingTotalTimeUs,1784807702657000000,1784807762655000000,0
DiskQueryRelay.taskExecutionTotalTimeUs,1784807702657000000,1784807762655000000,0
writeAction.median.wait.ms,1784807702657000000,1784807762655000000,0
writeAction.wait.ms,1784807702657000000,1784807762655000000,0
DiskQueryRelay.tasksExecuted,1784807702657000000,1784807762655000000,0
writeAction.count,1784807702657000000,1784807762655000000,0
Indexing.cache.totalCacheMisses,1784807702657000000,1784807762655000000,0
Indexes.stubs.lookupDuration90PMs,1784807702657000000,1784807762655000000,0.0
Indexing.cache.totalCacheEvicted,1784807702657000000,1784807762655000000,0
Indexing.writer_0.totalTimeSpentWritingMs,1784807702657000000,1784807762655000000,0
Indexes.allKeys.lookupDurationAvgMs,1784807702657000000,1784807762655000000,0.0
Indexes.entries.lookupDurationAvgMs,1784807702657000000,1784807762655000000,0.0
Indexes.allKeys.lookupDurationMaxMs,1784807702657000000,1784807762655000000,0.0
Indexing.writesQueuedMax,1784807702657000000,1784807762655000000,0
Indexes.allKeys.lookups,1784807702657000000,1784807762655000000,0
Indexing.cache.totalCacheAccesses,1784807702657000000,1784807762655000000,0
Indexing.totalTimeIndexersSleptMs,1784807702657000000,1784807762655000000,0
Indexing.writesQueuedMin,1784807702657000000,1784807762655000000,9223372036854775807
Indexes.stubs.lookupDurationAvgMs,1784807702657000000,1784807762655000000,0.0
Indexing.writer_2.totalTimeSpentWritingMs,1784807702657000000,1784807762655000000,0
Indexes.entries.lookupDuration90PMs,1784807702657000000,1784807762655000000,0.0
Indexing.writer_1.totalTimeSpentWritingMs,1784807702657000000,1784807762655000000,0
Indexes.stubs.lookups,1784807702657000000,1784807762655000000,0
Indexes.stubs.lookupDurationMaxMs,1784807702657000000,1784807762655000000,0.0
Indexes.entries.lookupDurationMaxMs,1784807702657000000,1784807762655000000,0.0
Indexing.writer_3.totalTimeSpentWritingMs,1784807702657000000,1784807762655000000,0
Indexes.entries.lookups,1784807702657000000,1784807762655000000,0
Indexes.allKeys.lookupDuration90PMs,1784807702657000000,1784807762655000000,0.0
cacheStateStorage.get.counter,1784807762655000000,1784807822647000000,0
cacheStateStorage.set.duration,1784807762655000000,1784807822647000000,0
cacheStateStorage.get.duration,1784807762655000000,1784807822647000000,0
cacheStateStorage.set.counter,1784807762655000000,1784807822647000000,0
VFS.fileByIdCache.misses,1784807762655000000,1784807822647000000,0
VFS.contentStorage.recordsDeduplicated,1784807762655000000,1784807822647000000,0
VFS.rootsCount,1784807762655000000,1784807822647000000,2.0
VFS.contentStorage.recordsReadSize,1784807762655000000,1784807822647000000,0
VFS.contentStorage.recordsUncompressedSize,1784807762655000000,1784807822647000000,0
VFS.contentStorage.recordsStoredSize,1784807762655000000,1784807822647000000,0
VFS.contentStorage.recordsDecompressionTimeUs,1784807762655000000,1784807822647000000,0
VFS.contentStorage.recordsReadDecompressed,1784807762655000000,1784807822647000000,0
VFS.fileChildByName,1784807762655000000,1784807822647000000,0
VFS.cache.filesCreated,1784807762655000000,1784807822647000000,0
VFS.contentStorage.recordsRead,1784807762655000000,1784807822647000000,0
VFS.folderCaseSensitivityReads,1784807762655000000,1784807822647000000,0
VFS.contentStorage.recordsStored,1784807762655000000,1784807822647000000,0
VFS.cache.directoriesCreated,1784807762655000000,1784807822647000000,0
VFS.fileByIdCache.hits,1784807762655000000,1784807822647000000,0
VFS.cache.segmentsCreated,1784807762655000000,1784807822647000000,0
VFS.invertedFileNameIndex.requests,1784807762655000000,1784807822647000000,0
VFS.cache.segments,1784807762655000000,1784807822647000000,3.0
FileNameCache.totalMisses,1784807762655000000,1784807822647000000,0
FileNameCache.queries,1784807762655000000,1784807822647000000,0
VFS.contentStorage.recordsStoredCompressed,1784807762655000000,1784807822647000000,0
DirectByteBufferAllocator.misses,1784807762655000000,1784807822647000000,0
StorageLockContext.competingThreads.90P,1784807762655000000,1784807822647000000,0
DirectByteBufferAllocator.hits,1784807762655000000,1784807822647000000,0
FilePageCache.pageLoads,1784807762655000000,1784807822647000000,0
StreamlinedBlobStorage.totalLiveRecordsPayloadBytes,1784807762655000000,1784807822647000000,0
FilePageCache.disposedBuffers,1784807762655000000,1784807822647000000,0
FilePageCache.pageHits,1784807762655000000,1784807822647000000,0
DirectByteBufferAllocator.reclaimed,1784807762655000000,1784807822647000000,0
StreamlinedBlobStorage.recordsRelocated,1784807762655000000,1784807822647000000,0
FilePageCache.totalPageDisposalsUs,1784807762655000000,1784807822647000000,0
FilePageCache.uncachedFileAccess,1784807762655000000,1784807822647000000,0
FileChannelInterruptsRetryer.totalRetriedAttempts,1784807762655000000,1784807822647000000,0
MappedFileStorage.totalTimeSpentOnMappingUs,1784807762655000000,1784807822647000000,3881
StorageLockContext.competingThreads.max,1784807762655000000,1784807822647000000,0
MappedFileStorage.totalPagesMapped,1784807762655000000,1784807822647000000,6
FilePageCache.totalPageLoadsUs,1784807762655000000,1784807822647000000,0
FilePageCache.maxRegisteredFiles,1784807762655000000,1784807822647000000,877
StorageLockContext.competingThreads.avg,1784807762655000000,1784807822647000000,0.0
StreamlinedBlobStorage.recordsDeleted,1784807762655000000,1784807822647000000,0
FilePageCache.pageLoadsAboveSizeThreshold,1784807762655000000,1784807822647000000,0
StreamlinedBlobStorage.recordsAllocated,1784807762655000000,1784807822647000000,0
FilePageCache.pageFastCacheHits,1784807762655000000,1784807822647000000,0
FilePageCache.maxCacheSizeInBytes,1784807762655000000,1784807822647000000,327172096
MappedFileStorage.totalBytesMapped,1784807762655000000,1784807822647000000,164626432
DirectByteBufferAllocator.totalSizeOfBuffersCachedInBytes,1784807762655000000,1784807822647000000,41959424
DirectByteBufferAllocator.totalSizeOfBuffersAllocatedInBytes,1784807762655000000,1784807822647000000,0
DirectByteBufferAllocator.disposed,1784807762655000000,1784807822647000000,0
FilePageCache.capacityInBytes,1784807762655000000,1784807822647000000,629145600
MappedFileStorage.storages,1784807762655000000,1784807822647000000,6
StreamlinedBlobStorage.totalLiveRecordsCapacityBytes,1784807762655000000,1784807822647000000,0
FlushQueue.queueSizeAvg,1784807762655000000,1784807822647000000,0.0
FlushQueue.executionTimeAvgNs,1784807762655000000,1784807822647000000,0.0
FlushQueue.waitingTime90PNs,1784807762655000000,1784807822647000000,0
FlushQueue.executionTimeMaxNs,1784807762655000000,1784807822647000000,0
AWTEventQueue.dispatchTimeMaxNs,1784807762655000000,1784807822647000000,0
FlushQueue.executionTime90PNs,1784807762655000000,1784807822647000000,0
AWTEventQueue.dispatchTimeTotalNS,1784807762655000000,1784807822647000000,13891912
FlushQueue.queueSize90P,1784807762655000000,1784807822647000000,0
FlushQueue.waitingTimeMaxNs,1784807762655000000,1784807822647000000,0
FlushQueue.waitingTimeAvgNs,1784807762655000000,1784807822647000000,0.0
WriteAction.executionsCount,1784807762655000000,1784807822647000000,0
FlushQueue.queueSizeMax,1784807762655000000,1784807822647000000,0
ReadAction.executionsCount,1784807762655000000,1784807822647000000,6383
FlushQueue.tasksExecuted,1784807762655000000,1784807822647000000,0
AWTEventQueue.dispatchTimeAvgNs,1784807762655000000,1784807822647000000,0.0
AWTEventQueue.eventsDispatched,1784807762655000000,1784807822647000000,0
AWTEventQueue.dispatchTime90PNs,1784807762655000000,1784807822647000000,0
writeAction.max.wait.ms,1784807762655000000,1784807822647000000,2
DiskQueryRelay.tasksRequested,1784807762655000000,1784807822647000000,0
DiskQueryRelay.taskWaitingTotalTimeUs,1784807762655000000,1784807822647000000,0
DiskQueryRelay.taskExecutionTotalTimeUs,1784807762655000000,1784807822647000000,0
writeAction.median.wait.ms,1784807762655000000,1784807822647000000,0
writeAction.wait.ms,1784807762655000000,1784807822647000000,0
DiskQueryRelay.tasksExecuted,1784807762655000000,1784807822647000000,0
writeAction.count,1784807762655000000,1784807822647000000,0
Indexing.cache.totalCacheMisses,1784807762655000000,1784807822647000000,0
Indexes.stubs.lookupDuration90PMs,1784807762655000000,1784807822647000000,0.0
Indexing.cache.totalCacheEvicted,1784807762655000000,1784807822647000000,0
Indexing.writer_0.totalTimeSpentWritingMs,1784807762655000000,1784807822647000000,0
Indexes.allKeys.lookupDurationAvgMs,1784807762655000000,1784807822647000000,0.0
Indexes.entries.lookupDurationAvgMs,1784807762655000000,1784807822647000000,0.0
Indexes.allKeys.lookupDurationMaxMs,1784807762655000000,1784807822647000000,0.0
Indexing.writesQueuedMax,1784807762655000000,1784807822647000000,0
Indexes.allKeys.lookups,1784807762655000000,1784807822647000000,0
Indexing.cache.totalCacheAccesses,1784807762655000000,1784807822647000000,0
Indexing.totalTimeIndexersSleptMs,1784807762655000000,1784807822647000000,0
Indexing.writesQueuedMin,1784807762655000000,1784807822647000000,9223372036854775807
Indexes.stubs.lookupDurationAvgMs,1784807762655000000,1784807822647000000,0.0
Indexing.writer_2.totalTimeSpentWritingMs,1784807762655000000,1784807822647000000,0
Indexes.entries.lookupDuration90PMs,1784807762655000000,1784807822647000000,0.0
Indexing.writer_1.totalTimeSpentWritingMs,1784807762655000000,1784807822647000000,0
Indexes.stubs.lookups,1784807762655000000,1784807822647000000,0
Indexes.stubs.lookupDurationMaxMs,1784807762655000000,1784807822647000000,0.0
Indexes.entries.lookupDurationMaxMs,1784807762655000000,1784807822647000000,0.0
Indexing.writer_3.totalTimeSpentWritingMs,1784807762655000000,1784807822647000000,0
Indexes.entries.lookups,1784807762655000000,1784807822647000000,0
Indexes.allKeys.lookupDuration90PMs,1784807762655000000,1784807822647000000,0.0
cacheStateStorage.get.counter,1784807822647000000,1784807882657000000,0
cacheStateStorage.set.duration,1784807822647000000,1784807882657000000,0
cacheStateStorage.get.duration,1784807822647000000,1784807882657000000,0
cacheStateStorage.set.counter,1784807822647000000,1784807882657000000,0
VFS.fileByIdCache.misses,1784807822647000000,1784807882657000000,0
VFS.contentStorage.recordsDeduplicated,1784807822647000000,1784807882657000000,0
VFS.rootsCount,1784807822647000000,1784807882657000000,2.0
VFS.contentStorage.recordsReadSize,1784807822647000000,1784807882657000000,0
VFS.contentStorage.recordsUncompressedSize,1784807822647000000,1784807882657000000,0
VFS.contentStorage.recordsStoredSize,1784807822647000000,1784807882657000000,0
VFS.contentStorage.recordsDecompressionTimeUs,1784807822647000000,1784807882657000000,0
VFS.contentStorage.recordsReadDecompressed,1784807822647000000,1784807882657000000,0
VFS.fileChildByName,1784807822647000000,1784807882657000000,0
VFS.cache.filesCreated,1784807822647000000,1784807882657000000,0
VFS.contentStorage.recordsRead,1784807822647000000,1784807882657000000,0
VFS.folderCaseSensitivityReads,1784807822647000000,1784807882657000000,0
VFS.contentStorage.recordsStored,1784807822647000000,1784807882657000000,0
VFS.cache.directoriesCreated,1784807822647000000,1784807882657000000,0
VFS.fileByIdCache.hits,1784807822647000000,1784807882657000000,0
VFS.cache.segmentsCreated,1784807822647000000,1784807882657000000,0
VFS.invertedFileNameIndex.requests,1784807822647000000,1784807882657000000,0
VFS.cache.segments,1784807822647000000,1784807882657000000,3.0
FileNameCache.totalMisses,1784807822647000000,1784807882657000000,0
FileNameCache.queries,1784807822647000000,1784807882657000000,0
VFS.contentStorage.recordsStoredCompressed,1784807822647000000,1784807882657000000,0
DirectByteBufferAllocator.misses,1784807822647000000,1784807882657000000,0
StorageLockContext.competingThreads.90P,1784807822647000000,1784807882657000000,0
DirectByteBufferAllocator.hits,1784807822647000000,1784807882657000000,0
FilePageCache.pageLoads,1784807822647000000,1784807882657000000,0
StreamlinedBlobStorage.totalLiveRecordsPayloadBytes,1784807822647000000,1784807882657000000,0
FilePageCache.disposedBuffers,1784807822647000000,1784807882657000000,0
FilePageCache.pageHits,1784807822647000000,1784807882657000000,0
DirectByteBufferAllocator.reclaimed,1784807822647000000,1784807882657000000,0
StreamlinedBlobStorage.recordsRelocated,1784807822647000000,1784807882657000000,0
FilePageCache.totalPageDisposalsUs,1784807822647000000,1784807882657000000,0
FilePageCache.uncachedFileAccess,1784807822647000000,1784807882657000000,0
FileChannelInterruptsRetryer.totalRetriedAttempts,1784807822647000000,1784807882657000000,0
MappedFileStorage.totalTimeSpentOnMappingUs,1784807822647000000,1784807882657000000,3881
StorageLockContext.competingThreads.max,1784807822647000000,1784807882657000000,0
MappedFileStorage.totalPagesMapped,1784807822647000000,1784807882657000000,6
FilePageCache.totalPageLoadsUs,1784807822647000000,1784807882657000000,0
FilePageCache.maxRegisteredFiles,1784807822647000000,1784807882657000000,877
StorageLockContext.competingThreads.avg,1784807822647000000,1784807882657000000,0.0
StreamlinedBlobStorage.recordsDeleted,1784807822647000000,1784807882657000000,0
FilePageCache.pageLoadsAboveSizeThreshold,1784807822647000000,1784807882657000000,0
StreamlinedBlobStorage.recordsAllocated,1784807822647000000,1784807882657000000,0
FilePageCache.pageFastCacheHits,1784807822647000000,1784807882657000000,0
FilePageCache.maxCacheSizeInBytes,1784807822647000000,1784807882657000000,327172096
MappedFileStorage.totalBytesMapped,1784807822647000000,1784807882657000000,164626432
DirectByteBufferAllocator.totalSizeOfBuffersCachedInBytes,1784807822647000000,1784807882657000000,41959424
DirectByteBufferAllocator.totalSizeOfBuffersAllocatedInBytes,1784807822647000000,1784807882657000000,0
DirectByteBufferAllocator.disposed,1784807822647000000,1784807882657000000,0
FilePageCache.capacityInBytes,1784807822647000000,1784807882657000000,629145600
MappedFileStorage.storages,1784807822647000000,1784807882657000000,6
StreamlinedBlobStorage.totalLiveRecordsCapacityBytes,1784807822647000000,1784807882657000000,0
FlushQueue.queueSizeAvg,1784807822647000000,1784807882657000000,0.0
FlushQueue.executionTimeAvgNs,1784807822647000000,1784807882657000000,0.0
FlushQueue.waitingTime90PNs,1784807822647000000,1784807882657000000,0
FlushQueue.executionTimeMaxNs,1784807822647000000,1784807882657000000,0
AWTEventQueue.dispatchTimeMaxNs,1784807822647000000,1784807882657000000,0
FlushQueue.executionTime90PNs,1784807822647000000,1784807882657000000,0
AWTEventQueue.dispatchTimeTotalNS,1784807822647000000,1784807882657000000,13615374
FlushQueue.queueSize90P,1784807822647000000,1784807882657000000,0
FlushQueue.waitingTimeMaxNs,1784807822647000000,1784807882657000000,0
FlushQueue.waitingTimeAvgNs,1784807822647000000,1784807882657000000,0.0
WriteAction.executionsCount,1784807822647000000,1784807882657000000,0
FlushQueue.queueSizeMax,1784807822647000000,1784807882657000000,0
ReadAction.executionsCount,1784807822647000000,1784807882657000000,0
FlushQueue.tasksExecuted,1784807822647000000,1784807882657000000,0
AWTEventQueue.dispatchTimeAvgNs,1784807822647000000,1784807882657000000,0.0
AWTEventQueue.eventsDispatched,1784807822647000000,1784807882657000000,0
AWTEventQueue.dispatchTime90PNs,1784807822647000000,1784807882657000000,0
writeAction.max.wait.ms,1784807822647000000,1784807882657000000,2
DiskQueryRelay.tasksRequested,1784807822647000000,1784807882657000000,0
DiskQueryRelay.taskWaitingTotalTimeUs,1784807822647000000,1784807882657000000,0
DiskQueryRelay.taskExecutionTotalTimeUs,1784807822647000000,1784807882657000000,0
writeAction.median.wait.ms,1784807822647000000,1784807882657000000,0
writeAction.wait.ms,1784807822647000000,1784807882657000000,0
DiskQueryRelay.tasksExecuted,1784807822647000000,1784807882657000000,0
writeAction.count,1784807822647000000,1784807882657000000,0
Indexing.cache.totalCacheMisses,1784807822647000000,1784807882657000000,0
Indexes.stubs.lookupDuration90PMs,1784807822647000000,1784807882657000000,0.0
Indexing.cache.totalCacheEvicted,1784807822647000000,1784807882657000000,0
Indexing.writer_0.totalTimeSpentWritingMs,1784807822647000000,1784807882657000000,0
Indexes.allKeys.lookupDurationAvgMs,1784807822647000000,1784807882657000000,0.0
Indexes.entries.lookupDurationAvgMs,1784807822647000000,1784807882657000000,0.0
Indexes.allKeys.lookupDurationMaxMs,1784807822647000000,1784807882657000000,0.0
Indexing.writesQueuedMax,1784807822647000000,1784807882657000000,0
Indexes.allKeys.lookups,1784807822647000000,1784807882657000000,0
Indexing.cache.totalCacheAccesses,1784807822647000000,1784807882657000000,0
Indexing.totalTimeIndexersSleptMs,1784807822647000000,1784807882657000000,0
Indexing.writesQueuedMin,1784807822647000000,1784807882657000000,9223372036854775807
Indexes.stubs.lookupDurationAvgMs,1784807822647000000,1784807882657000000,0.0
Indexing.writer_2.totalTimeSpentWritingMs,1784807822647000000,1784807882657000000,0
Indexes.entries.lookupDuration90PMs,1784807822647000000,1784807882657000000,0.0
Indexing.writer_1.totalTimeSpentWritingMs,1784807822647000000,1784807882657000000,0
Indexes.stubs.lookups,1784807822647000000,1784807882657000000,0
Indexes.stubs.lookupDurationMaxMs,1784807822647000000,1784807882657000000,0.0
Indexes.entries.lookupDurationMaxMs,1784807822647000000,1784807882657000000,0.0
Indexing.writer_3.totalTimeSpentWritingMs,1784807822647000000,1784807882657000000,0
Indexes.entries.lookups,1784807822647000000,1784807882657000000,0
Indexes.allKeys.lookupDuration90PMs,1784807822647000000,1784807882657000000,0.0
cacheStateStorage.get.counter,1784807882657000000,1784807942657000000,0
cacheStateStorage.set.duration,1784807882657000000,1784807942657000000,0
cacheStateStorage.get.duration,1784807882657000000,1784807942657000000,0
cacheStateStorage.set.counter,1784807882657000000,1784807942657000000,0
VFS.fileByIdCache.misses,1784807882657000000,1784807942657000000,0
VFS.contentStorage.recordsDeduplicated,1784807882657000000,1784807942657000000,0
VFS.rootsCount,1784807882657000000,1784807942657000000,2.0
VFS.contentStorage.recordsReadSize,1784807882657000000,1784807942657000000,0
VFS.contentStorage.recordsUncompressedSize,1784807882657000000,1784807942657000000,0
VFS.contentStorage.recordsStoredSize,1784807882657000000,1784807942657000000,0
VFS.contentStorage.recordsDecompressionTimeUs,1784807882657000000,1784807942657000000,0
VFS.contentStorage.recordsReadDecompressed,1784807882657000000,1784807942657000000,0
VFS.fileChildByName,1784807882657000000,1784807942657000000,0
VFS.cache.filesCreated,1784807882657000000,1784807942657000000,0
VFS.contentStorage.recordsRead,1784807882657000000,1784807942657000000,0
VFS.folderCaseSensitivityReads,1784807882657000000,1784807942657000000,0
VFS.contentStorage.recordsStored,1784807882657000000,1784807942657000000,0
VFS.cache.directoriesCreated,1784807882657000000,1784807942657000000,0
VFS.fileByIdCache.hits,1784807882657000000,1784807942657000000,0
VFS.cache.segmentsCreated,1784807882657000000,1784807942657000000,0
VFS.invertedFileNameIndex.requests,1784807882657000000,1784807942657000000,0
VFS.cache.segments,1784807882657000000,1784807942657000000,3.0
FileNameCache.totalMisses,1784807882657000000,1784807942657000000,0
FileNameCache.queries,1784807882657000000,1784807942657000000,0
VFS.contentStorage.recordsStoredCompressed,1784807882657000000,1784807942657000000,0
DirectByteBufferAllocator.misses,1784807882657000000,1784807942657000000,0
StorageLockContext.competingThreads.90P,1784807882657000000,1784807942657000000,0
DirectByteBufferAllocator.hits,1784807882657000000,1784807942657000000,0
FilePageCache.pageLoads,1784807882657000000,1784807942657000000,0
StreamlinedBlobStorage.totalLiveRecordsPayloadBytes,1784807882657000000,1784807942657000000,0
FilePageCache.disposedBuffers,1784807882657000000,1784807942657000000,0
FilePageCache.pageHits,1784807882657000000,1784807942657000000,0
DirectByteBufferAllocator.reclaimed,1784807882657000000,1784807942657000000,0
StreamlinedBlobStorage.recordsRelocated,1784807882657000000,1784807942657000000,0
FilePageCache.totalPageDisposalsUs,1784807882657000000,1784807942657000000,0
FilePageCache.uncachedFileAccess,1784807882657000000,1784807942657000000,0
FileChannelInterruptsRetryer.totalRetriedAttempts,1784807882657000000,1784807942657000000,0
MappedFileStorage.totalTimeSpentOnMappingUs,1784807882657000000,1784807942657000000,3881
StorageLockContext.competingThreads.max,1784807882657000000,1784807942657000000,0
MappedFileStorage.totalPagesMapped,1784807882657000000,1784807942657000000,6
FilePageCache.totalPageLoadsUs,1784807882657000000,1784807942657000000,0
FilePageCache.maxRegisteredFiles,1784807882657000000,1784807942657000000,877
StorageLockContext.competingThreads.avg,1784807882657000000,1784807942657000000,0.0
StreamlinedBlobStorage.recordsDeleted,1784807882657000000,1784807942657000000,0
FilePageCache.pageLoadsAboveSizeThreshold,1784807882657000000,1784807942657000000,0
StreamlinedBlobStorage.recordsAllocated,1784807882657000000,1784807942657000000,0
FilePageCache.pageFastCacheHits,1784807882657000000,1784807942657000000,0
FilePageCache.maxCacheSizeInBytes,1784807882657000000,1784807942657000000,327172096
MappedFileStorage.totalBytesMapped,1784807882657000000,1784807942657000000,164626432
DirectByteBufferAllocator.totalSizeOfBuffersCachedInBytes,1784807882657000000,1784807942657000000,41959424
DirectByteBufferAllocator.totalSizeOfBuffersAllocatedInBytes,1784807882657000000,1784807942657000000,0
DirectByteBufferAllocator.disposed,1784807882657000000,1784807942657000000,0
FilePageCache.capacityInBytes,1784807882657000000,1784807942657000000,629145600
MappedFileStorage.storages,1784807882657000000,1784807942657000000,6
StreamlinedBlobStorage.totalLiveRecordsCapacityBytes,1784807882657000000,1784807942657000000,0
FlushQueue.queueSizeAvg,1784807882657000000,1784807942657000000,0.0
FlushQueue.executionTimeAvgNs,1784807882657000000,1784807942657000000,0.0
FlushQueue.waitingTime90PNs,1784807882657000000,1784807942657000000,0
FlushQueue.executionTimeMaxNs,1784807882657000000,1784807942657000000,0
AWTEventQueue.dispatchTimeMaxNs,1784807882657000000,1784807942657000000,0
FlushQueue.executionTime90PNs,1784807882657000000,1784807942657000000,0
AWTEventQueue.dispatchTimeTotalNS,1784807882657000000,1784807942657000000,14133792
FlushQueue.queueSize90P,1784807882657000000,1784807942657000000,0
FlushQueue.waitingTimeMaxNs,1784807882657000000,1784807942657000000,0
FlushQueue.waitingTimeAvgNs,1784807882657000000,1784807942657000000,0.0
WriteAction.executionsCount,1784807882657000000,1784807942657000000,0
FlushQueue.queueSizeMax,1784807882657000000,1784807942657000000,0
ReadAction.executionsCount,1784807882657000000,1784807942657000000,0
FlushQueue.tasksExecuted,1784807882657000000,1784807942657000000,0
AWTEventQueue.dispatchTimeAvgNs,1784807882657000000,1784807942657000000,0.0
AWTEventQueue.eventsDispatched,1784807882657000000,1784807942657000000,0
AWTEventQueue.dispatchTime90PNs,1784807882657000000,1784807942657000000,0
writeAction.max.wait.ms,1784807882657000000,1784807942657000000,2
DiskQueryRelay.tasksRequested,1784807882657000000,1784807942657000000,0
DiskQueryRelay.taskWaitingTotalTimeUs,1784807882657000000,1784807942657000000,0
DiskQueryRelay.taskExecutionTotalTimeUs,1784807882657000000,1784807942657000000,0
writeAction.median.wait.ms,1784807882657000000,1784807942657000000,0
writeAction.wait.ms,1784807882657000000,1784807942657000000,0
DiskQueryRelay.tasksExecuted,1784807882657000000,1784807942657000000,0
writeAction.count,1784807882657000000,1784807942657000000,0
Indexing.cache.totalCacheMisses,1784807882657000000,1784807942657000000,0
Indexes.stubs.lookupDuration90PMs,1784807882657000000,1784807942657000000,0.0
Indexing.cache.totalCacheEvicted,1784807882657000000,1784807942657000000,0
Indexing.writer_0.totalTimeSpentWritingMs,1784807882657000000,1784807942657000000,0
Indexes.allKeys.lookupDurationAvgMs,1784807882657000000,1784807942657000000,0.0
Indexes.entries.lookupDurationAvgMs,1784807882657000000,1784807942657000000,0.0
Indexes.allKeys.lookupDurationMaxMs,1784807882657000000,1784807942657000000,0.0
Indexing.writesQueuedMax,1784807882657000000,1784807942657000000,0
Indexes.allKeys.lookups,1784807882657000000,1784807942657000000,0
Indexing.cache.totalCacheAccesses,1784807882657000000,1784807942657000000,0
Indexing.totalTimeIndexersSleptMs,1784807882657000000,1784807942657000000,0
Indexing.writesQueuedMin,1784807882657000000,1784807942657000000,9223372036854775807
Indexes.stubs.lookupDurationAvgMs,1784807882657000000,1784807942657000000,0.0
Indexing.writer_2.totalTimeSpentWritingMs,1784807882657000000,1784807942657000000,0
Indexes.entries.lookupDuration90PMs,1784807882657000000,1784807942657000000,0.0
Indexing.writer_1.totalTimeSpentWritingMs,1784807882657000000,1784807942657000000,0
Indexes.stubs.lookups,1784807882657000000,1784807942657000000,0
Indexes.stubs.lookupDurationMaxMs,1784807882657000000,1784807942657000000,0.0
Indexes.entries.lookupDurationMaxMs,1784807882657000000,1784807942657000000,0.0
Indexing.writer_3.totalTimeSpentWritingMs,1784807882657000000,1784807942657000000,0
Indexes.entries.lookups,1784807882657000000,1784807942657000000,0
Indexes.allKeys.lookupDuration90PMs,1784807882657000000,1784807942657000000,0.0
cacheStateStorage.get.counter,1784807942657000000,1784808002664000000,0
cacheStateStorage.set.duration,1784807942657000000,1784808002664000000,0
cacheStateStorage.get.duration,1784807942657000000,1784808002664000000,0
cacheStateStorage.set.counter,1784807942657000000,1784808002664000000,0
VFS.fileByIdCache.misses,1784807942657000000,1784808002664000000,0
VFS.contentStorage.recordsDeduplicated,1784807942657000000,1784808002664000000,0
VFS.rootsCount,1784807942657000000,1784808002664000000,2.0
VFS.contentStorage.recordsReadSize,1784807942657000000,1784808002664000000,0
VFS.contentStorage.recordsUncompressedSize,1784807942657000000,1784808002664000000,0
VFS.contentStorage.recordsStoredSize,1784807942657000000,1784808002664000000,0
VFS.contentStorage.recordsDecompressionTimeUs,1784807942657000000,1784808002664000000,0
VFS.contentStorage.recordsReadDecompressed,1784807942657000000,1784808002664000000,0
VFS.fileChildByName,1784807942657000000,1784808002664000000,0
VFS.cache.filesCreated,1784807942657000000,1784808002664000000,0
VFS.contentStorage.recordsRead,1784807942657000000,1784808002664000000,0
VFS.folderCaseSensitivityReads,1784807942657000000,1784808002664000000,0
VFS.contentStorage.recordsStored,1784807942657000000,1784808002664000000,0
VFS.cache.directoriesCreated,1784807942657000000,1784808002664000000,0
VFS.fileByIdCache.hits,1784807942657000000,1784808002664000000,0
VFS.cache.segmentsCreated,1784807942657000000,1784808002664000000,0
VFS.invertedFileNameIndex.requests,1784807942657000000,1784808002664000000,0
VFS.cache.segments,1784807942657000000,1784808002664000000,3.0
FileNameCache.totalMisses,1784807942657000000,1784808002664000000,0
FileNameCache.queries,1784807942657000000,1784808002664000000,0
VFS.contentStorage.recordsStoredCompressed,1784807942657000000,1784808002664000000,0
DirectByteBufferAllocator.misses,1784807942657000000,1784808002664000000,0
StorageLockContext.competingThreads.90P,1784807942657000000,1784808002664000000,0
DirectByteBufferAllocator.hits,1784807942657000000,1784808002664000000,0
FilePageCache.pageLoads,1784807942657000000,1784808002664000000,0
StreamlinedBlobStorage.totalLiveRecordsPayloadBytes,1784807942657000000,1784808002664000000,0
FilePageCache.disposedBuffers,1784807942657000000,1784808002664000000,0
FilePageCache.pageHits,1784807942657000000,1784808002664000000,0
DirectByteBufferAllocator.reclaimed,1784807942657000000,1784808002664000000,0
StreamlinedBlobStorage.recordsRelocated,1784807942657000000,1784808002664000000,0
FilePageCache.totalPageDisposalsUs,1784807942657000000,1784808002664000000,0
FilePageCache.uncachedFileAccess,1784807942657000000,1784808002664000000,0
FileChannelInterruptsRetryer.totalRetriedAttempts,1784807942657000000,1784808002664000000,0
MappedFileStorage.totalTimeSpentOnMappingUs,1784807942657000000,1784808002664000000,3881
StorageLockContext.competingThreads.max,1784807942657000000,1784808002664000000,0
MappedFileStorage.totalPagesMapped,1784807942657000000,1784808002664000000,6
FilePageCache.totalPageLoadsUs,1784807942657000000,1784808002664000000,0
FilePageCache.maxRegisteredFiles,1784807942657000000,1784808002664000000,877
StorageLockContext.competingThreads.avg,1784807942657000000,1784808002664000000,0.0
StreamlinedBlobStorage.recordsDeleted,1784807942657000000,1784808002664000000,0
FilePageCache.pageLoadsAboveSizeThreshold,1784807942657000000,1784808002664000000,0
StreamlinedBlobStorage.recordsAllocated,1784807942657000000,1784808002664000000,0
FilePageCache.pageFastCacheHits,1784807942657000000,1784808002664000000,0
FilePageCache.maxCacheSizeInBytes,1784807942657000000,1784808002664000000,327172096
MappedFileStorage.totalBytesMapped,1784807942657000000,1784808002664000000,164626432
DirectByteBufferAllocator.totalSizeOfBuffersCachedInBytes,1784807942657000000,1784808002664000000,41959424
DirectByteBufferAllocator.totalSizeOfBuffersAllocatedInBytes,1784807942657000000,1784808002664000000,0
DirectByteBufferAllocator.disposed,1784807942657000000,1784808002664000000,0
FilePageCache.capacityInBytes,1784807942657000000,1784808002664000000,629145600
MappedFileStorage.storages,1784807942657000000,1784808002664000000,6
StreamlinedBlobStorage.totalLiveRecordsCapacityBytes,1784807942657000000,1784808002664000000,0
FlushQueue.queueSizeAvg,1784807942657000000,1784808002664000000,0.0
FlushQueue.executionTimeAvgNs,1784807942657000000,1784808002664000000,0.0
FlushQueue.waitingTime90PNs,1784807942657000000,1784808002664000000,0
FlushQueue.executionTimeMaxNs,1784807942657000000,1784808002664000000,0
AWTEventQueue.dispatchTimeMaxNs,1784807942657000000,1784808002664000000,0
FlushQueue.executionTime90PNs,1784807942657000000,1784808002664000000,0
AWTEventQueue.dispatchTimeTotalNS,1784807942657000000,1784808002664000000,14493960
FlushQueue.queueSize90P,1784807942657000000,1784808002664000000,0
FlushQueue.waitingTimeMaxNs,1784807942657000000,1784808002664000000,0
FlushQueue.waitingTimeAvgNs,1784807942657000000,1784808002664000000,0.0
WriteAction.executionsCount,1784807942657000000,1784808002664000000,0
FlushQueue.queueSizeMax,1784807942657000000,1784808002664000000,0
ReadAction.executionsCount,1784807942657000000,1784808002664000000,0
FlushQueue.tasksExecuted,1784807942657000000,1784808002664000000,0
AWTEventQueue.dispatchTimeAvgNs,1784807942657000000,1784808002664000000,0.0
AWTEventQueue.eventsDispatched,1784807942657000000,1784808002664000000,0
AWTEventQueue.dispatchTime90PNs,1784807942657000000,1784808002664000000,0
writeAction.max.wait.ms,1784807942657000000,1784808002664000000,2
DiskQueryRelay.tasksRequested,1784807942657000000,1784808002664000000,0
DiskQueryRelay.taskWaitingTotalTimeUs,1784807942657000000,1784808002664000000,0
DiskQueryRelay.taskExecutionTotalTimeUs,1784807942657000000,1784808002664000000,0
writeAction.median.wait.ms,1784807942657000000,1784808002664000000,0
writeAction.wait.ms,1784807942657000000,1784808002664000000,0
DiskQueryRelay.tasksExecuted,1784807942657000000,1784808002664000000,0
writeAction.count,1784807942657000000,1784808002664000000,0
Indexing.cache.totalCacheMisses,1784807942657000000,1784808002664000000,0
Indexes.stubs.lookupDuration90PMs,1784807942657000000,1784808002664000000,0.0
Indexing.cache.totalCacheEvicted,1784807942657000000,1784808002664000000,0
Indexing.writer_0.totalTimeSpentWritingMs,1784807942657000000,1784808002664000000,0
Indexes.allKeys.lookupDurationAvgMs,1784807942657000000,1784808002664000000,0.0
Indexes.entries.lookupDurationAvgMs,1784807942657000000,1784808002664000000,0.0
Indexes.allKeys.lookupDurationMaxMs,1784807942657000000,1784808002664000000,0.0
Indexing.writesQueuedMax,1784807942657000000,1784808002664000000,0
Indexes.allKeys.lookups,1784807942657000000,1784808002664000000,0
Indexing.cache.totalCacheAccesses,1784807942657000000,1784808002664000000,0
Indexing.totalTimeIndexersSleptMs,1784807942657000000,1784808002664000000,0
Indexing.writesQueuedMin,1784807942657000000,1784808002664000000,9223372036854775807
Indexes.stubs.lookupDurationAvgMs,1784807942657000000,1784808002664000000,0.0
Indexing.writer_2.totalTimeSpentWritingMs,1784807942657000000,1784808002664000000,0
Indexes.entries.lookupDuration90PMs,1784807942657000000,1784808002664000000,0.0
Indexing.writer_1.totalTimeSpentWritingMs,1784807942657000000,1784808002664000000,0
Indexes.stubs.lookups,1784807942657000000,1784808002664000000,0
Indexes.stubs.lookupDurationMaxMs,1784807942657000000,1784808002664000000,0.0
Indexes.entries.lookupDurationMaxMs,1784807942657000000,1784808002664000000,0.0
Indexing.writer_3.totalTimeSpentWritingMs,1784807942657000000,1784808002664000000,0
Indexes.entries.lookups,1784807942657000000,1784808002664000000,0
Indexes.allKeys.lookupDuration90PMs,1784807942657000000,1784808002664000000,0.0
cacheStateStorage.get.counter,1784808002664000000,1784808062659000000,0
cacheStateStorage.set.duration,1784808002664000000,1784808062659000000,0
cacheStateStorage.get.duration,1784808002664000000,1784808062659000000,0
cacheStateStorage.set.counter,1784808002664000000,1784808062659000000,0
VFS.fileByIdCache.misses,1784808002664000000,1784808062659000000,0
VFS.contentStorage.recordsDeduplicated,1784808002664000000,1784808062659000000,0
VFS.rootsCount,1784808002664000000,1784808062659000000,2.0
VFS.contentStorage.recordsReadSize,1784808002664000000,1784808062659000000,0
VFS.contentStorage.recordsUncompressedSize,1784808002664000000,1784808062659000000,0
VFS.contentStorage.recordsStoredSize,1784808002664000000,1784808062659000000,0
VFS.contentStorage.recordsDecompressionTimeUs,1784808002664000000,1784808062659000000,0
VFS.contentStorage.recordsReadDecompressed,1784808002664000000,1784808062659000000,0
VFS.fileChildByName,1784808002664000000,1784808062659000000,0
VFS.cache.filesCreated,1784808002664000000,1784808062659000000,0
VFS.contentStorage.recordsRead,1784808002664000000,1784808062659000000,0
VFS.folderCaseSensitivityReads,1784808002664000000,1784808062659000000,0
VFS.contentStorage.recordsStored,1784808002664000000,1784808062659000000,0
VFS.cache.directoriesCreated,1784808002664000000,1784808062659000000,0
VFS.fileByIdCache.hits,1784808002664000000,1784808062659000000,0
VFS.cache.segmentsCreated,1784808002664000000,1784808062659000000,0
VFS.invertedFileNameIndex.requests,1784808002664000000,1784808062659000000,0
VFS.cache.segments,1784808002664000000,1784808062659000000,3.0
FileNameCache.totalMisses,1784808002664000000,1784808062659000000,0
FileNameCache.queries,1784808002664000000,1784808062659000000,0
VFS.contentStorage.recordsStoredCompressed,1784808002664000000,1784808062659000000,0
DirectByteBufferAllocator.misses,1784808002664000000,1784808062659000000,0
StorageLockContext.competingThreads.90P,1784808002664000000,1784808062659000000,0
DirectByteBufferAllocator.hits,1784808002664000000,1784808062659000000,0
FilePageCache.pageLoads,1784808002664000000,1784808062659000000,0
StreamlinedBlobStorage.totalLiveRecordsPayloadBytes,1784808002664000000,1784808062659000000,0
FilePageCache.disposedBuffers,1784808002664000000,1784808062659000000,0
FilePageCache.pageHits,1784808002664000000,1784808062659000000,0
DirectByteBufferAllocator.reclaimed,1784808002664000000,1784808062659000000,0
StreamlinedBlobStorage.recordsRelocated,1784808002664000000,1784808062659000000,0
FilePageCache.totalPageDisposalsUs,1784808002664000000,1784808062659000000,0
FilePageCache.uncachedFileAccess,1784808002664000000,1784808062659000000,0
FileChannelInterruptsRetryer.totalRetriedAttempts,1784808002664000000,1784808062659000000,0
MappedFileStorage.totalTimeSpentOnMappingUs,1784808002664000000,1784808062659000000,3881
StorageLockContext.competingThreads.max,1784808002664000000,1784808062659000000,0
MappedFileStorage.totalPagesMapped,1784808002664000000,1784808062659000000,6
FilePageCache.totalPageLoadsUs,1784808002664000000,1784808062659000000,0
FilePageCache.maxRegisteredFiles,1784808002664000000,1784808062659000000,877
StorageLockContext.competingThreads.avg,1784808002664000000,1784808062659000000,0.0
StreamlinedBlobStorage.recordsDeleted,1784808002664000000,1784808062659000000,0
FilePageCache.pageLoadsAboveSizeThreshold,1784808002664000000,1784808062659000000,0
StreamlinedBlobStorage.recordsAllocated,1784808002664000000,1784808062659000000,0
FilePageCache.pageFastCacheHits,1784808002664000000,1784808062659000000,0
FilePageCache.maxCacheSizeInBytes,1784808002664000000,1784808062659000000,327172096
MappedFileStorage.totalBytesMapped,1784808002664000000,1784808062659000000,164626432
DirectByteBufferAllocator.totalSizeOfBuffersCachedInBytes,1784808002664000000,1784808062659000000,41959424
DirectByteBufferAllocator.totalSizeOfBuffersAllocatedInBytes,1784808002664000000,1784808062659000000,0
DirectByteBufferAllocator.disposed,1784808002664000000,1784808062659000000,0
FilePageCache.capacityInBytes,1784808002664000000,1784808062659000000,629145600
MappedFileStorage.storages,1784808002664000000,1784808062659000000,6
StreamlinedBlobStorage.totalLiveRecordsCapacityBytes,1784808002664000000,1784808062659000000,0
FlushQueue.queueSizeAvg,1784808002664000000,1784808062659000000,0.0
FlushQueue.executionTimeAvgNs,1784808002664000000,1784808062659000000,0.0
FlushQueue.waitingTime90PNs,1784808002664000000,1784808062659000000,0
FlushQueue.executionTimeMaxNs,1784808002664000000,1784808062659000000,0
AWTEventQueue.dispatchTimeMaxNs,1784808002664000000,1784808062659000000,0
FlushQueue.executionTime90PNs,1784808002664000000,1784808062659000000,0
AWTEventQueue.dispatchTimeTotalNS,1784808002664000000,1784808062659000000,14635954
FlushQueue.queueSize90P,1784808002664000000,1784808062659000000,0
FlushQueue.waitingTimeMaxNs,1784808002664000000,1784808062659000000,0
FlushQueue.waitingTimeAvgNs,1784808002664000000,1784808062659000000,0.0
WriteAction.executionsCount,1784808002664000000,1784808062659000000,0
FlushQueue.queueSizeMax,1784808002664000000,1784808062659000000,0
ReadAction.executionsCount,1784808002664000000,1784808062659000000,0
FlushQueue.tasksExecuted,1784808002664000000,1784808062659000000,0
AWTEventQueue.dispatchTimeAvgNs,1784808002664000000,1784808062659000000,0.0
AWTEventQueue.eventsDispatched,1784808002664000000,1784808062659000000,0
AWTEventQueue.dispatchTime90PNs,1784808002664000000,1784808062659000000,0
writeAction.max.wait.ms,1784808002664000000,1784808062659000000,2
DiskQueryRelay.tasksRequested,1784808002664000000,1784808062659000000,0
DiskQueryRelay.taskWaitingTotalTimeUs,1784808002664000000,1784808062659000000,0
DiskQueryRelay.taskExecutionTotalTimeUs,1784808002664000000,1784808062659000000,0
writeAction.median.wait.ms,1784808002664000000,1784808062659000000,0
writeAction.wait.ms,1784808002664000000,1784808062659000000,0
DiskQueryRelay.tasksExecuted,1784808002664000000,1784808062659000000,0
writeAction.count,1784808002664000000,1784808062659000000,0
Indexing.cache.totalCacheMisses,1784808002664000000,1784808062659000000,0
Indexes.stubs.lookupDuration90PMs,1784808002664000000,1784808062659000000,0.0
Indexing.cache.totalCacheEvicted,1784808002664000000,1784808062659000000,0
Indexing.writer_0.totalTimeSpentWritingMs,1784808002664000000,1784808062659000000,0
Indexes.allKeys.lookupDurationAvgMs,1784808002664000000,1784808062659000000,0.0
Indexes.entries.lookupDurationAvgMs,1784808002664000000,1784808062659000000,0.0
Indexes.allKeys.lookupDurationMaxMs,1784808002664000000,1784808062659000000,0.0
Indexing.writesQueuedMax,1784808002664000000,1784808062659000000,0
Indexes.allKeys.lookups,1784808002664000000,1784808062659000000,0
Indexing.cache.totalCacheAccesses,1784808002664000000,1784808062659000000,0
Indexing.totalTimeIndexersSleptMs,1784808002664000000,1784808062659000000,0
Indexing.writesQueuedMin,1784808002664000000,1784808062659000000,9223372036854775807
Indexes.stubs.lookupDurationAvgMs,1784808002664000000,1784808062659000000,0.0
Indexing.writer_2.totalTimeSpentWritingMs,1784808002664000000,1784808062659000000,0
Indexes.entries.lookupDuration90PMs,1784808002664000000,1784808062659000000,0.0
Indexing.writer_1.totalTimeSpentWritingMs,1784808002664000000,1784808062659000000,0
Indexes.stubs.lookups,1784808002664000000,1784808062659000000,0
Indexes.stubs.lookupDurationMaxMs,1784808002664000000,1784808062659000000,0.0
Indexes.entries.lookupDurationMaxMs,1784808002664000000,1784808062659000000,0.0
Indexing.writer_3.totalTimeSpentWritingMs,1784808002664000000,1784808062659000000,0
Indexes.entries.lookups,1784808002664000000,1784808062659000000,0
Indexes.allKeys.lookupDuration90PMs,1784808002664000000,1784808062659000000,0.0
cacheStateStorage.get.counter,1784808062659000000,1784808122655000000,0
cacheStateStorage.set.duration,1784808062659000000,1784808122655000000,0
cacheStateStorage.get.duration,1784808062659000000,1784808122655000000,0
cacheStateStorage.set.counter,1784808062659000000,1784808122655000000,0
VFS.fileByIdCache.misses,1784808062659000000,1784808122655000000,0
VFS.contentStorage.recordsDeduplicated,1784808062659000000,1784808122655000000,0
VFS.rootsCount,1784808062659000000,1784808122655000000,2.0
VFS.contentStorage.recordsReadSize,1784808062659000000,1784808122655000000,0
VFS.contentStorage.recordsUncompressedSize,1784808062659000000,1784808122655000000,0
VFS.contentStorage.recordsStoredSize,1784808062659000000,1784808122655000000,0
VFS.contentStorage.recordsDecompressionTimeUs,1784808062659000000,1784808122655000000,0
VFS.contentStorage.recordsReadDecompressed,1784808062659000000,1784808122655000000,0
VFS.fileChildByName,1784808062659000000,1784808122655000000,0
VFS.cache.filesCreated,1784808062659000000,1784808122655000000,0
VFS.contentStorage.recordsRead,1784808062659000000,1784808122655000000,0
VFS.folderCaseSensitivityReads,1784808062659000000,1784808122655000000,0
VFS.contentStorage.recordsStored,1784808062659000000,1784808122655000000,0
VFS.cache.directoriesCreated,1784808062659000000,1784808122655000000,0
VFS.fileByIdCache.hits,1784808062659000000,1784808122655000000,0
VFS.cache.segmentsCreated,1784808062659000000,1784808122655000000,0
VFS.invertedFileNameIndex.requests,1784808062659000000,1784808122655000000,0
VFS.cache.segments,1784808062659000000,1784808122655000000,3.0
FileNameCache.totalMisses,1784808062659000000,1784808122655000000,0
FileNameCache.queries,1784808062659000000,1784808122655000000,0
VFS.contentStorage.recordsStoredCompressed,1784808062659000000,1784808122655000000,0
DirectByteBufferAllocator.misses,1784808062659000000,1784808122655000000,0
StorageLockContext.competingThreads.90P,1784808062659000000,1784808122655000000,0
DirectByteBufferAllocator.hits,1784808062659000000,1784808122655000000,0
FilePageCache.pageLoads,1784808062659000000,1784808122655000000,0
StreamlinedBlobStorage.totalLiveRecordsPayloadBytes,1784808062659000000,1784808122655000000,0
FilePageCache.disposedBuffers,1784808062659000000,1784808122655000000,0
FilePageCache.pageHits,1784808062659000000,1784808122655000000,0
DirectByteBufferAllocator.reclaimed,1784808062659000000,1784808122655000000,0
StreamlinedBlobStorage.recordsRelocated,1784808062659000000,1784808122655000000,0
FilePageCache.totalPageDisposalsUs,1784808062659000000,1784808122655000000,0
FilePageCache.uncachedFileAccess,1784808062659000000,1784808122655000000,0
FileChannelInterruptsRetryer.totalRetriedAttempts,1784808062659000000,1784808122655000000,0
MappedFileStorage.totalTimeSpentOnMappingUs,1784808062659000000,1784808122655000000,3881
StorageLockContext.competingThreads.max,1784808062659000000,1784808122655000000,0
MappedFileStorage.totalPagesMapped,1784808062659000000,1784808122655000000,6
FilePageCache.totalPageLoadsUs,1784808062659000000,1784808122655000000,0
FilePageCache.maxRegisteredFiles,1784808062659000000,1784808122655000000,877
StorageLockContext.competingThreads.avg,1784808062659000000,1784808122655000000,0.0
StreamlinedBlobStorage.recordsDeleted,1784808062659000000,1784808122655000000,0
FilePageCache.pageLoadsAboveSizeThreshold,1784808062659000000,1784808122655000000,0
StreamlinedBlobStorage.recordsAllocated,1784808062659000000,1784808122655000000,0
FilePageCache.pageFastCacheHits,1784808062659000000,1784808122655000000,0
FilePageCache.maxCacheSizeInBytes,1784808062659000000,1784808122655000000,327172096
MappedFileStorage.totalBytesMapped,1784808062659000000,1784808122655000000,164626432
DirectByteBufferAllocator.totalSizeOfBuffersCachedInBytes,1784808062659000000,1784808122655000000,41959424
DirectByteBufferAllocator.totalSizeOfBuffersAllocatedInBytes,1784808062659000000,1784808122655000000,0
DirectByteBufferAllocator.disposed,1784808062659000000,1784808122655000000,0
FilePageCache.capacityInBytes,1784808062659000000,1784808122655000000,629145600
MappedFileStorage.storages,1784808062659000000,1784808122655000000,6
StreamlinedBlobStorage.totalLiveRecordsCapacityBytes,1784808062659000000,1784808122655000000,0
FlushQueue.queueSizeAvg,1784808062659000000,1784808122655000000,0.0
FlushQueue.executionTimeAvgNs,1784808062659000000,1784808122655000000,0.0
FlushQueue.waitingTime90PNs,1784808062659000000,1784808122655000000,0
FlushQueue.executionTimeMaxNs,1784808062659000000,1784808122655000000,0
AWTEventQueue.dispatchTimeMaxNs,1784808062659000000,1784808122655000000,0
FlushQueue.executionTime90PNs,1784808062659000000,1784808122655000000,0
AWTEventQueue.dispatchTimeTotalNS,1784808062659000000,1784808122655000000,13987667
FlushQueue.queueSize90P,1784808062659000000,1784808122655000000,0
FlushQueue.waitingTimeMaxNs,1784808062659000000,1784808122655000000,0
FlushQueue.waitingTimeAvgNs,1784808062659000000,1784808122655000000,0.0
WriteAction.executionsCount,1784808062659000000,1784808122655000000,0
FlushQueue.queueSizeMax,1784808062659000000,1784808122655000000,0
ReadAction.executionsCount,1784808062659000000,1784808122655000000,0
FlushQueue.tasksExecuted,1784808062659000000,1784808122655000000,0
AWTEventQueue.dispatchTimeAvgNs,1784808062659000000,1784808122655000000,0.0
AWTEventQueue.eventsDispatched,1784808062659000000,1784808122655000000,0
AWTEventQueue.dispatchTime90PNs,1784808062659000000,1784808122655000000,0
writeAction.max.wait.ms,1784808062659000000,1784808122655000000,2
DiskQueryRelay.tasksRequested,1784808062659000000,1784808122655000000,0
DiskQueryRelay.taskWaitingTotalTimeUs,1784808062659000000,1784808122655000000,0
DiskQueryRelay.taskExecutionTotalTimeUs,1784808062659000000,1784808122655000000,0
writeAction.median.wait.ms,1784808062659000000,1784808122655000000,0
writeAction.wait.ms,1784808062659000000,1784808122655000000,0
DiskQueryRelay.tasksExecuted,1784808062659000000,1784808122655000000,0
writeAction.count,1784808062659000000,1784808122655000000,0
Indexing.cache.totalCacheMisses,1784808062659000000,1784808122655000000,0
Indexes.stubs.lookupDuration90PMs,1784808062659000000,1784808122655000000,0.0
Indexing.cache.totalCacheEvicted,1784808062659000000,1784808122655000000,0
Indexing.writer_0.totalTimeSpentWritingMs,1784808062659000000,1784808122655000000,0
Indexes.allKeys.lookupDurationAvgMs,1784808062659000000,1784808122655000000,0.0
Indexes.entries.lookupDurationAvgMs,1784808062659000000,1784808122655000000,0.0
Indexes.allKeys.lookupDurationMaxMs,1784808062659000000,1784808122655000000,0.0
Indexing.writesQueuedMax,1784808062659000000,1784808122655000000,0
Indexes.allKeys.lookups,1784808062659000000,1784808122655000000,0
Indexing.cache.totalCacheAccesses,1784808062659000000,1784808122655000000,0
Indexing.totalTimeIndexersSleptMs,1784808062659000000,1784808122655000000,0
Indexing.writesQueuedMin,1784808062659000000,1784808122655000000,9223372036854775807
Indexes.stubs.lookupDurationAvgMs,1784808062659000000,1784808122655000000,0.0
Indexing.writer_2.totalTimeSpentWritingMs,1784808062659000000,1784808122655000000,0
Indexes.entries.lookupDuration90PMs,1784808062659000000,1784808122655000000,0.0
Indexing.writer_1.totalTimeSpentWritingMs,1784808062659000000,1784808122655000000,0
Indexes.stubs.lookups,1784808062659000000,1784808122655000000,0
Indexes.stubs.lookupDurationMaxMs,1784808062659000000,1784808122655000000,0.0
Indexes.entries.lookupDurationMaxMs,1784808062659000000,1784808122655000000,0.0
Indexing.writer_3.totalTimeSpentWritingMs,1784808062659000000,1784808122655000000,0
Indexes.entries.lookups,1784808062659000000,1784808122655000000,0
Indexes.allKeys.lookupDuration90PMs,1784808062659000000,1784808122655000000,0.0
cacheStateStorage.get.counter,1784808122655000000,1784808182666000000,0
cacheStateStorage.set.duration,1784808122655000000,1784808182666000000,0
cacheStateStorage.get.duration,1784808122655000000,1784808182666000000,0
cacheStateStorage.set.counter,1784808122655000000,1784808182666000000,0
VFS.fileByIdCache.misses,1784808122655000000,1784808182666000000,0
VFS.contentStorage.recordsDeduplicated,1784808122655000000,1784808182666000000,0
VFS.rootsCount,1784808122655000000,1784808182666000000,2.0
VFS.contentStorage.recordsReadSize,1784808122655000000,1784808182666000000,0
VFS.contentStorage.recordsUncompressedSize,1784808122655000000,1784808182666000000,0
VFS.contentStorage.recordsStoredSize,1784808122655000000,1784808182666000000,0
VFS.contentStorage.recordsDecompressionTimeUs,1784808122655000000,1784808182666000000,0
VFS.contentStorage.recordsReadDecompressed,1784808122655000000,1784808182666000000,0
VFS.fileChildByName,1784808122655000000,1784808182666000000,0
VFS.cache.filesCreated,1784808122655000000,1784808182666000000,0
VFS.contentStorage.recordsRead,1784808122655000000,1784808182666000000,0
VFS.folderCaseSensitivityReads,1784808122655000000,1784808182666000000,0
VFS.contentStorage.recordsStored,1784808122655000000,1784808182666000000,0
VFS.cache.directoriesCreated,1784808122655000000,1784808182666000000,0
VFS.fileByIdCache.hits,1784808122655000000,1784808182666000000,0
VFS.cache.segmentsCreated,1784808122655000000,1784808182666000000,0
VFS.invertedFileNameIndex.requests,1784808122655000000,1784808182666000000,0
VFS.cache.segments,1784808122655000000,1784808182666000000,3.0
FileNameCache.totalMisses,1784808122655000000,1784808182666000000,0
FileNameCache.queries,1784808122655000000,1784808182666000000,0
VFS.contentStorage.recordsStoredCompressed,1784808122655000000,1784808182666000000,0
DirectByteBufferAllocator.misses,1784808122655000000,1784808182666000000,0
StorageLockContext.competingThreads.90P,1784808122655000000,1784808182666000000,0
DirectByteBufferAllocator.hits,1784808122655000000,1784808182666000000,0
FilePageCache.pageLoads,1784808122655000000,1784808182666000000,0
StreamlinedBlobStorage.totalLiveRecordsPayloadBytes,1784808122655000000,1784808182666000000,0
FilePageCache.disposedBuffers,1784808122655000000,1784808182666000000,0
FilePageCache.pageHits,1784808122655000000,1784808182666000000,0
DirectByteBufferAllocator.reclaimed,1784808122655000000,1784808182666000000,0
StreamlinedBlobStorage.recordsRelocated,1784808122655000000,1784808182666000000,0
FilePageCache.totalPageDisposalsUs,1784808122655000000,1784808182666000000,0
FilePageCache.uncachedFileAccess,1784808122655000000,1784808182666000000,0
FileChannelInterruptsRetryer.totalRetriedAttempts,1784808122655000000,1784808182666000000,0
MappedFileStorage.totalTimeSpentOnMappingUs,1784808122655000000,1784808182666000000,3881
StorageLockContext.competingThreads.max,1784808122655000000,1784808182666000000,0
MappedFileStorage.totalPagesMapped,1784808122655000000,1784808182666000000,6
FilePageCache.totalPageLoadsUs,1784808122655000000,1784808182666000000,0
FilePageCache.maxRegisteredFiles,1784808122655000000,1784808182666000000,877
StorageLockContext.competingThreads.avg,1784808122655000000,1784808182666000000,0.0
StreamlinedBlobStorage.recordsDeleted,1784808122655000000,1784808182666000000,0
FilePageCache.pageLoadsAboveSizeThreshold,1784808122655000000,1784808182666000000,0
StreamlinedBlobStorage.recordsAllocated,1784808122655000000,1784808182666000000,0
FilePageCache.pageFastCacheHits,1784808122655000000,1784808182666000000,0
FilePageCache.maxCacheSizeInBytes,1784808122655000000,1784808182666000000,327172096
MappedFileStorage.totalBytesMapped,1784808122655000000,1784808182666000000,164626432
DirectByteBufferAllocator.totalSizeOfBuffersCachedInBytes,1784808122655000000,1784808182666000000,41959424
DirectByteBufferAllocator.totalSizeOfBuffersAllocatedInBytes,1784808122655000000,1784808182666000000,0
DirectByteBufferAllocator.disposed,1784808122655000000,1784808182666000000,0
FilePageCache.capacityInBytes,1784808122655000000,1784808182666000000,629145600
MappedFileStorage.storages,1784808122655000000,1784808182666000000,6
StreamlinedBlobStorage.totalLiveRecordsCapacityBytes,1784808122655000000,1784808182666000000,0
FlushQueue.queueSizeAvg,1784808122655000000,1784808182666000000,0.0
FlushQueue.executionTimeAvgNs,1784808122655000000,1784808182666000000,0.0
FlushQueue.waitingTime90PNs,1784808122655000000,1784808182666000000,0
FlushQueue.executionTimeMaxNs,1784808122655000000,1784808182666000000,0
AWTEventQueue.dispatchTimeMaxNs,1784808122655000000,1784808182666000000,0
FlushQueue.executionTime90PNs,1784808122655000000,1784808182666000000,0
AWTEventQueue.dispatchTimeTotalNS,1784808122655000000,1784808182666000000,13585874
FlushQueue.queueSize90P,1784808122655000000,1784808182666000000,0
FlushQueue.waitingTimeMaxNs,1784808122655000000,1784808182666000000,0
FlushQueue.waitingTimeAvgNs,1784808122655000000,1784808182666000000,0.0
WriteAction.executionsCount,1784808122655000000,1784808182666000000,0
FlushQueue.queueSizeMax,1784808122655000000,1784808182666000000,0
ReadAction.executionsCount,1784808122655000000,1784808182666000000,0
FlushQueue.tasksExecuted,1784808122655000000,1784808182666000000,0
AWTEventQueue.dispatchTimeAvgNs,1784808122655000000,1784808182666000000,0.0
AWTEventQueue.eventsDispatched,1784808122655000000,1784808182666000000,0
AWTEventQueue.dispatchTime90PNs,1784808122655000000,1784808182666000000,0
writeAction.max.wait.ms,1784808122655000000,1784808182666000000,2
DiskQueryRelay.tasksRequested,1784808122655000000,1784808182666000000,0
DiskQueryRelay.taskWaitingTotalTimeUs,1784808122655000000,1784808182666000000,0
DiskQueryRelay.taskExecutionTotalTimeUs,1784808122655000000,1784808182666000000,0
writeAction.median.wait.ms,1784808122655000000,1784808182666000000,0
writeAction.wait.ms,1784808122655000000,1784808182666000000,0
DiskQueryRelay.tasksExecuted,1784808122655000000,1784808182666000000,0
writeAction.count,1784808122655000000,1784808182666000000,0
Indexing.cache.totalCacheMisses,1784808122655000000,1784808182666000000,0
Indexes.stubs.lookupDuration90PMs,1784808122655000000,1784808182666000000,0.0
Indexing.cache.totalCacheEvicted,1784808122655000000,1784808182666000000,0
Indexing.writer_0.totalTimeSpentWritingMs,1784808122655000000,1784808182666000000,0
Indexes.allKeys.lookupDurationAvgMs,1784808122655000000,1784808182666000000,0.0
Indexes.entries.lookupDurationAvgMs,1784808122655000000,1784808182666000000,0.0
Indexes.allKeys.lookupDurationMaxMs,1784808122655000000,1784808182666000000,0.0
Indexing.writesQueuedMax,1784808122655000000,1784808182666000000,0
Indexes.allKeys.lookups,1784808122655000000,1784808182666000000,0
Indexing.cache.totalCacheAccesses,1784808122655000000,1784808182666000000,0
Indexing.totalTimeIndexersSleptMs,1784808122655000000,1784808182666000000,0
Indexing.writesQueuedMin,1784808122655000000,1784808182666000000,9223372036854775807
Indexes.stubs.lookupDurationAvgMs,1784808122655000000,1784808182666000000,0.0
Indexing.writer_2.totalTimeSpentWritingMs,1784808122655000000,1784808182666000000,0
Indexes.entries.lookupDuration90PMs,1784808122655000000,1784808182666000000,0.0
Indexing.writer_1.totalTimeSpentWritingMs,1784808122655000000,1784808182666000000,0
Indexes.stubs.lookups,1784808122655000000,1784808182666000000,0
Indexes.stubs.lookupDurationMaxMs,1784808122655000000,1784808182666000000,0.0
Indexes.entries.lookupDurationMaxMs,1784808122655000000,1784808182666000000,0.0
Indexing.writer_3.totalTimeSpentWritingMs,1784808122655000000,1784808182666000000,0
Indexes.entries.lookups,1784808122655000000,1784808182666000000,0
Indexes.allKeys.lookupDuration90PMs,1784808122655000000,1784808182666000000,0.0
cacheStateStorage.get.counter,1784808182666000000,1784808242652000000,0
cacheStateStorage.set.duration,1784808182666000000,1784808242652000000,0
cacheStateStorage.get.duration,1784808182666000000,1784808242652000000,0
cacheStateStorage.set.counter,1784808182666000000,1784808242652000000,0
VFS.fileByIdCache.misses,1784808182666000000,1784808242652000000,0
VFS.contentStorage.recordsDeduplicated,1784808182666000000,1784808242652000000,0
VFS.rootsCount,1784808182666000000,1784808242652000000,2.0
VFS.contentStorage.recordsReadSize,1784808182666000000,1784808242652000000,0
VFS.contentStorage.recordsUncompressedSize,1784808182666000000,1784808242652000000,0
VFS.contentStorage.recordsStoredSize,1784808182666000000,1784808242652000000,0
VFS.contentStorage.recordsDecompressionTimeUs,1784808182666000000,1784808242652000000,0
VFS.contentStorage.recordsReadDecompressed,1784808182666000000,1784808242652000000,0
VFS.fileChildByName,1784808182666000000,1784808242652000000,0
VFS.cache.filesCreated,1784808182666000000,1784808242652000000,0
VFS.contentStorage.recordsRead,1784808182666000000,1784808242652000000,0
VFS.folderCaseSensitivityReads,1784808182666000000,1784808242652000000,0
VFS.contentStorage.recordsStored,1784808182666000000,1784808242652000000,0
VFS.cache.directoriesCreated,1784808182666000000,1784808242652000000,0
VFS.fileByIdCache.hits,1784808182666000000,1784808242652000000,0
VFS.cache.segmentsCreated,1784808182666000000,1784808242652000000,0
VFS.invertedFileNameIndex.requests,1784808182666000000,1784808242652000000,0
VFS.cache.segments,1784808182666000000,1784808242652000000,3.0
FileNameCache.totalMisses,1784808182666000000,1784808242652000000,0
FileNameCache.queries,1784808182666000000,1784808242652000000,0
VFS.contentStorage.recordsStoredCompressed,1784808182666000000,1784808242652000000,0
DirectByteBufferAllocator.misses,1784808182666000000,1784808242652000000,0
StorageLockContext.competingThreads.90P,1784808182666000000,1784808242652000000,0
DirectByteBufferAllocator.hits,1784808182666000000,1784808242652000000,0
FilePageCache.pageLoads,1784808182666000000,1784808242652000000,0
StreamlinedBlobStorage.totalLiveRecordsPayloadBytes,1784808182666000000,1784808242652000000,0
FilePageCache.disposedBuffers,1784808182666000000,1784808242652000000,0
FilePageCache.pageHits,1784808182666000000,1784808242652000000,0
DirectByteBufferAllocator.reclaimed,1784808182666000000,1784808242652000000,0
StreamlinedBlobStorage.recordsRelocated,1784808182666000000,1784808242652000000,0
FilePageCache.totalPageDisposalsUs,1784808182666000000,1784808242652000000,0
FilePageCache.uncachedFileAccess,1784808182666000000,1784808242652000000,0
FileChannelInterruptsRetryer.totalRetriedAttempts,1784808182666000000,1784808242652000000,0
MappedFileStorage.totalTimeSpentOnMappingUs,1784808182666000000,1784808242652000000,3881
StorageLockContext.competingThreads.max,1784808182666000000,1784808242652000000,0
MappedFileStorage.totalPagesMapped,1784808182666000000,1784808242652000000,6
FilePageCache.totalPageLoadsUs,1784808182666000000,1784808242652000000,0
FilePageCache.maxRegisteredFiles,1784808182666000000,1784808242652000000,877
StorageLockContext.competingThreads.avg,1784808182666000000,1784808242652000000,0.0
StreamlinedBlobStorage.recordsDeleted,1784808182666000000,1784808242652000000,0
FilePageCache.pageLoadsAboveSizeThreshold,1784808182666000000,1784808242652000000,0
StreamlinedBlobStorage.recordsAllocated,1784808182666000000,1784808242652000000,0
FilePageCache.pageFastCacheHits,1784808182666000000,1784808242652000000,0
FilePageCache.maxCacheSizeInBytes,1784808182666000000,1784808242652000000,327172096
MappedFileStorage.totalBytesMapped,1784808182666000000,1784808242652000000,164626432
DirectByteBufferAllocator.totalSizeOfBuffersCachedInBytes,1784808182666000000,1784808242652000000,41959424
DirectByteBufferAllocator.totalSizeOfBuffersAllocatedInBytes,1784808182666000000,1784808242652000000,0
DirectByteBufferAllocator.disposed,1784808182666000000,1784808242652000000,0
FilePageCache.capacityInBytes,1784808182666000000,1784808242652000000,629145600
MappedFileStorage.storages,1784808182666000000,1784808242652000000,6
StreamlinedBlobStorage.totalLiveRecordsCapacityBytes,1784808182666000000,1784808242652000000,0
FlushQueue.queueSizeAvg,1784808182666000000,1784808242652000000,0.0
FlushQueue.executionTimeAvgNs,1784808182666000000,1784808242652000000,0.0
FlushQueue.waitingTime90PNs,1784808182666000000,1784808242652000000,0
FlushQueue.executionTimeMaxNs,1784808182666000000,1784808242652000000,0
AWTEventQueue.dispatchTimeMaxNs,1784808182666000000,1784808242652000000,0
FlushQueue.executionTime90PNs,1784808182666000000,1784808242652000000,0
AWTEventQueue.dispatchTimeTotalNS,1784808182666000000,1784808242652000000,11465088
FlushQueue.queueSize90P,1784808182666000000,1784808242652000000,0
FlushQueue.waitingTimeMaxNs,1784808182666000000,1784808242652000000,0
FlushQueue.waitingTimeAvgNs,1784808182666000000,1784808242652000000,0.0
WriteAction.executionsCount,1784808182666000000,1784808242652000000,0
FlushQueue.queueSizeMax,1784808182666000000,1784808242652000000,0
ReadAction.executionsCount,1784808182666000000,1784808242652000000,0
FlushQueue.tasksExecuted,1784808182666000000,1784808242652000000,0
AWTEventQueue.dispatchTimeAvgNs,1784808182666000000,1784808242652000000,0.0
AWTEventQueue.eventsDispatched,1784808182666000000,1784808242652000000,0
AWTEventQueue.dispatchTime90PNs,1784808182666000000,1784808242652000000,0
writeAction.max.wait.ms,1784808182666000000,1784808242652000000,2
DiskQueryRelay.tasksRequested,1784808182666000000,1784808242652000000,0
DiskQueryRelay.taskWaitingTotalTimeUs,1784808182666000000,1784808242652000000,0
DiskQueryRelay.taskExecutionTotalTimeUs,1784808182666000000,1784808242652000000,0
writeAction.median.wait.ms,1784808182666000000,1784808242652000000,0
writeAction.wait.ms,1784808182666000000,1784808242652000000,0
DiskQueryRelay.tasksExecuted,1784808182666000000,1784808242652000000,0
writeAction.count,1784808182666000000,1784808242652000000,0
Indexing.cache.totalCacheMisses,1784808182666000000,1784808242652000000,0
Indexes.stubs.lookupDuration90PMs,1784808182666000000,1784808242652000000,0.0
Indexing.cache.totalCacheEvicted,1784808182666000000,1784808242652000000,0
Indexing.writer_0.totalTimeSpentWritingMs,1784808182666000000,1784808242652000000,0
Indexes.allKeys.lookupDurationAvgMs,1784808182666000000,1784808242652000000,0.0
Indexes.entries.lookupDurationAvgMs,1784808182666000000,1784808242652000000,0.0
Indexes.allKeys.lookupDurationMaxMs,1784808182666000000,1784808242652000000,0.0
Indexing.writesQueuedMax,1784808182666000000,1784808242652000000,0
Indexes.allKeys.lookups,1784808182666000000,1784808242652000000,0
Indexing.cache.totalCacheAccesses,1784808182666000000,1784808242652000000,0
Indexing.totalTimeIndexersSleptMs,1784808182666000000,1784808242652000000,0
Indexing.writesQueuedMin,1784808182666000000,1784808242652000000,9223372036854775807
Indexes.stubs.lookupDurationAvgMs,1784808182666000000,1784808242652000000,0.0
Indexing.writer_2.totalTimeSpentWritingMs,1784808182666000000,1784808242652000000,0
Indexes.entries.lookupDuration90PMs,1784808182666000000,1784808242652000000,0.0
Indexing.writer_1.totalTimeSpentWritingMs,1784808182666000000,1784808242652000000,0
Indexes.stubs.lookups,1784808182666000000,1784808242652000000,0
Indexes.stubs.lookupDurationMaxMs,1784808182666000000,1784808242652000000,0.0
Indexes.entries.lookupDurationMaxMs,1784808182666000000,1784808242652000000,0.0
Indexing.writer_3.totalTimeSpentWritingMs,1784808182666000000,1784808242652000000,0
Indexes.entries.lookups,1784808182666000000,1784808242652000000,0
Indexes.allKeys.lookupDuration90PMs,1784808182666000000,1784808242652000000,0.0
cacheStateStorage.get.counter,1784808242652000000,1784808302663000000,0
cacheStateStorage.set.duration,1784808242652000000,1784808302663000000,0
cacheStateStorage.get.duration,1784808242652000000,1784808302663000000,0
cacheStateStorage.set.counter,1784808242652000000,1784808302663000000,0
VFS.fileByIdCache.misses,1784808242652000000,1784808302663000000,0
VFS.contentStorage.recordsDeduplicated,1784808242652000000,1784808302663000000,0
VFS.rootsCount,1784808242652000000,1784808302663000000,2.0
VFS.contentStorage.recordsReadSize,1784808242652000000,1784808302663000000,0
VFS.contentStorage.recordsUncompressedSize,1784808242652000000,1784808302663000000,0
VFS.contentStorage.recordsStoredSize,1784808242652000000,1784808302663000000,0
VFS.contentStorage.recordsDecompressionTimeUs,1784808242652000000,1784808302663000000,0
VFS.contentStorage.recordsReadDecompressed,1784808242652000000,1784808302663000000,0
VFS.fileChildByName,1784808242652000000,1784808302663000000,0
VFS.cache.filesCreated,1784808242652000000,1784808302663000000,0
VFS.contentStorage.recordsRead,1784808242652000000,1784808302663000000,0
VFS.folderCaseSensitivityReads,1784808242652000000,1784808302663000000,0
VFS.contentStorage.recordsStored,1784808242652000000,1784808302663000000,0
VFS.cache.directoriesCreated,1784808242652000000,1784808302663000000,0
VFS.fileByIdCache.hits,1784808242652000000,1784808302663000000,0
VFS.cache.segmentsCreated,1784808242652000000,1784808302663000000,0
VFS.invertedFileNameIndex.requests,1784808242652000000,1784808302663000000,0
VFS.cache.segments,1784808242652000000,1784808302663000000,3.0
FileNameCache.totalMisses,1784808242652000000,1784808302663000000,0
FileNameCache.queries,1784808242652000000,1784808302663000000,0
VFS.contentStorage.recordsStoredCompressed,1784808242652000000,1784808302663000000,0
DirectByteBufferAllocator.misses,1784808242652000000,1784808302663000000,0
StorageLockContext.competingThreads.90P,1784808242652000000,1784808302663000000,0
DirectByteBufferAllocator.hits,1784808242652000000,1784808302663000000,0
FilePageCache.pageLoads,1784808242652000000,1784808302663000000,0
StreamlinedBlobStorage.totalLiveRecordsPayloadBytes,1784808242652000000,1784808302663000000,0
FilePageCache.disposedBuffers,1784808242652000000,1784808302663000000,0
FilePageCache.pageHits,1784808242652000000,1784808302663000000,0
DirectByteBufferAllocator.reclaimed,1784808242652000000,1784808302663000000,0
StreamlinedBlobStorage.recordsRelocated,1784808242652000000,1784808302663000000,0
FilePageCache.totalPageDisposalsUs,1784808242652000000,1784808302663000000,0
FilePageCache.uncachedFileAccess,1784808242652000000,1784808302663000000,0
FileChannelInterruptsRetryer.totalRetriedAttempts,1784808242652000000,1784808302663000000,0
MappedFileStorage.totalTimeSpentOnMappingUs,1784808242652000000,1784808302663000000,3881
StorageLockContext.competingThreads.max,1784808242652000000,1784808302663000000,0
MappedFileStorage.totalPagesMapped,1784808242652000000,1784808302663000000,6
FilePageCache.totalPageLoadsUs,1784808242652000000,1784808302663000000,0
FilePageCache.maxRegisteredFiles,1784808242652000000,1784808302663000000,877
StorageLockContext.competingThreads.avg,1784808242652000000,1784808302663000000,0.0
StreamlinedBlobStorage.recordsDeleted,1784808242652000000,1784808302663000000,0
FilePageCache.pageLoadsAboveSizeThreshold,1784808242652000000,1784808302663000000,0
StreamlinedBlobStorage.recordsAllocated,1784808242652000000,1784808302663000000,0
FilePageCache.pageFastCacheHits,1784808242652000000,1784808302663000000,0
FilePageCache.maxCacheSizeInBytes,1784808242652000000,1784808302663000000,327172096
MappedFileStorage.totalBytesMapped,1784808242652000000,1784808302663000000,164626432
DirectByteBufferAllocator.totalSizeOfBuffersCachedInBytes,1784808242652000000,1784808302663000000,41959424
DirectByteBufferAllocator.totalSizeOfBuffersAllocatedInBytes,1784808242652000000,1784808302663000000,0
DirectByteBufferAllocator.disposed,1784808242652000000,1784808302663000000,0
FilePageCache.capacityInBytes,1784808242652000000,1784808302663000000,629145600
MappedFileStorage.storages,1784808242652000000,1784808302663000000,6
StreamlinedBlobStorage.totalLiveRecordsCapacityBytes,1784808242652000000,1784808302663000000,0
FlushQueue.queueSizeAvg,1784808242652000000,1784808302663000000,0.0
FlushQueue.executionTimeAvgNs,1784808242652000000,1784808302663000000,0.0
FlushQueue.waitingTime90PNs,1784808242652000000,1784808302663000000,0
FlushQueue.executionTimeMaxNs,1784808242652000000,1784808302663000000,0
AWTEventQueue.dispatchTimeMaxNs,1784808242652000000,1784808302663000000,0
FlushQueue.executionTime90PNs,1784808242652000000,1784808302663000000,0
AWTEventQueue.dispatchTimeTotalNS,1784808242652000000,1784808302663000000,14335832
FlushQueue.queueSize90P,1784808242652000000,1784808302663000000,0
FlushQueue.waitingTimeMaxNs,1784808242652000000,1784808302663000000,0
FlushQueue.waitingTimeAvgNs,1784808242652000000,1784808302663000000,0.0
WriteAction.executionsCount,1784808242652000000,1784808302663000000,0
FlushQueue.queueSizeMax,1784808242652000000,1784808302663000000,0
ReadAction.executionsCount,1784808242652000000,1784808302663000000,0
FlushQueue.tasksExecuted,1784808242652000000,1784808302663000000,0
AWTEventQueue.dispatchTimeAvgNs,1784808242652000000,1784808302663000000,0.0
AWTEventQueue.eventsDispatched,1784808242652000000,1784808302663000000,0
AWTEventQueue.dispatchTime90PNs,1784808242652000000,1784808302663000000,0
writeAction.max.wait.ms,1784808242652000000,1784808302663000000,2
DiskQueryRelay.tasksRequested,1784808242652000000,1784808302663000000,0
DiskQueryRelay.taskWaitingTotalTimeUs,1784808242652000000,1784808302663000000,0
DiskQueryRelay.taskExecutionTotalTimeUs,1784808242652000000,1784808302663000000,0
writeAction.median.wait.ms,1784808242652000000,1784808302663000000,0
writeAction.wait.ms,1784808242652000000,1784808302663000000,0
DiskQueryRelay.tasksExecuted,1784808242652000000,1784808302663000000,0
writeAction.count,1784808242652000000,1784808302663000000,0
Indexing.cache.totalCacheMisses,1784808242652000000,1784808302663000000,0
Indexes.stubs.lookupDuration90PMs,1784808242652000000,1784808302663000000,0.0
Indexing.cache.totalCacheEvicted,1784808242652000000,1784808302663000000,0
Indexing.writer_0.totalTimeSpentWritingMs,1784808242652000000,1784808302663000000,0
Indexes.allKeys.lookupDurationAvgMs,1784808242652000000,1784808302663000000,0.0
Indexes.entries.lookupDurationAvgMs,1784808242652000000,1784808302663000000,0.0
Indexes.allKeys.lookupDurationMaxMs,1784808242652000000,1784808302663000000,0.0
Indexing.writesQueuedMax,1784808242652000000,1784808302663000000,0
Indexes.allKeys.lookups,1784808242652000000,1784808302663000000,0
Indexing.cache.totalCacheAccesses,1784808242652000000,1784808302663000000,0
Indexing.totalTimeIndexersSleptMs,1784808242652000000,1784808302663000000,0
Indexing.writesQueuedMin,1784808242652000000,1784808302663000000,9223372036854775807
Indexes.stubs.lookupDurationAvgMs,1784808242652000000,1784808302663000000,0.0
Indexing.writer_2.totalTimeSpentWritingMs,1784808242652000000,1784808302663000000,0
Indexes.entries.lookupDuration90PMs,1784808242652000000,1784808302663000000,0.0
Indexing.writer_1.totalTimeSpentWritingMs,1784808242652000000,1784808302663000000,0
Indexes.stubs.lookups,1784808242652000000,1784808302663000000,0
Indexes.stubs.lookupDurationMaxMs,1784808242652000000,1784808302663000000,0.0
Indexes.entries.lookupDurationMaxMs,1784808242652000000,1784808302663000000,0.0
Indexing.writer_3.totalTimeSpentWritingMs,1784808242652000000,1784808302663000000,0
Indexes.entries.lookups,1784808242652000000,1784808302663000000,0
Indexes.allKeys.lookupDuration90PMs,1784808242652000000,1784808302663000000,0.0
cacheStateStorage.get.counter,1784808302663000000,1784808362659000000,0
cacheStateStorage.set.duration,1784808302663000000,1784808362659000000,0
cacheStateStorage.get.duration,1784808302663000000,1784808362659000000,0
cacheStateStorage.set.counter,1784808302663000000,1784808362659000000,0
VFS.fileByIdCache.misses,1784808302663000000,1784808362659000000,0
VFS.contentStorage.recordsDeduplicated,1784808302663000000,1784808362659000000,0
VFS.rootsCount,1784808302663000000,1784808362659000000,2.0
VFS.contentStorage.recordsReadSize,1784808302663000000,1784808362659000000,0
VFS.contentStorage.recordsUncompressedSize,1784808302663000000,1784808362659000000,0
VFS.contentStorage.recordsStoredSize,1784808302663000000,1784808362659000000,0
VFS.contentStorage.recordsDecompressionTimeUs,1784808302663000000,1784808362659000000,0
VFS.contentStorage.recordsReadDecompressed,1784808302663000000,1784808362659000000,0
VFS.fileChildByName,1784808302663000000,1784808362659000000,0
VFS.cache.filesCreated,1784808302663000000,1784808362659000000,0
VFS.contentStorage.recordsRead,1784808302663000000,1784808362659000000,0
VFS.folderCaseSensitivityReads,1784808302663000000,1784808362659000000,0
VFS.contentStorage.recordsStored,1784808302663000000,1784808362659000000,0
VFS.cache.directoriesCreated,1784808302663000000,1784808362659000000,0
VFS.fileByIdCache.hits,1784808302663000000,1784808362659000000,0
VFS.cache.segmentsCreated,1784808302663000000,1784808362659000000,0
VFS.invertedFileNameIndex.requests,1784808302663000000,1784808362659000000,0
VFS.cache.segments,1784808302663000000,1784808362659000000,3.0
FileNameCache.totalMisses,1784808302663000000,1784808362659000000,0
FileNameCache.queries,1784808302663000000,1784808362659000000,0
VFS.contentStorage.recordsStoredCompressed,1784808302663000000,1784808362659000000,0
DirectByteBufferAllocator.misses,1784808302663000000,1784808362659000000,0
StorageLockContext.competingThreads.90P,1784808302663000000,1784808362659000000,0
DirectByteBufferAllocator.hits,1784808302663000000,1784808362659000000,0
FilePageCache.pageLoads,1784808302663000000,1784808362659000000,0
StreamlinedBlobStorage.totalLiveRecordsPayloadBytes,1784808302663000000,1784808362659000000,0
FilePageCache.disposedBuffers,1784808302663000000,1784808362659000000,0
FilePageCache.pageHits,1784808302663000000,1784808362659000000,0
DirectByteBufferAllocator.reclaimed,1784808302663000000,1784808362659000000,0
StreamlinedBlobStorage.recordsRelocated,1784808302663000000,1784808362659000000,0
FilePageCache.totalPageDisposalsUs,1784808302663000000,1784808362659000000,0
FilePageCache.uncachedFileAccess,1784808302663000000,1784808362659000000,0
FileChannelInterruptsRetryer.totalRetriedAttempts,1784808302663000000,1784808362659000000,0
MappedFileStorage.totalTimeSpentOnMappingUs,1784808302663000000,1784808362659000000,3881
StorageLockContext.competingThreads.max,1784808302663000000,1784808362659000000,0
MappedFileStorage.totalPagesMapped,1784808302663000000,1784808362659000000,6
FilePageCache.totalPageLoadsUs,1784808302663000000,1784808362659000000,0
FilePageCache.maxRegisteredFiles,1784808302663000000,1784808362659000000,877
StorageLockContext.competingThreads.avg,1784808302663000000,1784808362659000000,0.0
StreamlinedBlobStorage.recordsDeleted,1784808302663000000,1784808362659000000,0
FilePageCache.pageLoadsAboveSizeThreshold,1784808302663000000,1784808362659000000,0
StreamlinedBlobStorage.recordsAllocated,1784808302663000000,1784808362659000000,0
FilePageCache.pageFastCacheHits,1784808302663000000,1784808362659000000,0
FilePageCache.maxCacheSizeInBytes,1784808302663000000,1784808362659000000,327172096
MappedFileStorage.totalBytesMapped,1784808302663000000,1784808362659000000,164626432
DirectByteBufferAllocator.totalSizeOfBuffersCachedInBytes,1784808302663000000,1784808362659000000,41959424
DirectByteBufferAllocator.totalSizeOfBuffersAllocatedInBytes,1784808302663000000,1784808362659000000,0
DirectByteBufferAllocator.disposed,1784808302663000000,1784808362659000000,0
FilePageCache.capacityInBytes,1784808302663000000,1784808362659000000,629145600
MappedFileStorage.storages,1784808302663000000,1784808362659000000,6
StreamlinedBlobStorage.totalLiveRecordsCapacityBytes,1784808302663000000,1784808362659000000,0
FlushQueue.queueSizeAvg,1784808302663000000,1784808362659000000,0.0
FlushQueue.executionTimeAvgNs,1784808302663000000,1784808362659000000,0.0
FlushQueue.waitingTime90PNs,1784808302663000000,1784808362659000000,0
FlushQueue.executionTimeMaxNs,1784808302663000000,1784808362659000000,0
AWTEventQueue.dispatchTimeMaxNs,1784808302663000000,1784808362659000000,0
FlushQueue.executionTime90PNs,1784808302663000000,1784808362659000000,0
AWTEventQueue.dispatchTimeTotalNS,1784808302663000000,1784808362659000000,12444294
FlushQueue.queueSize90P,1784808302663000000,1784808362659000000,0
FlushQueue.waitingTimeMaxNs,1784808302663000000,1784808362659000000,0
FlushQueue.waitingTimeAvgNs,1784808302663000000,1784808362659000000,0.0
WriteAction.executionsCount,1784808302663000000,1784808362659000000,0
FlushQueue.queueSizeMax,1784808302663000000,1784808362659000000,0
ReadAction.executionsCount,1784808302663000000,1784808362659000000,0
FlushQueue.tasksExecuted,1784808302663000000,1784808362659000000,0
AWTEventQueue.dispatchTimeAvgNs,1784808302663000000,1784808362659000000,0.0
AWTEventQueue.eventsDispatched,1784808302663000000,1784808362659000000,0
AWTEventQueue.dispatchTime90PNs,1784808302663000000,1784808362659000000,0
writeAction.max.wait.ms,1784808302663000000,1784808362659000000,2
DiskQueryRelay.tasksRequested,1784808302663000000,1784808362659000000,0
DiskQueryRelay.taskWaitingTotalTimeUs,1784808302663000000,1784808362659000000,0
DiskQueryRelay.taskExecutionTotalTimeUs,1784808302663000000,1784808362659000000,0
writeAction.median.wait.ms,1784808302663000000,1784808362659000000,0
writeAction.wait.ms,1784808302663000000,1784808362659000000,0
DiskQueryRelay.tasksExecuted,1784808302663000000,1784808362659000000,0
writeAction.count,1784808302663000000,1784808362659000000,0
Indexing.cache.totalCacheMisses,1784808302663000000,1784808362659000000,0
Indexes.stubs.lookupDuration90PMs,1784808302663000000,1784808362659000000,0.0
Indexing.cache.totalCacheEvicted,1784808302663000000,1784808362659000000,0
Indexing.writer_0.totalTimeSpentWritingMs,1784808302663000000,1784808362659000000,0
Indexes.allKeys.lookupDurationAvgMs,1784808302663000000,1784808362659000000,0.0
Indexes.entries.lookupDurationAvgMs,1784808302663000000,1784808362659000000,0.0
Indexes.allKeys.lookupDurationMaxMs,1784808302663000000,1784808362659000000,0.0
Indexing.writesQueuedMax,1784808302663000000,1784808362659000000,0
Indexes.allKeys.lookups,1784808302663000000,1784808362659000000,0
Indexing.cache.totalCacheAccesses,1784808302663000000,1784808362659000000,0
Indexing.totalTimeIndexersSleptMs,1784808302663000000,1784808362659000000,0
Indexing.writesQueuedMin,1784808302663000000,1784808362659000000,9223372036854775807
Indexes.stubs.lookupDurationAvgMs,1784808302663000000,1784808362659000000,0.0
Indexing.writer_2.totalTimeSpentWritingMs,1784808302663000000,1784808362659000000,0
Indexes.entries.lookupDuration90PMs,1784808302663000000,1784808362659000000,0.0
Indexing.writer_1.totalTimeSpentWritingMs,1784808302663000000,1784808362659000000,0
Indexes.stubs.lookups,1784808302663000000,1784808362659000000,0
Indexes.stubs.lookupDurationMaxMs,1784808302663000000,1784808362659000000,0.0
Indexes.entries.lookupDurationMaxMs,1784808302663000000,1784808362659000000,0.0
Indexing.writer_3.totalTimeSpentWritingMs,1784808302663000000,1784808362659000000,0
Indexes.entries.lookups,1784808302663000000,1784808362659000000,0
Indexes.allKeys.lookupDuration90PMs,1784808302663000000,1784808362659000000,0.0
cacheStateStorage.get.counter,1784808362659000000,1784808422661000000,0
cacheStateStorage.set.duration,1784808362659000000,1784808422661000000,0
cacheStateStorage.get.duration,1784808362659000000,1784808422661000000,0
cacheStateStorage.set.counter,1784808362659000000,1784808422661000000,0
VFS.fileByIdCache.misses,1784808362659000000,1784808422661000000,0
VFS.contentStorage.recordsDeduplicated,1784808362659000000,1784808422661000000,0
VFS.rootsCount,1784808362659000000,1784808422661000000,2.0
VFS.contentStorage.recordsReadSize,1784808362659000000,1784808422661000000,0
VFS.contentStorage.recordsUncompressedSize,1784808362659000000,1784808422661000000,0
VFS.contentStorage.recordsStoredSize,1784808362659000000,1784808422661000000,0
VFS.contentStorage.recordsDecompressionTimeUs,1784808362659000000,1784808422661000000,0
VFS.contentStorage.recordsReadDecompressed,1784808362659000000,1784808422661000000,0
VFS.fileChildByName,1784808362659000000,1784808422661000000,0
VFS.cache.filesCreated,1784808362659000000,1784808422661000000,0
VFS.contentStorage.recordsRead,1784808362659000000,1784808422661000000,0
VFS.folderCaseSensitivityReads,1784808362659000000,1784808422661000000,0
VFS.contentStorage.recordsStored,1784808362659000000,1784808422661000000,0
VFS.cache.directoriesCreated,1784808362659000000,1784808422661000000,0
VFS.fileByIdCache.hits,1784808362659000000,1784808422661000000,0
VFS.cache.segmentsCreated,1784808362659000000,1784808422661000000,0
VFS.invertedFileNameIndex.requests,1784808362659000000,1784808422661000000,0
VFS.cache.segments,1784808362659000000,1784808422661000000,3.0
FileNameCache.totalMisses,1784808362659000000,1784808422661000000,0
FileNameCache.queries,1784808362659000000,1784808422661000000,0
VFS.contentStorage.recordsStoredCompressed,1784808362659000000,1784808422661000000,0
DirectByteBufferAllocator.misses,1784808362659000000,1784808422661000000,0
StorageLockContext.competingThreads.90P,1784808362659000000,1784808422661000000,0
DirectByteBufferAllocator.hits,1784808362659000000,1784808422661000000,0
FilePageCache.pageLoads,1784808362659000000,1784808422661000000,0
StreamlinedBlobStorage.totalLiveRecordsPayloadBytes,1784808362659000000,1784808422661000000,0
FilePageCache.disposedBuffers,1784808362659000000,1784808422661000000,0
FilePageCache.pageHits,1784808362659000000,1784808422661000000,0
DirectByteBufferAllocator.reclaimed,1784808362659000000,1784808422661000000,0
StreamlinedBlobStorage.recordsRelocated,1784808362659000000,1784808422661000000,0
FilePageCache.totalPageDisposalsUs,1784808362659000000,1784808422661000000,0
FilePageCache.uncachedFileAccess,1784808362659000000,1784808422661000000,0
FileChannelInterruptsRetryer.totalRetriedAttempts,1784808362659000000,1784808422661000000,0
MappedFileStorage.totalTimeSpentOnMappingUs,1784808362659000000,1784808422661000000,3881
StorageLockContext.competingThreads.max,1784808362659000000,1784808422661000000,0
MappedFileStorage.totalPagesMapped,1784808362659000000,1784808422661000000,6
FilePageCache.totalPageLoadsUs,1784808362659000000,1784808422661000000,0
FilePageCache.maxRegisteredFiles,1784808362659000000,1784808422661000000,877
StorageLockContext.competingThreads.avg,1784808362659000000,1784808422661000000,0.0
StreamlinedBlobStorage.recordsDeleted,1784808362659000000,1784808422661000000,0
FilePageCache.pageLoadsAboveSizeThreshold,1784808362659000000,1784808422661000000,0
StreamlinedBlobStorage.recordsAllocated,1784808362659000000,1784808422661000000,0
FilePageCache.pageFastCacheHits,1784808362659000000,1784808422661000000,0
FilePageCache.maxCacheSizeInBytes,1784808362659000000,1784808422661000000,327172096
MappedFileStorage.totalBytesMapped,1784808362659000000,1784808422661000000,164626432
DirectByteBufferAllocator.totalSizeOfBuffersCachedInBytes,1784808362659000000,1784808422661000000,41959424
DirectByteBufferAllocator.totalSizeOfBuffersAllocatedInBytes,1784808362659000000,1784808422661000000,0
DirectByteBufferAllocator.disposed,1784808362659000000,1784808422661000000,0
FilePageCache.capacityInBytes,1784808362659000000,1784808422661000000,629145600
MappedFileStorage.storages,1784808362659000000,1784808422661000000,6
StreamlinedBlobStorage.totalLiveRecordsCapacityBytes,1784808362659000000,1784808422661000000,0
FlushQueue.queueSizeAvg,1784808362659000000,1784808422661000000,0.0
FlushQueue.executionTimeAvgNs,1784808362659000000,1784808422661000000,0.0
FlushQueue.waitingTime90PNs,1784808362659000000,1784808422661000000,0
FlushQueue.executionTimeMaxNs,1784808362659000000,1784808422661000000,0
AWTEventQueue.dispatchTimeMaxNs,1784808362659000000,1784808422661000000,0
FlushQueue.executionTime90PNs,1784808362659000000,1784808422661000000,0
AWTEventQueue.dispatchTimeTotalNS,1784808362659000000,1784808422661000000,12328793
FlushQueue.queueSize90P,1784808362659000000,1784808422661000000,0
FlushQueue.waitingTimeMaxNs,1784808362659000000,1784808422661000000,0
FlushQueue.waitingTimeAvgNs,1784808362659000000,1784808422661000000,0.0
WriteAction.executionsCount,1784808362659000000,1784808422661000000,0
FlushQueue.queueSizeMax,1784808362659000000,1784808422661000000,0
ReadAction.executionsCount,1784808362659000000,1784808422661000000,0
FlushQueue.tasksExecuted,1784808362659000000,1784808422661000000,0
AWTEventQueue.dispatchTimeAvgNs,1784808362659000000,1784808422661000000,0.0
AWTEventQueue.eventsDispatched,1784808362659000000,1784808422661000000,0
AWTEventQueue.dispatchTime90PNs,1784808362659000000,1784808422661000000,0
writeAction.max.wait.ms,1784808362659000000,1784808422661000000,2
DiskQueryRelay.tasksRequested,1784808362659000000,1784808422661000000,0
DiskQueryRelay.taskWaitingTotalTimeUs,1784808362659000000,1784808422661000000,0
DiskQueryRelay.taskExecutionTotalTimeUs,1784808362659000000,1784808422661000000,0
writeAction.median.wait.ms,1784808362659000000,1784808422661000000,0
writeAction.wait.ms,1784808362659000000,1784808422661000000,0
DiskQueryRelay.tasksExecuted,1784808362659000000,1784808422661000000,0
writeAction.count,1784808362659000000,1784808422661000000,0
Indexing.cache.totalCacheMisses,1784808362659000000,1784808422661000000,0
Indexes.stubs.lookupDuration90PMs,1784808362659000000,1784808422661000000,0.0
Indexing.cache.totalCacheEvicted,1784808362659000000,1784808422661000000,0
Indexing.writer_0.totalTimeSpentWritingMs,1784808362659000000,1784808422661000000,0
Indexes.allKeys.lookupDurationAvgMs,1784808362659000000,1784808422661000000,0.0
Indexes.entries.lookupDurationAvgMs,1784808362659000000,1784808422661000000,0.0
Indexes.allKeys.lookupDurationMaxMs,1784808362659000000,1784808422661000000,0.0
Indexing.writesQueuedMax,1784808362659000000,1784808422661000000,0
Indexes.allKeys.lookups,1784808362659000000,1784808422661000000,0
Indexing.cache.totalCacheAccesses,1784808362659000000,1784808422661000000,0
Indexing.totalTimeIndexersSleptMs,1784808362659000000,1784808422661000000,0
Indexing.writesQueuedMin,1784808362659000000,1784808422661000000,9223372036854775807
Indexes.stubs.lookupDurationAvgMs,1784808362659000000,1784808422661000000,0.0
Indexing.writer_2.totalTimeSpentWritingMs,1784808362659000000,1784808422661000000,0
Indexes.entries.lookupDuration90PMs,1784808362659000000,1784808422661000000,0.0
Indexing.writer_1.totalTimeSpentWritingMs,1784808362659000000,1784808422661000000,0
Indexes.stubs.lookups,1784808362659000000,1784808422661000000,0
Indexes.stubs.lookupDurationMaxMs,1784808362659000000,1784808422661000000,0.0
Indexes.entries.lookupDurationMaxMs,1784808362659000000,1784808422661000000,0.0
Indexing.writer_3.totalTimeSpentWritingMs,1784808362659000000,1784808422661000000,0
Indexes.entries.lookups,1784808362659000000,1784808422661000000,0
Indexes.allKeys.lookupDuration90PMs,1784808362659000000,1784808422661000000,0.0
cacheStateStorage.get.counter,1784808422661000000,1784808482654000000,0
cacheStateStorage.set.duration,1784808422661000000,1784808482654000000,0
cacheStateStorage.get.duration,1784808422661000000,1784808482654000000,0
cacheStateStorage.set.counter,1784808422661000000,1784808482654000000,0
VFS.fileByIdCache.misses,1784808422661000000,1784808482654000000,0
VFS.contentStorage.recordsDeduplicated,1784808422661000000,1784808482654000000,0
VFS.rootsCount,1784808422661000000,1784808482654000000,2.0
VFS.contentStorage.recordsReadSize,1784808422661000000,1784808482654000000,0
VFS.contentStorage.recordsUncompressedSize,1784808422661000000,1784808482654000000,0
VFS.contentStorage.recordsStoredSize,1784808422661000000,1784808482654000000,0
VFS.contentStorage.recordsDecompressionTimeUs,1784808422661000000,1784808482654000000,0
VFS.contentStorage.recordsReadDecompressed,1784808422661000000,1784808482654000000,0
VFS.fileChildByName,1784808422661000000,1784808482654000000,0
VFS.cache.filesCreated,1784808422661000000,1784808482654000000,0
VFS.contentStorage.recordsRead,1784808422661000000,1784808482654000000,0
VFS.folderCaseSensitivityReads,1784808422661000000,1784808482654000000,0
VFS.contentStorage.recordsStored,1784808422661000000,1784808482654000000,0
VFS.cache.directoriesCreated,1784808422661000000,1784808482654000000,0
VFS.fileByIdCache.hits,1784808422661000000,1784808482654000000,0
VFS.cache.segmentsCreated,1784808422661000000,1784808482654000000,0
VFS.invertedFileNameIndex.requests,1784808422661000000,1784808482654000000,0
VFS.cache.segments,1784808422661000000,1784808482654000000,3.0
FileNameCache.totalMisses,1784808422661000000,1784808482654000000,0
FileNameCache.queries,1784808422661000000,1784808482654000000,0
VFS.contentStorage.recordsStoredCompressed,1784808422661000000,1784808482654000000,0
DirectByteBufferAllocator.misses,1784808422661000000,1784808482654000000,0
StorageLockContext.competingThreads.90P,1784808422661000000,1784808482654000000,0
DirectByteBufferAllocator.hits,1784808422661000000,1784808482654000000,0
FilePageCache.pageLoads,1784808422661000000,1784808482654000000,0
StreamlinedBlobStorage.totalLiveRecordsPayloadBytes,1784808422661000000,1784808482654000000,0
FilePageCache.disposedBuffers,1784808422661000000,1784808482654000000,0
FilePageCache.pageHits,1784808422661000000,1784808482654000000,0
DirectByteBufferAllocator.reclaimed,1784808422661000000,1784808482654000000,0
StreamlinedBlobStorage.recordsRelocated,1784808422661000000,1784808482654000000,0
FilePageCache.totalPageDisposalsUs,1784808422661000000,1784808482654000000,0
FilePageCache.uncachedFileAccess,1784808422661000000,1784808482654000000,0
FileChannelInterruptsRetryer.totalRetriedAttempts,1784808422661000000,1784808482654000000,0
MappedFileStorage.totalTimeSpentOnMappingUs,1784808422661000000,1784808482654000000,3881
StorageLockContext.competingThreads.max,1784808422661000000,1784808482654000000,0
MappedFileStorage.totalPagesMapped,1784808422661000000,1784808482654000000,6
FilePageCache.totalPageLoadsUs,1784808422661000000,1784808482654000000,0
FilePageCache.maxRegisteredFiles,1784808422661000000,1784808482654000000,877
StorageLockContext.competingThreads.avg,1784808422661000000,1784808482654000000,0.0
StreamlinedBlobStorage.recordsDeleted,1784808422661000000,1784808482654000000,0
FilePageCache.pageLoadsAboveSizeThreshold,1784808422661000000,1784808482654000000,0
StreamlinedBlobStorage.recordsAllocated,1784808422661000000,1784808482654000000,0
FilePageCache.pageFastCacheHits,1784808422661000000,1784808482654000000,0
FilePageCache.maxCacheSizeInBytes,1784808422661000000,1784808482654000000,327172096
MappedFileStorage.totalBytesMapped,1784808422661000000,1784808482654000000,164626432
DirectByteBufferAllocator.totalSizeOfBuffersCachedInBytes,1784808422661000000,1784808482654000000,41959424
DirectByteBufferAllocator.totalSizeOfBuffersAllocatedInBytes,1784808422661000000,1784808482654000000,0
DirectByteBufferAllocator.disposed,1784808422661000000,1784808482654000000,0
FilePageCache.capacityInBytes,1784808422661000000,1784808482654000000,629145600
MappedFileStorage.storages,1784808422661000000,1784808482654000000,6
StreamlinedBlobStorage.totalLiveRecordsCapacityBytes,1784808422661000000,1784808482654000000,0
FlushQueue.queueSizeAvg,1784808422661000000,1784808482654000000,0.0
FlushQueue.executionTimeAvgNs,1784808422661000000,1784808482654000000,0.0
FlushQueue.waitingTime90PNs,1784808422661000000,1784808482654000000,0
FlushQueue.executionTimeMaxNs,1784808422661000000,1784808482654000000,0
AWTEventQueue.dispatchTimeMaxNs,1784808422661000000,1784808482654000000,0
FlushQueue.executionTime90PNs,1784808422661000000,1784808482654000000,0
AWTEventQueue.dispatchTimeTotalNS,1784808422661000000,1784808482654000000,12386837
FlushQueue.queueSize90P,1784808422661000000,1784808482654000000,0
FlushQueue.waitingTimeMaxNs,1784808422661000000,1784808482654000000,0
FlushQueue.waitingTimeAvgNs,1784808422661000000,1784808482654000000,0.0
WriteAction.executionsCount,1784808422661000000,1784808482654000000,0
FlushQueue.queueSizeMax,1784808422661000000,1784808482654000000,0
ReadAction.executionsCount,1784808422661000000,1784808482654000000,0
FlushQueue.tasksExecuted,1784808422661000000,1784808482654000000,0
AWTEventQueue.dispatchTimeAvgNs,1784808422661000000,1784808482654000000,0.0
AWTEventQueue.eventsDispatched,1784808422661000000,1784808482654000000,0
AWTEventQueue.dispatchTime90PNs,1784808422661000000,1784808482654000000,0
writeAction.max.wait.ms,1784808422661000000,1784808482654000000,2
DiskQueryRelay.tasksRequested,1784808422661000000,1784808482654000000,0
DiskQueryRelay.taskWaitingTotalTimeUs,1784808422661000000,1784808482654000000,0
DiskQueryRelay.taskExecutionTotalTimeUs,1784808422661000000,1784808482654000000,0
writeAction.median.wait.ms,1784808422661000000,1784808482654000000,0
writeAction.wait.ms,1784808422661000000,1784808482654000000,0
DiskQueryRelay.tasksExecuted,1784808422661000000,1784808482654000000,0
writeAction.count,1784808422661000000,1784808482654000000,0
Indexing.cache.totalCacheMisses,1784808422661000000,1784808482654000000,0
Indexes.stubs.lookupDuration90PMs,1784808422661000000,1784808482654000000,0.0
Indexing.cache.totalCacheEvicted,1784808422661000000,1784808482654000000,0
Indexing.writer_0.totalTimeSpentWritingMs,1784808422661000000,1784808482654000000,0
Indexes.allKeys.lookupDurationAvgMs,1784808422661000000,1784808482654000000,0.0
Indexes.entries.lookupDurationAvgMs,1784808422661000000,1784808482654000000,0.0
Indexes.allKeys.lookupDurationMaxMs,1784808422661000000,1784808482654000000,0.0
Indexing.writesQueuedMax,1784808422661000000,1784808482654000000,0
Indexes.allKeys.lookups,1784808422661000000,1784808482654000000,0
Indexing.cache.totalCacheAccesses,1784808422661000000,1784808482654000000,0
Indexing.totalTimeIndexersSleptMs,1784808422661000000,1784808482654000000,0
Indexing.writesQueuedMin,1784808422661000000,1784808482654000000,9223372036854775807
Indexes.stubs.lookupDurationAvgMs,1784808422661000000,1784808482654000000,0.0
Indexing.writer_2.totalTimeSpentWritingMs,1784808422661000000,1784808482654000000,0
Indexes.entries.lookupDuration90PMs,1784808422661000000,1784808482654000000,0.0
Indexing.writer_1.totalTimeSpentWritingMs,1784808422661000000,1784808482654000000,0
Indexes.stubs.lookups,1784808422661000000,1784808482654000000,0
Indexes.stubs.lookupDurationMaxMs,1784808422661000000,1784808482654000000,0.0
Indexes.entries.lookupDurationMaxMs,1784808422661000000,1784808482654000000,0.0
Indexing.writer_3.totalTimeSpentWritingMs,1784808422661000000,1784808482654000000,0
Indexes.entries.lookups,1784808422661000000,1784808482654000000,0
Indexes.allKeys.lookupDuration90PMs,1784808422661000000,1784808482654000000,0.0
cacheStateStorage.get.counter,1784808482654000000,1784808542654000000,0
cacheStateStorage.set.duration,1784808482654000000,1784808542654000000,0
cacheStateStorage.get.duration,1784808482654000000,1784808542654000000,0
cacheStateStorage.set.counter,1784808482654000000,1784808542654000000,0
VFS.fileByIdCache.misses,1784808482654000000,1784808542654000000,0
VFS.contentStorage.recordsDeduplicated,1784808482654000000,1784808542654000000,0
VFS.rootsCount,1784808482654000000,1784808542654000000,2.0
VFS.contentStorage.recordsReadSize,1784808482654000000,1784808542654000000,0
VFS.contentStorage.recordsUncompressedSize,1784808482654000000,1784808542654000000,0
VFS.contentStorage.recordsStoredSize,1784808482654000000,1784808542654000000,0
VFS.contentStorage.recordsDecompressionTimeUs,1784808482654000000,1784808542654000000,0
VFS.contentStorage.recordsReadDecompressed,1784808482654000000,1784808542654000000,0
VFS.fileChildByName,1784808482654000000,1784808542654000000,0
VFS.cache.filesCreated,1784808482654000000,1784808542654000000,0
VFS.contentStorage.recordsRead,1784808482654000000,1784808542654000000,0
VFS.folderCaseSensitivityReads,1784808482654000000,1784808542654000000,0
VFS.contentStorage.recordsStored,1784808482654000000,1784808542654000000,0
VFS.cache.directoriesCreated,1784808482654000000,1784808542654000000,0
VFS.fileByIdCache.hits,1784808482654000000,1784808542654000000,0
VFS.cache.segmentsCreated,1784808482654000000,1784808542654000000,0
VFS.invertedFileNameIndex.requests,1784808482654000000,1784808542654000000,0
VFS.cache.segments,1784808482654000000,1784808542654000000,3.0
FileNameCache.totalMisses,1784808482654000000,1784808542654000000,0
FileNameCache.queries,1784808482654000000,1784808542654000000,0
VFS.contentStorage.recordsStoredCompressed,1784808482654000000,1784808542654000000,0
DirectByteBufferAllocator.misses,1784808482654000000,1784808542654000000,0
StorageLockContext.competingThreads.90P,1784808482654000000,1784808542654000000,0
DirectByteBufferAllocator.hits,1784808482654000000,1784808542654000000,0
FilePageCache.pageLoads,1784808482654000000,1784808542654000000,0
StreamlinedBlobStorage.totalLiveRecordsPayloadBytes,1784808482654000000,1784808542654000000,0
FilePageCache.disposedBuffers,1784808482654000000,1784808542654000000,0
FilePageCache.pageHits,1784808482654000000,1784808542654000000,0
DirectByteBufferAllocator.reclaimed,1784808482654000000,1784808542654000000,0
StreamlinedBlobStorage.recordsRelocated,1784808482654000000,1784808542654000000,0
FilePageCache.totalPageDisposalsUs,1784808482654000000,1784808542654000000,0
FilePageCache.uncachedFileAccess,1784808482654000000,1784808542654000000,0
FileChannelInterruptsRetryer.totalRetriedAttempts,1784808482654000000,1784808542654000000,0
MappedFileStorage.totalTimeSpentOnMappingUs,1784808482654000000,1784808542654000000,3881
StorageLockContext.competingThreads.max,1784808482654000000,1784808542654000000,0
MappedFileStorage.totalPagesMapped,1784808482654000000,1784808542654000000,6
FilePageCache.totalPageLoadsUs,1784808482654000000,1784808542654000000,0
FilePageCache.maxRegisteredFiles,1784808482654000000,1784808542654000000,877
StorageLockContext.competingThreads.avg,1784808482654000000,1784808542654000000,0.0
StreamlinedBlobStorage.recordsDeleted,1784808482654000000,1784808542654000000,0
FilePageCache.pageLoadsAboveSizeThreshold,1784808482654000000,1784808542654000000,0
StreamlinedBlobStorage.recordsAllocated,1784808482654000000,1784808542654000000,0
FilePageCache.pageFastCacheHits,1784808482654000000,1784808542654000000,0
FilePageCache.maxCacheSizeInBytes,1784808482654000000,1784808542654000000,327172096
MappedFileStorage.totalBytesMapped,1784808482654000000,1784808542654000000,164626432
DirectByteBufferAllocator.totalSizeOfBuffersCachedInBytes,1784808482654000000,1784808542654000000,41959424
DirectByteBufferAllocator.totalSizeOfBuffersAllocatedInBytes,1784808482654000000,1784808542654000000,0
DirectByteBufferAllocator.disposed,1784808482654000000,1784808542654000000,0
FilePageCache.capacityInBytes,1784808482654000000,1784808542654000000,629145600
MappedFileStorage.storages,1784808482654000000,1784808542654000000,6
StreamlinedBlobStorage.totalLiveRecordsCapacityBytes,1784808482654000000,1784808542654000000,0
FlushQueue.queueSizeAvg,1784808482654000000,1784808542654000000,0.0
FlushQueue.executionTimeAvgNs,1784808482654000000,1784808542654000000,0.0
FlushQueue.waitingTime90PNs,1784808482654000000,1784808542654000000,0
FlushQueue.executionTimeMaxNs,1784808482654000000,1784808542654000000,0
AWTEventQueue.dispatchTimeMaxNs,1784808482654000000,1784808542654000000,0
FlushQueue.executionTime90PNs,1784808482654000000,1784808542654000000,0
AWTEventQueue.dispatchTimeTotalNS,1784808482654000000,1784808542654000000,12481708
FlushQueue.queueSize90P,1784808482654000000,1784808542654000000,0
FlushQueue.waitingTimeMaxNs,1784808482654000000,1784808542654000000,0
FlushQueue.waitingTimeAvgNs,1784808482654000000,1784808542654000000,0.0
WriteAction.executionsCount,1784808482654000000,1784808542654000000,0
FlushQueue.queueSizeMax,1784808482654000000,1784808542654000000,0
ReadAction.executionsCount,1784808482654000000,1784808542654000000,0
FlushQueue.tasksExecuted,1784808482654000000,1784808542654000000,0
AWTEventQueue.dispatchTimeAvgNs,1784808482654000000,1784808542654000000,0.0
AWTEventQueue.eventsDispatched,1784808482654000000,1784808542654000000,0
AWTEventQueue.dispatchTime90PNs,1784808482654000000,1784808542654000000,0
writeAction.max.wait.ms,1784808482654000000,1784808542654000000,2
DiskQueryRelay.tasksRequested,1784808482654000000,1784808542654000000,0
DiskQueryRelay.taskWaitingTotalTimeUs,1784808482654000000,1784808542654000000,0
DiskQueryRelay.taskExecutionTotalTimeUs,1784808482654000000,1784808542654000000,0
writeAction.median.wait.ms,1784808482654000000,1784808542654000000,0
writeAction.wait.ms,1784808482654000000,1784808542654000000,0
DiskQueryRelay.tasksExecuted,1784808482654000000,1784808542654000000,0
writeAction.count,1784808482654000000,1784808542654000000,0
Indexing.cache.totalCacheMisses,1784808482654000000,1784808542654000000,0
Indexes.stubs.lookupDuration90PMs,1784808482654000000,1784808542654000000,0.0
Indexing.cache.totalCacheEvicted,1784808482654000000,1784808542654000000,0
Indexing.writer_0.totalTimeSpentWritingMs,1784808482654000000,1784808542654000000,0
Indexes.allKeys.lookupDurationAvgMs,1784808482654000000,1784808542654000000,0.0
Indexes.entries.lookupDurationAvgMs,1784808482654000000,1784808542654000000,0.0
Indexes.allKeys.lookupDurationMaxMs,1784808482654000000,1784808542654000000,0.0
Indexing.writesQueuedMax,1784808482654000000,1784808542654000000,0
Indexes.allKeys.lookups,1784808482654000000,1784808542654000000,0
Indexing.cache.totalCacheAccesses,1784808482654000000,1784808542654000000,0
Indexing.totalTimeIndexersSleptMs,1784808482654000000,1784808542654000000,0
Indexing.writesQueuedMin,1784808482654000000,1784808542654000000,9223372036854775807
Indexes.stubs.lookupDurationAvgMs,1784808482654000000,1784808542654000000,0.0
Indexing.writer_2.totalTimeSpentWritingMs,1784808482654000000,1784808542654000000,0
Indexes.entries.lookupDuration90PMs,1784808482654000000,1784808542654000000,0.0
Indexing.writer_1.totalTimeSpentWritingMs,1784808482654000000,1784808542654000000,0
Indexes.stubs.lookups,1784808482654000000,1784808542654000000,0
Indexes.stubs.lookupDurationMaxMs,1784808482654000000,1784808542654000000,0.0
Indexes.entries.lookupDurationMaxMs,1784808482654000000,1784808542654000000,0.0
Indexing.writer_3.totalTimeSpentWritingMs,1784808482654000000,1784808542654000000,0
Indexes.entries.lookups,1784808482654000000,1784808542654000000,0
Indexes.allKeys.lookupDuration90PMs,1784808482654000000,1784808542654000000,0.0
cacheStateStorage.get.counter,1784808542654000000,1784808602663000000,0
cacheStateStorage.set.duration,1784808542654000000,1784808602663000000,0
cacheStateStorage.get.duration,1784808542654000000,1784808602663000000,0
cacheStateStorage.set.counter,1784808542654000000,1784808602663000000,0
VFS.fileByIdCache.misses,1784808542654000000,1784808602663000000,0
VFS.contentStorage.recordsDeduplicated,1784808542654000000,1784808602663000000,0
VFS.rootsCount,1784808542654000000,1784808602663000000,2.0
VFS.contentStorage.recordsReadSize,1784808542654000000,1784808602663000000,0
VFS.contentStorage.recordsUncompressedSize,1784808542654000000,1784808602663000000,0
VFS.contentStorage.recordsStoredSize,1784808542654000000,1784808602663000000,0
VFS.contentStorage.recordsDecompressionTimeUs,1784808542654000000,1784808602663000000,0
VFS.contentStorage.recordsReadDecompressed,1784808542654000000,1784808602663000000,0
VFS.fileChildByName,1784808542654000000,1784808602663000000,0
VFS.cache.filesCreated,1784808542654000000,1784808602663000000,0
VFS.contentStorage.recordsRead,1784808542654000000,1784808602663000000,0
VFS.folderCaseSensitivityReads,1784808542654000000,1784808602663000000,0
VFS.contentStorage.recordsStored,1784808542654000000,1784808602663000000,0
VFS.cache.directoriesCreated,1784808542654000000,1784808602663000000,0
VFS.fileByIdCache.hits,1784808542654000000,1784808602663000000,0
VFS.cache.segmentsCreated,1784808542654000000,1784808602663000000,0
VFS.invertedFileNameIndex.requests,1784808542654000000,1784808602663000000,0
VFS.cache.segments,1784808542654000000,1784808602663000000,3.0
FileNameCache.totalMisses,1784808542654000000,1784808602663000000,0
FileNameCache.queries,1784808542654000000,1784808602663000000,0
VFS.contentStorage.recordsStoredCompressed,1784808542654000000,1784808602663000000,0
DirectByteBufferAllocator.misses,1784808542654000000,1784808602663000000,0
StorageLockContext.competingThreads.90P,1784808542654000000,1784808602663000000,0
DirectByteBufferAllocator.hits,1784808542654000000,1784808602663000000,0
FilePageCache.pageLoads,1784808542654000000,1784808602663000000,0
StreamlinedBlobStorage.totalLiveRecordsPayloadBytes,1784808542654000000,1784808602663000000,0
FilePageCache.disposedBuffers,1784808542654000000,1784808602663000000,0
FilePageCache.pageHits,1784808542654000000,1784808602663000000,0
DirectByteBufferAllocator.reclaimed,1784808542654000000,1784808602663000000,0
StreamlinedBlobStorage.recordsRelocated,1784808542654000000,1784808602663000000,0
FilePageCache.totalPageDisposalsUs,1784808542654000000,1784808602663000000,0
FilePageCache.uncachedFileAccess,1784808542654000000,1784808602663000000,0
FileChannelInterruptsRetryer.totalRetriedAttempts,1784808542654000000,1784808602663000000,0
MappedFileStorage.totalTimeSpentOnMappingUs,1784808542654000000,1784808602663000000,3881
StorageLockContext.competingThreads.max,1784808542654000000,1784808602663000000,0
MappedFileStorage.totalPagesMapped,1784808542654000000,1784808602663000000,6
FilePageCache.totalPageLoadsUs,1784808542654000000,1784808602663000000,0
FilePageCache.maxRegisteredFiles,1784808542654000000,1784808602663000000,877
StorageLockContext.competingThreads.avg,1784808542654000000,1784808602663000000,0.0
StreamlinedBlobStorage.recordsDeleted,1784808542654000000,1784808602663000000,0
FilePageCache.pageLoadsAboveSizeThreshold,1784808542654000000,1784808602663000000,0
StreamlinedBlobStorage.recordsAllocated,1784808542654000000,1784808602663000000,0
FilePageCache.pageFastCacheHits,1784808542654000000,1784808602663000000,0
FilePageCache.maxCacheSizeInBytes,1784808542654000000,1784808602663000000,327172096
MappedFileStorage.totalBytesMapped,1784808542654000000,1784808602663000000,164626432
DirectByteBufferAllocator.totalSizeOfBuffersCachedInBytes,1784808542654000000,1784808602663000000,41959424
DirectByteBufferAllocator.totalSizeOfBuffersAllocatedInBytes,1784808542654000000,1784808602663000000,0
DirectByteBufferAllocator.disposed,1784808542654000000,1784808602663000000,0
FilePageCache.capacityInBytes,1784808542654000000,1784808602663000000,629145600
MappedFileStorage.storages,1784808542654000000,1784808602663000000,6
StreamlinedBlobStorage.totalLiveRecordsCapacityBytes,1784808542654000000,1784808602663000000,0
FlushQueue.queueSizeAvg,1784808542654000000,1784808602663000000,0.0
FlushQueue.executionTimeAvgNs,1784808542654000000,1784808602663000000,0.0
FlushQueue.waitingTime90PNs,1784808542654000000,1784808602663000000,0
FlushQueue.executionTimeMaxNs,1784808542654000000,1784808602663000000,0
AWTEventQueue.dispatchTimeMaxNs,1784808542654000000,1784808602663000000,0
FlushQueue.executionTime90PNs,1784808542654000000,1784808602663000000,0
AWTEventQueue.dispatchTimeTotalNS,1784808542654000000,1784808602663000000,12375873
FlushQueue.queueSize90P,1784808542654000000,1784808602663000000,0
FlushQueue.waitingTimeMaxNs,1784808542654000000,1784808602663000000,0
FlushQueue.waitingTimeAvgNs,1784808542654000000,1784808602663000000,0.0
WriteAction.executionsCount,1784808542654000000,1784808602663000000,0
FlushQueue.queueSizeMax,1784808542654000000,1784808602663000000,0
ReadAction.executionsCount,1784808542654000000,1784808602663000000,0
FlushQueue.tasksExecuted,1784808542654000000,1784808602663000000,0
AWTEventQueue.dispatchTimeAvgNs,1784808542654000000,1784808602663000000,0.0
AWTEventQueue.eventsDispatched,1784808542654000000,1784808602663000000,0
AWTEventQueue.dispatchTime90PNs,1784808542654000000,1784808602663000000,0
writeAction.max.wait.ms,1784808542654000000,1784808602663000000,2
DiskQueryRelay.tasksRequested,1784808542654000000,1784808602663000000,0
DiskQueryRelay.taskWaitingTotalTimeUs,1784808542654000000,1784808602663000000,0
DiskQueryRelay.taskExecutionTotalTimeUs,1784808542654000000,1784808602663000000,0
writeAction.median.wait.ms,1784808542654000000,1784808602663000000,0
writeAction.wait.ms,1784808542654000000,1784808602663000000,0
DiskQueryRelay.tasksExecuted,1784808542654000000,1784808602663000000,0
writeAction.count,1784808542654000000,1784808602663000000,0
Indexing.cache.totalCacheMisses,1784808542654000000,1784808602663000000,0
Indexes.stubs.lookupDuration90PMs,1784808542654000000,1784808602663000000,0.0
Indexing.cache.totalCacheEvicted,1784808542654000000,1784808602663000000,0
Indexing.writer_0.totalTimeSpentWritingMs,1784808542654000000,1784808602663000000,0
Indexes.allKeys.lookupDurationAvgMs,1784808542654000000,1784808602663000000,0.0
Indexes.entries.lookupDurationAvgMs,1784808542654000000,1784808602663000000,0.0
Indexes.allKeys.lookupDurationMaxMs,1784808542654000000,1784808602663000000,0.0
Indexing.writesQueuedMax,1784808542654000000,1784808602663000000,0
Indexes.allKeys.lookups,1784808542654000000,1784808602663000000,0
Indexing.cache.totalCacheAccesses,1784808542654000000,1784808602663000000,0
Indexing.totalTimeIndexersSleptMs,1784808542654000000,1784808602663000000,0
Indexing.writesQueuedMin,1784808542654000000,1784808602663000000,9223372036854775807
Indexes.stubs.lookupDurationAvgMs,1784808542654000000,1784808602663000000,0.0
Indexing.writer_2.totalTimeSpentWritingMs,1784808542654000000,1784808602663000000,0
Indexes.entries.lookupDuration90PMs,1784808542654000000,1784808602663000000,0.0
Indexing.writer_1.totalTimeSpentWritingMs,1784808542654000000,1784808602663000000,0
Indexes.stubs.lookups,1784808542654000000,1784808602663000000,0
Indexes.stubs.lookupDurationMaxMs,1784808542654000000,1784808602663000000,0.0
Indexes.entries.lookupDurationMaxMs,1784808542654000000,1784808602663000000,0.0
Indexing.writer_3.totalTimeSpentWritingMs,1784808542654000000,1784808602663000000,0
Indexes.entries.lookups,1784808542654000000,1784808602663000000,0
Indexes.allKeys.lookupDuration90PMs,1784808542654000000,1784808602663000000,0.0
cacheStateStorage.get.counter,1784808602663000000,1784808662660000000,0
cacheStateStorage.set.duration,1784808602663000000,1784808662660000000,0
cacheStateStorage.get.duration,1784808602663000000,1784808662660000000,0
cacheStateStorage.set.counter,1784808602663000000,1784808662660000000,0
VFS.fileByIdCache.misses,1784808602663000000,1784808662660000000,0
VFS.contentStorage.recordsDeduplicated,1784808602663000000,1784808662660000000,0
VFS.rootsCount,1784808602663000000,1784808662660000000,2.0
VFS.contentStorage.recordsReadSize,1784808602663000000,1784808662660000000,0
VFS.contentStorage.recordsUncompressedSize,1784808602663000000,1784808662660000000,0
VFS.contentStorage.recordsStoredSize,1784808602663000000,1784808662660000000,0
VFS.contentStorage.recordsDecompressionTimeUs,1784808602663000000,1784808662660000000,0
VFS.contentStorage.recordsReadDecompressed,1784808602663000000,1784808662660000000,0
VFS.fileChildByName,1784808602663000000,1784808662660000000,0
VFS.cache.filesCreated,1784808602663000000,1784808662660000000,0
VFS.contentStorage.recordsRead,1784808602663000000,1784808662660000000,0
VFS.folderCaseSensitivityReads,1784808602663000000,1784808662660000000,0
VFS.contentStorage.recordsStored,1784808602663000000,1784808662660000000,0
VFS.cache.directoriesCreated,1784808602663000000,1784808662660000000,0
VFS.fileByIdCache.hits,1784808602663000000,1784808662660000000,0
VFS.cache.segmentsCreated,1784808602663000000,1784808662660000000,0
VFS.invertedFileNameIndex.requests,1784808602663000000,1784808662660000000,0
VFS.cache.segments,1784808602663000000,1784808662660000000,3.0
FileNameCache.totalMisses,1784808602663000000,1784808662660000000,0
FileNameCache.queries,1784808602663000000,1784808662660000000,0
VFS.contentStorage.recordsStoredCompressed,1784808602663000000,1784808662660000000,0
DirectByteBufferAllocator.misses,1784808602663000000,1784808662660000000,0
StorageLockContext.competingThreads.90P,1784808602663000000,1784808662660000000,0
DirectByteBufferAllocator.hits,1784808602663000000,1784808662660000000,0
FilePageCache.pageLoads,1784808602663000000,1784808662660000000,0
StreamlinedBlobStorage.totalLiveRecordsPayloadBytes,1784808602663000000,1784808662660000000,0
FilePageCache.disposedBuffers,1784808602663000000,1784808662660000000,0
FilePageCache.pageHits,1784808602663000000,1784808662660000000,0
DirectByteBufferAllocator.reclaimed,1784808602663000000,1784808662660000000,0
StreamlinedBlobStorage.recordsRelocated,1784808602663000000,1784808662660000000,0
FilePageCache.totalPageDisposalsUs,1784808602663000000,1784808662660000000,0
FilePageCache.uncachedFileAccess,1784808602663000000,1784808662660000000,0
FileChannelInterruptsRetryer.totalRetriedAttempts,1784808602663000000,1784808662660000000,0
MappedFileStorage.totalTimeSpentOnMappingUs,1784808602663000000,1784808662660000000,3881
StorageLockContext.competingThreads.max,1784808602663000000,1784808662660000000,0
MappedFileStorage.totalPagesMapped,1784808602663000000,1784808662660000000,6
FilePageCache.totalPageLoadsUs,1784808602663000000,1784808662660000000,0
FilePageCache.maxRegisteredFiles,1784808602663000000,1784808662660000000,877
StorageLockContext.competingThreads.avg,1784808602663000000,1784808662660000000,0.0
StreamlinedBlobStorage.recordsDeleted,1784808602663000000,1784808662660000000,0
FilePageCache.pageLoadsAboveSizeThreshold,1784808602663000000,1784808662660000000,0
StreamlinedBlobStorage.recordsAllocated,1784808602663000000,1784808662660000000,0
FilePageCache.pageFastCacheHits,1784808602663000000,1784808662660000000,0
FilePageCache.maxCacheSizeInBytes,1784808602663000000,1784808662660000000,327172096
MappedFileStorage.totalBytesMapped,1784808602663000000,1784808662660000000,164626432
DirectByteBufferAllocator.totalSizeOfBuffersCachedInBytes,1784808602663000000,1784808662660000000,41959424
DirectByteBufferAllocator.totalSizeOfBuffersAllocatedInBytes,1784808602663000000,1784808662660000000,0
DirectByteBufferAllocator.disposed,1784808602663000000,1784808662660000000,0
FilePageCache.capacityInBytes,1784808602663000000,1784808662660000000,629145600
MappedFileStorage.storages,1784808602663000000,1784808662660000000,6
StreamlinedBlobStorage.totalLiveRecordsCapacityBytes,1784808602663000000,1784808662660000000,0
FlushQueue.queueSizeAvg,1784808602663000000,1784808662660000000,0.0
FlushQueue.executionTimeAvgNs,1784808602663000000,1784808662660000000,0.0
FlushQueue.waitingTime90PNs,1784808602663000000,1784808662660000000,0
FlushQueue.executionTimeMaxNs,1784808602663000000,1784808662660000000,0
AWTEventQueue.dispatchTimeMaxNs,1784808602663000000,1784808662660000000,0
FlushQueue.executionTime90PNs,1784808602663000000,1784808662660000000,0
AWTEventQueue.dispatchTimeTotalNS,1784808602663000000,1784808662660000000,12048290
FlushQueue.queueSize90P,1784808602663000000,1784808662660000000,0
FlushQueue.waitingTimeMaxNs,1784808602663000000,1784808662660000000,0
FlushQueue.waitingTimeAvgNs,1784808602663000000,1784808662660000000,0.0
WriteAction.executionsCount,1784808602663000000,1784808662660000000,0
FlushQueue.queueSizeMax,1784808602663000000,1784808662660000000,0
ReadAction.executionsCount,1784808602663000000,1784808662660000000,0
FlushQueue.tasksExecuted,1784808602663000000,1784808662660000000,0
AWTEventQueue.dispatchTimeAvgNs,1784808602663000000,1784808662660000000,0.0
AWTEventQueue.eventsDispatched,1784808602663000000,1784808662660000000,0
AWTEventQueue.dispatchTime90PNs,1784808602663000000,1784808662660000000,0
writeAction.max.wait.ms,1784808602663000000,1784808662660000000,2
DiskQueryRelay.tasksRequested,1784808602663000000,1784808662660000000,0
DiskQueryRelay.taskWaitingTotalTimeUs,1784808602663000000,1784808662660000000,0
DiskQueryRelay.taskExecutionTotalTimeUs,1784808602663000000,1784808662660000000,0
writeAction.median.wait.ms,1784808602663000000,1784808662660000000,0
writeAction.wait.ms,1784808602663000000,1784808662660000000,0
DiskQueryRelay.tasksExecuted,1784808602663000000,1784808662660000000,0
writeAction.count,1784808602663000000,1784808662660000000,0
Indexing.cache.totalCacheMisses,1784808602663000000,1784808662660000000,0
Indexes.stubs.lookupDuration90PMs,1784808602663000000,1784808662660000000,0.0
Indexing.cache.totalCacheEvicted,1784808602663000000,1784808662660000000,0
Indexing.writer_0.totalTimeSpentWritingMs,1784808602663000000,1784808662660000000,0
Indexes.allKeys.lookupDurationAvgMs,1784808602663000000,1784808662660000000,0.0
Indexes.entries.lookupDurationAvgMs,1784808602663000000,1784808662660000000,0.0
Indexes.allKeys.lookupDurationMaxMs,1784808602663000000,1784808662660000000,0.0
Indexing.writesQueuedMax,1784808602663000000,1784808662660000000,0
Indexes.allKeys.lookups,1784808602663000000,1784808662660000000,0
Indexing.cache.totalCacheAccesses,1784808602663000000,1784808662660000000,0
Indexing.totalTimeIndexersSleptMs,1784808602663000000,1784808662660000000,0
Indexing.writesQueuedMin,1784808602663000000,1784808662660000000,9223372036854775807
Indexes.stubs.lookupDurationAvgMs,1784808602663000000,1784808662660000000,0.0
Indexing.writer_2.totalTimeSpentWritingMs,1784808602663000000,1784808662660000000,0
Indexes.entries.lookupDuration90PMs,1784808602663000000,1784808662660000000,0.0
Indexing.writer_1.totalTimeSpentWritingMs,1784808602663000000,1784808662660000000,0
Indexes.stubs.lookups,1784808602663000000,1784808662660000000,0
Indexes.stubs.lookupDurationMaxMs,1784808602663000000,1784808662660000000,0.0
Indexes.entries.lookupDurationMaxMs,1784808602663000000,1784808662660000000,0.0
Indexing.writer_3.totalTimeSpentWritingMs,1784808602663000000,1784808662660000000,0
Indexes.entries.lookups,1784808602663000000,1784808662660000000,0
Indexes.allKeys.lookupDuration90PMs,1784808602663000000,1784808662660000000,0.0
cacheStateStorage.get.counter,1784808662660000000,1784808722654000000,0
cacheStateStorage.set.duration,1784808662660000000,1784808722654000000,0
cacheStateStorage.get.duration,1784808662660000000,1784808722654000000,0
cacheStateStorage.set.counter,1784808662660000000,1784808722654000000,0
VFS.fileByIdCache.misses,1784808662660000000,1784808722654000000,0
VFS.contentStorage.recordsDeduplicated,1784808662660000000,1784808722654000000,0
VFS.rootsCount,1784808662660000000,1784808722654000000,2.0
VFS.contentStorage.recordsReadSize,1784808662660000000,1784808722654000000,0
VFS.contentStorage.recordsUncompressedSize,1784808662660000000,1784808722654000000,0
VFS.contentStorage.recordsStoredSize,1784808662660000000,1784808722654000000,0
VFS.contentStorage.recordsDecompressionTimeUs,1784808662660000000,1784808722654000000,0
VFS.contentStorage.recordsReadDecompressed,1784808662660000000,1784808722654000000,0
VFS.fileChildByName,1784808662660000000,1784808722654000000,0
VFS.cache.filesCreated,1784808662660000000,1784808722654000000,0
VFS.contentStorage.recordsRead,1784808662660000000,1784808722654000000,0
VFS.folderCaseSensitivityReads,1784808662660000000,1784808722654000000,0
VFS.contentStorage.recordsStored,1784808662660000000,1784808722654000000,0
VFS.cache.directoriesCreated,1784808662660000000,1784808722654000000,0
VFS.fileByIdCache.hits,1784808662660000000,1784808722654000000,0
VFS.cache.segmentsCreated,1784808662660000000,1784808722654000000,0
VFS.invertedFileNameIndex.requests,1784808662660000000,1784808722654000000,0
VFS.cache.segments,1784808662660000000,1784808722654000000,3.0
FileNameCache.totalMisses,1784808662660000000,1784808722654000000,0
FileNameCache.queries,1784808662660000000,1784808722654000000,0
VFS.contentStorage.recordsStoredCompressed,1784808662660000000,1784808722654000000,0
DirectByteBufferAllocator.misses,1784808662660000000,1784808722654000000,0
StorageLockContext.competingThreads.90P,1784808662660000000,1784808722654000000,0
DirectByteBufferAllocator.hits,1784808662660000000,1784808722654000000,0
FilePageCache.pageLoads,1784808662660000000,1784808722654000000,0
StreamlinedBlobStorage.totalLiveRecordsPayloadBytes,1784808662660000000,1784808722654000000,0
FilePageCache.disposedBuffers,1784808662660000000,1784808722654000000,0
FilePageCache.pageHits,1784808662660000000,1784808722654000000,0
DirectByteBufferAllocator.reclaimed,1784808662660000000,1784808722654000000,0
StreamlinedBlobStorage.recordsRelocated,1784808662660000000,1784808722654000000,0
FilePageCache.totalPageDisposalsUs,1784808662660000000,1784808722654000000,0
FilePageCache.uncachedFileAccess,1784808662660000000,1784808722654000000,0
FileChannelInterruptsRetryer.totalRetriedAttempts,1784808662660000000,1784808722654000000,0
MappedFileStorage.totalTimeSpentOnMappingUs,1784808662660000000,1784808722654000000,3881
StorageLockContext.competingThreads.max,1784808662660000000,1784808722654000000,0
MappedFileStorage.totalPagesMapped,1784808662660000000,1784808722654000000,6
FilePageCache.totalPageLoadsUs,1784808662660000000,1784808722654000000,0
FilePageCache.maxRegisteredFiles,1784808662660000000,1784808722654000000,877
StorageLockContext.competingThreads.avg,1784808662660000000,1784808722654000000,0.0
StreamlinedBlobStorage.recordsDeleted,1784808662660000000,1784808722654000000,0
FilePageCache.pageLoadsAboveSizeThreshold,1784808662660000000,1784808722654000000,0
StreamlinedBlobStorage.recordsAllocated,1784808662660000000,1784808722654000000,0
FilePageCache.pageFastCacheHits,1784808662660000000,1784808722654000000,0
FilePageCache.maxCacheSizeInBytes,1784808662660000000,1784808722654000000,327172096
MappedFileStorage.totalBytesMapped,1784808662660000000,1784808722654000000,164626432
DirectByteBufferAllocator.totalSizeOfBuffersCachedInBytes,1784808662660000000,1784808722654000000,41959424
DirectByteBufferAllocator.totalSizeOfBuffersAllocatedInBytes,1784808662660000000,1784808722654000000,0
DirectByteBufferAllocator.disposed,1784808662660000000,1784808722654000000,0
FilePageCache.capacityInBytes,1784808662660000000,1784808722654000000,629145600
MappedFileStorage.storages,1784808662660000000,1784808722654000000,6
StreamlinedBlobStorage.totalLiveRecordsCapacityBytes,1784808662660000000,1784808722654000000,0
FlushQueue.queueSizeAvg,1784808662660000000,1784808722654000000,0.0
FlushQueue.executionTimeAvgNs,1784808662660000000,1784808722654000000,0.0
FlushQueue.waitingTime90PNs,1784808662660000000,1784808722654000000,0
FlushQueue.executionTimeMaxNs,1784808662660000000,1784808722654000000,0
AWTEventQueue.dispatchTimeMaxNs,1784808662660000000,1784808722654000000,0
FlushQueue.executionTime90PNs,1784808662660000000,1784808722654000000,0
AWTEventQueue.dispatchTimeTotalNS,1784808662660000000,1784808722654000000,13596123
FlushQueue.queueSize90P,1784808662660000000,1784808722654000000,0
FlushQueue.waitingTimeMaxNs,1784808662660000000,1784808722654000000,0
FlushQueue.waitingTimeAvgNs,1784808662660000000,1784808722654000000,0.0
WriteAction.executionsCount,1784808662660000000,1784808722654000000,0
FlushQueue.queueSizeMax,1784808662660000000,1784808722654000000,0
ReadAction.executionsCount,1784808662660000000,1784808722654000000,0
FlushQueue.tasksExecuted,1784808662660000000,1784808722654000000,0
AWTEventQueue.dispatchTimeAvgNs,1784808662660000000,1784808722654000000,0.0
AWTEventQueue.eventsDispatched,1784808662660000000,1784808722654000000,0
AWTEventQueue.dispatchTime90PNs,1784808662660000000,1784808722654000000,0
writeAction.max.wait.ms,1784808662660000000,1784808722654000000,2
DiskQueryRelay.tasksRequested,1784808662660000000,1784808722654000000,0
DiskQueryRelay.taskWaitingTotalTimeUs,1784808662660000000,1784808722654000000,0
DiskQueryRelay.taskExecutionTotalTimeUs,1784808662660000000,1784808722654000000,0
writeAction.median.wait.ms,1784808662660000000,1784808722654000000,0
writeAction.wait.ms,1784808662660000000,1784808722654000000,0
DiskQueryRelay.tasksExecuted,1784808662660000000,1784808722654000000,0
writeAction.count,1784808662660000000,1784808722654000000,0
Indexing.cache.totalCacheMisses,1784808662660000000,1784808722654000000,0
Indexes.stubs.lookupDuration90PMs,1784808662660000000,1784808722654000000,0.0
Indexing.cache.totalCacheEvicted,1784808662660000000,1784808722654000000,0
Indexing.writer_0.totalTimeSpentWritingMs,1784808662660000000,1784808722654000000,0
Indexes.allKeys.lookupDurationAvgMs,1784808662660000000,1784808722654000000,0.0
Indexes.entries.lookupDurationAvgMs,1784808662660000000,1784808722654000000,0.0
Indexes.allKeys.lookupDurationMaxMs,1784808662660000000,1784808722654000000,0.0
Indexing.writesQueuedMax,1784808662660000000,1784808722654000000,0
Indexes.allKeys.lookups,1784808662660000000,1784808722654000000,0
Indexing.cache.totalCacheAccesses,1784808662660000000,1784808722654000000,0
Indexing.totalTimeIndexersSleptMs,1784808662660000000,1784808722654000000,0
Indexing.writesQueuedMin,1784808662660000000,1784808722654000000,9223372036854775807
Indexes.stubs.lookupDurationAvgMs,1784808662660000000,1784808722654000000,0.0
Indexing.writer_2.totalTimeSpentWritingMs,1784808662660000000,1784808722654000000,0
Indexes.entries.lookupDuration90PMs,1784808662660000000,1784808722654000000,0.0
Indexing.writer_1.totalTimeSpentWritingMs,1784808662660000000,1784808722654000000,0
Indexes.stubs.lookups,1784808662660000000,1784808722654000000,0
Indexes.stubs.lookupDurationMaxMs,1784808662660000000,1784808722654000000,0.0
Indexes.entries.lookupDurationMaxMs,1784808662660000000,1784808722654000000,0.0
Indexing.writer_3.totalTimeSpentWritingMs,1784808662660000000,1784808722654000000,0
Indexes.entries.lookups,1784808662660000000,1784808722654000000,0
Indexes.allKeys.lookupDuration90PMs,1784808662660000000,1784808722654000000,0.0
cacheStateStorage.get.counter,1784808722654000000,1784808782660000000,0
cacheStateStorage.set.duration,1784808722654000000,1784808782660000000,0
cacheStateStorage.get.duration,1784808722654000000,1784808782660000000,0
cacheStateStorage.set.counter,1784808722654000000,1784808782660000000,0
VFS.fileByIdCache.misses,1784808722654000000,1784808782660000000,0
VFS.contentStorage.recordsDeduplicated,1784808722654000000,1784808782660000000,0
VFS.rootsCount,1784808722654000000,1784808782660000000,2.0
VFS.contentStorage.recordsReadSize,1784808722654000000,1784808782660000000,0
VFS.contentStorage.recordsUncompressedSize,1784808722654000000,1784808782660000000,0
VFS.contentStorage.recordsStoredSize,1784808722654000000,1784808782660000000,0
VFS.contentStorage.recordsDecompressionTimeUs,1784808722654000000,1784808782660000000,0
VFS.contentStorage.recordsReadDecompressed,1784808722654000000,1784808782660000000,0
VFS.fileChildByName,1784808722654000000,1784808782660000000,0
VFS.cache.filesCreated,1784808722654000000,1784808782660000000,0
VFS.contentStorage.recordsRead,1784808722654000000,1784808782660000000,0
VFS.folderCaseSensitivityReads,1784808722654000000,1784808782660000000,0
VFS.contentStorage.recordsStored,1784808722654000000,1784808782660000000,0
VFS.cache.directoriesCreated,1784808722654000000,1784808782660000000,0
VFS.fileByIdCache.hits,1784808722654000000,1784808782660000000,0
VFS.cache.segmentsCreated,1784808722654000000,1784808782660000000,0
VFS.invertedFileNameIndex.requests,1784808722654000000,1784808782660000000,0
VFS.cache.segments,1784808722654000000,1784808782660000000,3.0
FileNameCache.totalMisses,1784808722654000000,1784808782660000000,0
FileNameCache.queries,1784808722654000000,1784808782660000000,0
VFS.contentStorage.recordsStoredCompressed,1784808722654000000,1784808782660000000,0
DirectByteBufferAllocator.misses,1784808722654000000,1784808782660000000,0
StorageLockContext.competingThreads.90P,1784808722654000000,1784808782660000000,0
DirectByteBufferAllocator.hits,1784808722654000000,1784808782660000000,0
FilePageCache.pageLoads,1784808722654000000,1784808782660000000,0
StreamlinedBlobStorage.totalLiveRecordsPayloadBytes,1784808722654000000,1784808782660000000,0
FilePageCache.disposedBuffers,1784808722654000000,1784808782660000000,0
FilePageCache.pageHits,1784808722654000000,1784808782660000000,0
DirectByteBufferAllocator.reclaimed,1784808722654000000,1784808782660000000,0
StreamlinedBlobStorage.recordsRelocated,1784808722654000000,1784808782660000000,0
FilePageCache.totalPageDisposalsUs,1784808722654000000,1784808782660000000,0
FilePageCache.uncachedFileAccess,1784808722654000000,1784808782660000000,0
FileChannelInterruptsRetryer.totalRetriedAttempts,1784808722654000000,1784808782660000000,0
MappedFileStorage.totalTimeSpentOnMappingUs,1784808722654000000,1784808782660000000,3881
StorageLockContext.competingThreads.max,1784808722654000000,1784808782660000000,0
MappedFileStorage.totalPagesMapped,1784808722654000000,1784808782660000000,6
FilePageCache.totalPageLoadsUs,1784808722654000000,1784808782660000000,0
FilePageCache.maxRegisteredFiles,1784808722654000000,1784808782660000000,877
StorageLockContext.competingThreads.avg,1784808722654000000,1784808782660000000,0.0
StreamlinedBlobStorage.recordsDeleted,1784808722654000000,1784808782660000000,0
FilePageCache.pageLoadsAboveSizeThreshold,1784808722654000000,1784808782660000000,0
StreamlinedBlobStorage.recordsAllocated,1784808722654000000,1784808782660000000,0
FilePageCache.pageFastCacheHits,1784808722654000000,1784808782660000000,0
FilePageCache.maxCacheSizeInBytes,1784808722654000000,1784808782660000000,327172096
MappedFileStorage.totalBytesMapped,1784808722654000000,1784808782660000000,164626432
DirectByteBufferAllocator.totalSizeOfBuffersCachedInBytes,1784808722654000000,1784808782660000000,41959424
DirectByteBufferAllocator.totalSizeOfBuffersAllocatedInBytes,1784808722654000000,1784808782660000000,0
DirectByteBufferAllocator.disposed,1784808722654000000,1784808782660000000,0
FilePageCache.capacityInBytes,1784808722654000000,1784808782660000000,629145600
MappedFileStorage.storages,1784808722654000000,1784808782660000000,6
StreamlinedBlobStorage.totalLiveRecordsCapacityBytes,1784808722654000000,1784808782660000000,0
FlushQueue.queueSizeAvg,1784808722654000000,1784808782660000000,0.0
FlushQueue.executionTimeAvgNs,1784808722654000000,1784808782660000000,0.0
FlushQueue.waitingTime90PNs,1784808722654000000,1784808782660000000,0
FlushQueue.executionTimeMaxNs,1784808722654000000,1784808782660000000,0
AWTEventQueue.dispatchTimeMaxNs,1784808722654000000,1784808782660000000,0
FlushQueue.executionTime90PNs,1784808722654000000,1784808782660000000,0
AWTEventQueue.dispatchTimeTotalNS,1784808722654000000,1784808782660000000,13106003
FlushQueue.queueSize90P,1784808722654000000,1784808782660000000,0
FlushQueue.waitingTimeMaxNs,1784808722654000000,1784808782660000000,0
FlushQueue.waitingTimeAvgNs,1784808722654000000,1784808782660000000,0.0
WriteAction.executionsCount,1784808722654000000,1784808782660000000,0
FlushQueue.queueSizeMax,1784808722654000000,1784808782660000000,0
ReadAction.executionsCount,1784808722654000000,1784808782660000000,0
FlushQueue.tasksExecuted,1784808722654000000,1784808782660000000,0
AWTEventQueue.dispatchTimeAvgNs,1784808722654000000,1784808782660000000,0.0
AWTEventQueue.eventsDispatched,1784808722654000000,1784808782660000000,0
AWTEventQueue.dispatchTime90PNs,1784808722654000000,1784808782660000000,0
writeAction.max.wait.ms,1784808722654000000,1784808782660000000,2
DiskQueryRelay.tasksRequested,1784808722654000000,1784808782660000000,0
DiskQueryRelay.taskWaitingTotalTimeUs,1784808722654000000,1784808782660000000,0
DiskQueryRelay.taskExecutionTotalTimeUs,1784808722654000000,1784808782660000000,0
writeAction.median.wait.ms,1784808722654000000,1784808782660000000,0
writeAction.wait.ms,1784808722654000000,1784808782660000000,0
DiskQueryRelay.tasksExecuted,1784808722654000000,1784808782660000000,0
writeAction.count,1784808722654000000,1784808782660000000,0
Indexing.cache.totalCacheMisses,1784808722654000000,1784808782660000000,0
Indexes.stubs.lookupDuration90PMs,1784808722654000000,1784808782660000000,0.0
Indexing.cache.totalCacheEvicted,1784808722654000000,1784808782660000000,0
Indexing.writer_0.totalTimeSpentWritingMs,1784808722654000000,1784808782660000000,0
Indexes.allKeys.lookupDurationAvgMs,1784808722654000000,1784808782660000000,0.0
Indexes.entries.lookupDurationAvgMs,1784808722654000000,1784808782660000000,0.0
Indexes.allKeys.lookupDurationMaxMs,1784808722654000000,1784808782660000000,0.0
Indexing.writesQueuedMax,1784808722654000000,1784808782660000000,0
Indexes.allKeys.lookups,1784808722654000000,1784808782660000000,0
Indexing.cache.totalCacheAccesses,1784808722654000000,1784808782660000000,0
Indexing.totalTimeIndexersSleptMs,1784808722654000000,1784808782660000000,0
Indexing.writesQueuedMin,1784808722654000000,1784808782660000000,9223372036854775807
Indexes.stubs.lookupDurationAvgMs,1784808722654000000,1784808782660000000,0.0
Indexing.writer_2.totalTimeSpentWritingMs,1784808722654000000,1784808782660000000,0
Indexes.entries.lookupDuration90PMs,1784808722654000000,1784808782660000000,0.0
Indexing.writer_1.totalTimeSpentWritingMs,1784808722654000000,1784808782660000000,0
Indexes.stubs.lookups,1784808722654000000,1784808782660000000,0
Indexes.stubs.lookupDurationMaxMs,1784808722654000000,1784808782660000000,0.0
Indexes.entries.lookupDurationMaxMs,1784808722654000000,1784808782660000000,0.0
Indexing.writer_3.totalTimeSpentWritingMs,1784808722654000000,1784808782660000000,0
Indexes.entries.lookups,1784808722654000000,1784808782660000000,0
Indexes.allKeys.lookupDuration90PMs,1784808722654000000,1784808782660000000,0.0
cacheStateStorage.get.counter,1784808782660000000,1784808842673000000,0
cacheStateStorage.set.duration,1784808782660000000,1784808842673000000,0
cacheStateStorage.get.duration,1784808782660000000,1784808842673000000,0
cacheStateStorage.set.counter,1784808782660000000,1784808842673000000,0
VFS.fileByIdCache.misses,1784808782660000000,1784808842673000000,0
VFS.contentStorage.recordsDeduplicated,1784808782660000000,1784808842673000000,0
VFS.rootsCount,1784808782660000000,1784808842673000000,2.0
VFS.contentStorage.recordsReadSize,1784808782660000000,1784808842673000000,0
VFS.contentStorage.recordsUncompressedSize,1784808782660000000,1784808842673000000,0
VFS.contentStorage.recordsStoredSize,1784808782660000000,1784808842673000000,0
VFS.contentStorage.recordsDecompressionTimeUs,1784808782660000000,1784808842673000000,0
VFS.contentStorage.recordsReadDecompressed,1784808782660000000,1784808842673000000,0
VFS.fileChildByName,1784808782660000000,1784808842673000000,0
VFS.cache.filesCreated,1784808782660000000,1784808842673000000,0
VFS.contentStorage.recordsRead,1784808782660000000,1784808842673000000,0
VFS.folderCaseSensitivityReads,1784808782660000000,1784808842673000000,0
VFS.contentStorage.recordsStored,1784808782660000000,1784808842673000000,0
VFS.cache.directoriesCreated,1784808782660000000,1784808842673000000,0
VFS.fileByIdCache.hits,1784808782660000000,1784808842673000000,0
VFS.cache.segmentsCreated,1784808782660000000,1784808842673000000,0
VFS.invertedFileNameIndex.requests,1784808782660000000,1784808842673000000,0
VFS.cache.segments,1784808782660000000,1784808842673000000,3.0
FileNameCache.totalMisses,1784808782660000000,1784808842673000000,0
FileNameCache.queries,1784808782660000000,1784808842673000000,0
VFS.contentStorage.recordsStoredCompressed,1784808782660000000,1784808842673000000,0
DirectByteBufferAllocator.misses,1784808782660000000,1784808842673000000,0
StorageLockContext.competingThreads.90P,1784808782660000000,1784808842673000000,0
DirectByteBufferAllocator.hits,1784808782660000000,1784808842673000000,0
FilePageCache.pageLoads,1784808782660000000,1784808842673000000,0
StreamlinedBlobStorage.totalLiveRecordsPayloadBytes,1784808782660000000,1784808842673000000,0
FilePageCache.disposedBuffers,1784808782660000000,1784808842673000000,0
FilePageCache.pageHits,1784808782660000000,1784808842673000000,0
DirectByteBufferAllocator.reclaimed,1784808782660000000,1784808842673000000,0
StreamlinedBlobStorage.recordsRelocated,1784808782660000000,1784808842673000000,0
FilePageCache.totalPageDisposalsUs,1784808782660000000,1784808842673000000,0
FilePageCache.uncachedFileAccess,1784808782660000000,1784808842673000000,0
FileChannelInterruptsRetryer.totalRetriedAttempts,1784808782660000000,1784808842673000000,0
MappedFileStorage.totalTimeSpentOnMappingUs,1784808782660000000,1784808842673000000,3881
StorageLockContext.competingThreads.max,1784808782660000000,1784808842673000000,0
MappedFileStorage.totalPagesMapped,1784808782660000000,1784808842673000000,6
FilePageCache.totalPageLoadsUs,1784808782660000000,1784808842673000000,0
FilePageCache.maxRegisteredFiles,1784808782660000000,1784808842673000000,877
StorageLockContext.competingThreads.avg,1784808782660000000,1784808842673000000,0.0
StreamlinedBlobStorage.recordsDeleted,1784808782660000000,1784808842673000000,0
FilePageCache.pageLoadsAboveSizeThreshold,1784808782660000000,1784808842673000000,0
StreamlinedBlobStorage.recordsAllocated,1784808782660000000,1784808842673000000,0
FilePageCache.pageFastCacheHits,1784808782660000000,1784808842673000000,0
FilePageCache.maxCacheSizeInBytes,1784808782660000000,1784808842673000000,327172096
MappedFileStorage.totalBytesMapped,1784808782660000000,1784808842673000000,164626432
DirectByteBufferAllocator.totalSizeOfBuffersCachedInBytes,1784808782660000000,1784808842673000000,41959424
DirectByteBufferAllocator.totalSizeOfBuffersAllocatedInBytes,1784808782660000000,1784808842673000000,0
DirectByteBufferAllocator.disposed,1784808782660000000,1784808842673000000,0
FilePageCache.capacityInBytes,1784808782660000000,1784808842673000000,629145600
MappedFileStorage.storages,1784808782660000000,1784808842673000000,6
StreamlinedBlobStorage.totalLiveRecordsCapacityBytes,1784808782660000000,1784808842673000000,0
FlushQueue.queueSizeAvg,1784808782660000000,1784808842673000000,0.0
FlushQueue.executionTimeAvgNs,1784808782660000000,1784808842673000000,0.0
FlushQueue.waitingTime90PNs,1784808782660000000,1784808842673000000,0
FlushQueue.executionTimeMaxNs,1784808782660000000,1784808842673000000,0
AWTEventQueue.dispatchTimeMaxNs,1784808782660000000,1784808842673000000,0
FlushQueue.executionTime90PNs,1784808782660000000,1784808842673000000,0
AWTEventQueue.dispatchTimeTotalNS,1784808782660000000,1784808842673000000,13375591
FlushQueue.queueSize90P,1784808782660000000,1784808842673000000,0
FlushQueue.waitingTimeMaxNs,1784808782660000000,1784808842673000000,0
FlushQueue.waitingTimeAvgNs,1784808782660000000,1784808842673000000,0.0
WriteAction.executionsCount,1784808782660000000,1784808842673000000,0
FlushQueue.queueSizeMax,1784808782660000000,1784808842673000000,0
ReadAction.executionsCount,1784808782660000000,1784808842673000000,0
FlushQueue.tasksExecuted,1784808782660000000,1784808842673000000,0
AWTEventQueue.dispatchTimeAvgNs,1784808782660000000,1784808842673000000,0.0
AWTEventQueue.eventsDispatched,1784808782660000000,1784808842673000000,0
AWTEventQueue.dispatchTime90PNs,1784808782660000000,1784808842673000000,0
writeAction.max.wait.ms,1784808782660000000,1784808842673000000,2
DiskQueryRelay.tasksRequested,1784808782660000000,1784808842673000000,0
DiskQueryRelay.taskWaitingTotalTimeUs,1784808782660000000,1784808842673000000,0
DiskQueryRelay.taskExecutionTotalTimeUs,1784808782660000000,1784808842673000000,0
writeAction.median.wait.ms,1784808782660000000,1784808842673000000,0
writeAction.wait.ms,1784808782660000000,1784808842673000000,0
DiskQueryRelay.tasksExecuted,1784808782660000000,1784808842673000000,0
writeAction.count,1784808782660000000,1784808842673000000,0
Indexing.cache.totalCacheMisses,1784808782660000000,1784808842673000000,0
Indexes.stubs.lookupDuration90PMs,1784808782660000000,1784808842673000000,0.0
Indexing.cache.totalCacheEvicted,1784808782660000000,1784808842673000000,0
Indexing.writer_0.totalTimeSpentWritingMs,1784808782660000000,1784808842673000000,0
Indexes.allKeys.lookupDurationAvgMs,1784808782660000000,1784808842673000000,0.0
Indexes.entries.lookupDurationAvgMs,1784808782660000000,1784808842673000000,0.0
Indexes.allKeys.lookupDurationMaxMs,1784808782660000000,1784808842673000000,0.0
Indexing.writesQueuedMax,1784808782660000000,1784808842673000000,0
Indexes.allKeys.lookups,1784808782660000000,1784808842673000000,0
Indexing.cache.totalCacheAccesses,1784808782660000000,1784808842673000000,0
Indexing.totalTimeIndexersSleptMs,1784808782660000000,1784808842673000000,0
Indexing.writesQueuedMin,1784808782660000000,1784808842673000000,9223372036854775807
Indexes.stubs.lookupDurationAvgMs,1784808782660000000,1784808842673000000,0.0
Indexing.writer_2.totalTimeSpentWritingMs,1784808782660000000,1784808842673000000,0
Indexes.entries.lookupDuration90PMs,1784808782660000000,1784808842673000000,0.0
Indexing.writer_1.totalTimeSpentWritingMs,1784808782660000000,1784808842673000000,0
Indexes.stubs.lookups,1784808782660000000,1784808842673000000,0
Indexes.stubs.lookupDurationMaxMs,1784808782660000000,1784808842673000000,0.0
Indexes.entries.lookupDurationMaxMs,1784808782660000000,1784808842673000000,0.0
Indexing.writer_3.totalTimeSpentWritingMs,1784808782660000000,1784808842673000000,0
Indexes.entries.lookups,1784808782660000000,1784808842673000000,0
Indexes.allKeys.lookupDuration90PMs,1784808782660000000,1784808842673000000,0.0
cacheStateStorage.get.counter,1784808842673000000,1784808902662000000,0
cacheStateStorage.set.duration,1784808842673000000,1784808902662000000,0
cacheStateStorage.get.duration,1784808842673000000,1784808902662000000,0
cacheStateStorage.set.counter,1784808842673000000,1784808902662000000,0
VFS.fileByIdCache.misses,1784808842673000000,1784808902662000000,0
VFS.contentStorage.recordsDeduplicated,1784808842673000000,1784808902662000000,0
VFS.rootsCount,1784808842673000000,1784808902662000000,2.0
VFS.contentStorage.recordsReadSize,1784808842673000000,1784808902662000000,0
VFS.contentStorage.recordsUncompressedSize,1784808842673000000,1784808902662000000,0
VFS.contentStorage.recordsStoredSize,1784808842673000000,1784808902662000000,0
VFS.contentStorage.recordsDecompressionTimeUs,1784808842673000000,1784808902662000000,0
VFS.contentStorage.recordsReadDecompressed,1784808842673000000,1784808902662000000,0
VFS.fileChildByName,1784808842673000000,1784808902662000000,0
VFS.cache.filesCreated,1784808842673000000,1784808902662000000,0
VFS.contentStorage.recordsRead,1784808842673000000,1784808902662000000,0
VFS.folderCaseSensitivityReads,1784808842673000000,1784808902662000000,0
VFS.contentStorage.recordsStored,1784808842673000000,1784808902662000000,0
VFS.cache.directoriesCreated,1784808842673000000,1784808902662000000,0
VFS.fileByIdCache.hits,1784808842673000000,1784808902662000000,0
VFS.cache.segmentsCreated,1784808842673000000,1784808902662000000,0
VFS.invertedFileNameIndex.requests,1784808842673000000,1784808902662000000,0
VFS.cache.segments,1784808842673000000,1784808902662000000,3.0
FileNameCache.totalMisses,1784808842673000000,1784808902662000000,0
FileNameCache.queries,1784808842673000000,1784808902662000000,0
VFS.contentStorage.recordsStoredCompressed,1784808842673000000,1784808902662000000,0
DirectByteBufferAllocator.misses,1784808842673000000,1784808902662000000,0
StorageLockContext.competingThreads.90P,1784808842673000000,1784808902662000000,0
DirectByteBufferAllocator.hits,1784808842673000000,1784808902662000000,0
FilePageCache.pageLoads,1784808842673000000,1784808902662000000,0
StreamlinedBlobStorage.totalLiveRecordsPayloadBytes,1784808842673000000,1784808902662000000,0
FilePageCache.disposedBuffers,1784808842673000000,1784808902662000000,0
FilePageCache.pageHits,1784808842673000000,1784808902662000000,0
DirectByteBufferAllocator.reclaimed,1784808842673000000,1784808902662000000,0
StreamlinedBlobStorage.recordsRelocated,1784808842673000000,1784808902662000000,0
FilePageCache.totalPageDisposalsUs,1784808842673000000,1784808902662000000,0
FilePageCache.uncachedFileAccess,1784808842673000000,1784808902662000000,0
FileChannelInterruptsRetryer.totalRetriedAttempts,1784808842673000000,1784808902662000000,0
MappedFileStorage.totalTimeSpentOnMappingUs,1784808842673000000,1784808902662000000,3881
StorageLockContext.competingThreads.max,1784808842673000000,1784808902662000000,0
MappedFileStorage.totalPagesMapped,1784808842673000000,1784808902662000000,6
FilePageCache.totalPageLoadsUs,1784808842673000000,1784808902662000000,0
FilePageCache.maxRegisteredFiles,1784808842673000000,1784808902662000000,877
StorageLockContext.competingThreads.avg,1784808842673000000,1784808902662000000,0.0
StreamlinedBlobStorage.recordsDeleted,1784808842673000000,1784808902662000000,0
FilePageCache.pageLoadsAboveSizeThreshold,1784808842673000000,1784808902662000000,0
StreamlinedBlobStorage.recordsAllocated,1784808842673000000,1784808902662000000,0
FilePageCache.pageFastCacheHits,1784808842673000000,1784808902662000000,0
FilePageCache.maxCacheSizeInBytes,1784808842673000000,1784808902662000000,327172096
MappedFileStorage.totalBytesMapped,1784808842673000000,1784808902662000000,164626432
DirectByteBufferAllocator.totalSizeOfBuffersCachedInBytes,1784808842673000000,1784808902662000000,41959424
DirectByteBufferAllocator.totalSizeOfBuffersAllocatedInBytes,1784808842673000000,1784808902662000000,0
DirectByteBufferAllocator.disposed,1784808842673000000,1784808902662000000,0
FilePageCache.capacityInBytes,1784808842673000000,1784808902662000000,629145600
MappedFileStorage.storages,1784808842673000000,1784808902662000000,6
StreamlinedBlobStorage.totalLiveRecordsCapacityBytes,1784808842673000000,1784808902662000000,0
FlushQueue.queueSizeAvg,1784808842673000000,1784808902662000000,0.0
FlushQueue.executionTimeAvgNs,1784808842673000000,1784808902662000000,0.0
FlushQueue.waitingTime90PNs,1784808842673000000,1784808902662000000,0
FlushQueue.executionTimeMaxNs,1784808842673000000,1784808902662000000,0
AWTEventQueue.dispatchTimeMaxNs,1784808842673000000,1784808902662000000,0
FlushQueue.executionTime90PNs,1784808842673000000,1784808902662000000,0
AWTEventQueue.dispatchTimeTotalNS,1784808842673000000,1784808902662000000,13442125
FlushQueue.queueSize90P,1784808842673000000,1784808902662000000,0
FlushQueue.waitingTimeMaxNs,1784808842673000000,1784808902662000000,0
FlushQueue.waitingTimeAvgNs,1784808842673000000,1784808902662000000,0.0
WriteAction.executionsCount,1784808842673000000,1784808902662000000,0
FlushQueue.queueSizeMax,1784808842673000000,1784808902662000000,0
ReadAction.executionsCount,1784808842673000000,1784808902662000000,0
FlushQueue.tasksExecuted,1784808842673000000,1784808902662000000,0
AWTEventQueue.dispatchTimeAvgNs,1784808842673000000,1784808902662000000,0.0
AWTEventQueue.eventsDispatched,1784808842673000000,1784808902662000000,0
AWTEventQueue.dispatchTime90PNs,1784808842673000000,1784808902662000000,0
writeAction.max.wait.ms,1784808842673000000,1784808902662000000,2
DiskQueryRelay.tasksRequested,1784808842673000000,1784808902662000000,0
DiskQueryRelay.taskWaitingTotalTimeUs,1784808842673000000,1784808902662000000,0
DiskQueryRelay.taskExecutionTotalTimeUs,1784808842673000000,1784808902662000000,0
writeAction.median.wait.ms,1784808842673000000,1784808902662000000,0
writeAction.wait.ms,1784808842673000000,1784808902662000000,0
DiskQueryRelay.tasksExecuted,1784808842673000000,1784808902662000000,0
writeAction.count,1784808842673000000,1784808902662000000,0
Indexing.cache.totalCacheMisses,1784808842673000000,1784808902662000000,0
Indexes.stubs.lookupDuration90PMs,1784808842673000000,1784808902662000000,0.0
Indexing.cache.totalCacheEvicted,1784808842673000000,1784808902662000000,0
Indexing.writer_0.totalTimeSpentWritingMs,1784808842673000000,1784808902662000000,0
Indexes.allKeys.lookupDurationAvgMs,1784808842673000000,1784808902662000000,0.0
Indexes.entries.lookupDurationAvgMs,1784808842673000000,1784808902662000000,0.0
Indexes.allKeys.lookupDurationMaxMs,1784808842673000000,1784808902662000000,0.0
Indexing.writesQueuedMax,1784808842673000000,1784808902662000000,0
Indexes.allKeys.lookups,1784808842673000000,1784808902662000000,0
Indexing.cache.totalCacheAccesses,1784808842673000000,1784808902662000000,0
Indexing.totalTimeIndexersSleptMs,1784808842673000000,1784808902662000000,0
Indexing.writesQueuedMin,1784808842673000000,1784808902662000000,9223372036854775807
Indexes.stubs.lookupDurationAvgMs,1784808842673000000,1784808902662000000,0.0
Indexing.writer_2.totalTimeSpentWritingMs,1784808842673000000,1784808902662000000,0
Indexes.entries.lookupDuration90PMs,1784808842673000000,1784808902662000000,0.0
Indexing.writer_1.totalTimeSpentWritingMs,1784808842673000000,1784808902662000000,0
Indexes.stubs.lookups,1784808842673000000,1784808902662000000,0
Indexes.stubs.lookupDurationMaxMs,1784808842673000000,1784808902662000000,0.0
Indexes.entries.lookupDurationMaxMs,1784808842673000000,1784808902662000000,0.0
Indexing.writer_3.totalTimeSpentWritingMs,1784808842673000000,1784808902662000000,0
Indexes.entries.lookups,1784808842673000000,1784808902662000000,0
Indexes.allKeys.lookupDuration90PMs,1784808842673000000,1784808902662000000,0.0
cacheStateStorage.get.counter,1784808902662000000,1784808962650000000,0
cacheStateStorage.set.duration,1784808902662000000,1784808962650000000,0
cacheStateStorage.get.duration,1784808902662000000,1784808962650000000,0
cacheStateStorage.set.counter,1784808902662000000,1784808962650000000,0
VFS.fileByIdCache.misses,1784808902662000000,1784808962650000000,0
VFS.contentStorage.recordsDeduplicated,1784808902662000000,1784808962650000000,0
VFS.rootsCount,1784808902662000000,1784808962650000000,2.0
VFS.contentStorage.recordsReadSize,1784808902662000000,1784808962650000000,0
VFS.contentStorage.recordsUncompressedSize,1784808902662000000,1784808962650000000,0
VFS.contentStorage.recordsStoredSize,1784808902662000000,1784808962650000000,0
VFS.contentStorage.recordsDecompressionTimeUs,1784808902662000000,1784808962650000000,0
VFS.contentStorage.recordsReadDecompressed,1784808902662000000,1784808962650000000,0
VFS.fileChildByName,1784808902662000000,1784808962650000000,0
VFS.cache.filesCreated,1784808902662000000,1784808962650000000,0
VFS.contentStorage.recordsRead,1784808902662000000,1784808962650000000,0
VFS.folderCaseSensitivityReads,1784808902662000000,1784808962650000000,0
VFS.contentStorage.recordsStored,1784808902662000000,1784808962650000000,0
VFS.cache.directoriesCreated,1784808902662000000,1784808962650000000,0
VFS.fileByIdCache.hits,1784808902662000000,1784808962650000000,0
VFS.cache.segmentsCreated,1784808902662000000,1784808962650000000,0
VFS.invertedFileNameIndex.requests,1784808902662000000,1784808962650000000,0
VFS.cache.segments,1784808902662000000,1784808962650000000,3.0
FileNameCache.totalMisses,1784808902662000000,1784808962650000000,0
FileNameCache.queries,1784808902662000000,1784808962650000000,0
VFS.contentStorage.recordsStoredCompressed,1784808902662000000,1784808962650000000,0
DirectByteBufferAllocator.misses,1784808902662000000,1784808962650000000,0
StorageLockContext.competingThreads.90P,1784808902662000000,1784808962650000000,0
DirectByteBufferAllocator.hits,1784808902662000000,1784808962650000000,0
FilePageCache.pageLoads,1784808902662000000,1784808962650000000,0
StreamlinedBlobStorage.totalLiveRecordsPayloadBytes,1784808902662000000,1784808962650000000,0
FilePageCache.disposedBuffers,1784808902662000000,1784808962650000000,0
FilePageCache.pageHits,1784808902662000000,1784808962650000000,0
DirectByteBufferAllocator.reclaimed,1784808902662000000,1784808962650000000,0
StreamlinedBlobStorage.recordsRelocated,1784808902662000000,1784808962650000000,0
FilePageCache.totalPageDisposalsUs,1784808902662000000,1784808962650000000,0
FilePageCache.uncachedFileAccess,1784808902662000000,1784808962650000000,0
FileChannelInterruptsRetryer.totalRetriedAttempts,1784808902662000000,1784808962650000000,0
MappedFileStorage.totalTimeSpentOnMappingUs,1784808902662000000,1784808962650000000,3881
StorageLockContext.competingThreads.max,1784808902662000000,1784808962650000000,0
MappedFileStorage.totalPagesMapped,1784808902662000000,1784808962650000000,6
FilePageCache.totalPageLoadsUs,1784808902662000000,1784808962650000000,0
FilePageCache.maxRegisteredFiles,1784808902662000000,1784808962650000000,877
StorageLockContext.competingThreads.avg,1784808902662000000,1784808962650000000,0.0
StreamlinedBlobStorage.recordsDeleted,1784808902662000000,1784808962650000000,0
FilePageCache.pageLoadsAboveSizeThreshold,1784808902662000000,1784808962650000000,0
StreamlinedBlobStorage.recordsAllocated,1784808902662000000,1784808962650000000,0
FilePageCache.pageFastCacheHits,1784808902662000000,1784808962650000000,0
FilePageCache.maxCacheSizeInBytes,1784808902662000000,1784808962650000000,327172096
MappedFileStorage.totalBytesMapped,1784808902662000000,1784808962650000000,164626432
DirectByteBufferAllocator.totalSizeOfBuffersCachedInBytes,1784808902662000000,1784808962650000000,41959424
DirectByteBufferAllocator.totalSizeOfBuffersAllocatedInBytes,1784808902662000000,1784808962650000000,0
DirectByteBufferAllocator.disposed,1784808902662000000,1784808962650000000,0
FilePageCache.capacityInBytes,1784808902662000000,1784808962650000000,629145600
MappedFileStorage.storages,1784808902662000000,1784808962650000000,6
StreamlinedBlobStorage.totalLiveRecordsCapacityBytes,1784808902662000000,1784808962650000000,0
FlushQueue.queueSizeAvg,1784808902662000000,1784808962650000000,0.0
FlushQueue.executionTimeAvgNs,1784808902662000000,1784808962650000000,0.0
FlushQueue.waitingTime90PNs,1784808902662000000,1784808962650000000,0
FlushQueue.executionTimeMaxNs,1784808902662000000,1784808962650000000,0
AWTEventQueue.dispatchTimeMaxNs,1784808902662000000,1784808962650000000,0
FlushQueue.executionTime90PNs,1784808902662000000,1784808962650000000,0
AWTEventQueue.dispatchTimeTotalNS,1784808902662000000,1784808962650000000,12395999
FlushQueue.queueSize90P,1784808902662000000,1784808962650000000,0
FlushQueue.waitingTimeMaxNs,1784808902662000000,1784808962650000000,0
FlushQueue.waitingTimeAvgNs,1784808902662000000,1784808962650000000,0.0
WriteAction.executionsCount,1784808902662000000,1784808962650000000,0
FlushQueue.queueSizeMax,1784808902662000000,1784808962650000000,0
ReadAction.executionsCount,1784808902662000000,1784808962650000000,0
FlushQueue.tasksExecuted,1784808902662000000,1784808962650000000,0
AWTEventQueue.dispatchTimeAvgNs,1784808902662000000,1784808962650000000,0.0
AWTEventQueue.eventsDispatched,1784808902662000000,1784808962650000000,0
AWTEventQueue.dispatchTime90PNs,1784808902662000000,1784808962650000000,0
writeAction.max.wait.ms,1784808902662000000,1784808962650000000,2
DiskQueryRelay.tasksRequested,1784808902662000000,1784808962650000000,0
DiskQueryRelay.taskWaitingTotalTimeUs,1784808902662000000,1784808962650000000,0
DiskQueryRelay.taskExecutionTotalTimeUs,1784808902662000000,1784808962650000000,0
writeAction.median.wait.ms,1784808902662000000,1784808962650000000,0
writeAction.wait.ms,1784808902662000000,1784808962650000000,0
DiskQueryRelay.tasksExecuted,1784808902662000000,1784808962650000000,0
writeAction.count,1784808902662000000,1784808962650000000,0
Indexing.cache.totalCacheMisses,1784808902662000000,1784808962650000000,0
Indexes.stubs.lookupDuration90PMs,1784808902662000000,1784808962650000000,0.0
Indexing.cache.totalCacheEvicted,1784808902662000000,1784808962650000000,0
Indexing.writer_0.totalTimeSpentWritingMs,1784808902662000000,1784808962650000000,0
Indexes.allKeys.lookupDurationAvgMs,1784808902662000000,1784808962650000000,0.0
Indexes.entries.lookupDurationAvgMs,1784808902662000000,1784808962650000000,0.0
Indexes.allKeys.lookupDurationMaxMs,1784808902662000000,1784808962650000000,0.0
Indexing.writesQueuedMax,1784808902662000000,1784808962650000000,0
Indexes.allKeys.lookups,1784808902662000000,1784808962650000000,0
Indexing.cache.totalCacheAccesses,1784808902662000000,1784808962650000000,0
Indexing.totalTimeIndexersSleptMs,1784808902662000000,1784808962650000000,0
Indexing.writesQueuedMin,1784808902662000000,1784808962650000000,9223372036854775807
Indexes.stubs.lookupDurationAvgMs,1784808902662000000,1784808962650000000,0.0
Indexing.writer_2.totalTimeSpentWritingMs,1784808902662000000,1784808962650000000,0
Indexes.entries.lookupDuration90PMs,1784808902662000000,1784808962650000000,0.0
Indexing.writer_1.totalTimeSpentWritingMs,1784808902662000000,1784808962650000000,0
Indexes.stubs.lookups,1784808902662000000,1784808962650000000,0
Indexes.stubs.lookupDurationMaxMs,1784808902662000000,1784808962650000000,0.0
Indexes.entries.lookupDurationMaxMs,1784808902662000000,1784808962650000000,0.0
Indexing.writer_3.totalTimeSpentWritingMs,1784808902662000000,1784808962650000000,0
Indexes.entries.lookups,1784808902662000000,1784808962650000000,0
Indexes.allKeys.lookupDuration90PMs,1784808902662000000,1784808962650000000,0.0
cacheStateStorage.get.counter,1784808962650000000,1784809022632000000,0
cacheStateStorage.set.duration,1784808962650000000,1784809022632000000,0
cacheStateStorage.get.duration,1784808962650000000,1784809022632000000,0
cacheStateStorage.set.counter,1784808962650000000,1784809022632000000,0
VFS.fileByIdCache.misses,1784808962650000000,1784809022632000000,0
VFS.contentStorage.recordsDeduplicated,1784808962650000000,1784809022632000000,0
VFS.rootsCount,1784808962650000000,1784809022632000000,2.0
VFS.contentStorage.recordsReadSize,1784808962650000000,1784809022632000000,0
VFS.contentStorage.recordsUncompressedSize,1784808962650000000,1784809022632000000,0
VFS.contentStorage.recordsStoredSize,1784808962650000000,1784809022632000000,0
VFS.contentStorage.recordsDecompressionTimeUs,1784808962650000000,1784809022632000000,0
VFS.contentStorage.recordsReadDecompressed,1784808962650000000,1784809022632000000,0
VFS.fileChildByName,1784808962650000000,1784809022632000000,0
VFS.cache.filesCreated,1784808962650000000,1784809022632000000,0
VFS.contentStorage.recordsRead,1784808962650000000,1784809022632000000,0
VFS.folderCaseSensitivityReads,1784808962650000000,1784809022632000000,0
VFS.contentStorage.recordsStored,1784808962650000000,1784809022632000000,0
VFS.cache.directoriesCreated,1784808962650000000,1784809022632000000,0
VFS.fileByIdCache.hits,1784808962650000000,1784809022632000000,0
VFS.cache.segmentsCreated,1784808962650000000,1784809022632000000,0
VFS.invertedFileNameIndex.requests,1784808962650000000,1784809022632000000,0
VFS.cache.segments,1784808962650000000,1784809022632000000,3.0
FileNameCache.totalMisses,1784808962650000000,1784809022632000000,0
FileNameCache.queries,1784808962650000000,1784809022632000000,0
VFS.contentStorage.recordsStoredCompressed,1784808962650000000,1784809022632000000,0
DirectByteBufferAllocator.misses,1784808962650000000,1784809022632000000,0
StorageLockContext.competingThreads.90P,1784808962650000000,1784809022632000000,0
DirectByteBufferAllocator.hits,1784808962650000000,1784809022632000000,0
FilePageCache.pageLoads,1784808962650000000,1784809022632000000,0
StreamlinedBlobStorage.totalLiveRecordsPayloadBytes,1784808962650000000,1784809022632000000,0
FilePageCache.disposedBuffers,1784808962650000000,1784809022632000000,0
FilePageCache.pageHits,1784808962650000000,1784809022632000000,0
DirectByteBufferAllocator.reclaimed,1784808962650000000,1784809022632000000,0
StreamlinedBlobStorage.recordsRelocated,1784808962650000000,1784809022632000000,0
FilePageCache.totalPageDisposalsUs,1784808962650000000,1784809022632000000,0
FilePageCache.uncachedFileAccess,1784808962650000000,1784809022632000000,0
FileChannelInterruptsRetryer.totalRetriedAttempts,1784808962650000000,1784809022632000000,0
MappedFileStorage.totalTimeSpentOnMappingUs,1784808962650000000,1784809022632000000,3881
StorageLockContext.competingThreads.max,1784808962650000000,1784809022632000000,0
MappedFileStorage.totalPagesMapped,1784808962650000000,1784809022632000000,6
FilePageCache.totalPageLoadsUs,1784808962650000000,1784809022632000000,0
FilePageCache.maxRegisteredFiles,1784808962650000000,1784809022632000000,877
StorageLockContext.competingThreads.avg,1784808962650000000,1784809022632000000,0.0
StreamlinedBlobStorage.recordsDeleted,1784808962650000000,1784809022632000000,0
FilePageCache.pageLoadsAboveSizeThreshold,1784808962650000000,1784809022632000000,0
StreamlinedBlobStorage.recordsAllocated,1784808962650000000,1784809022632000000,0
FilePageCache.pageFastCacheHits,1784808962650000000,1784809022632000000,0
FilePageCache.maxCacheSizeInBytes,1784808962650000000,1784809022632000000,327172096
MappedFileStorage.totalBytesMapped,1784808962650000000,1784809022632000000,164626432
DirectByteBufferAllocator.totalSizeOfBuffersCachedInBytes,1784808962650000000,1784809022632000000,41959424
DirectByteBufferAllocator.totalSizeOfBuffersAllocatedInBytes,1784808962650000000,1784809022632000000,0
DirectByteBufferAllocator.disposed,1784808962650000000,1784809022632000000,0
FilePageCache.capacityInBytes,1784808962650000000,1784809022632000000,629145600
MappedFileStorage.storages,1784808962650000000,1784809022632000000,6
StreamlinedBlobStorage.totalLiveRecordsCapacityBytes,1784808962650000000,1784809022632000000,0
FlushQueue.queueSizeAvg,1784808962650000000,1784809022632000000,0.0
FlushQueue.executionTimeAvgNs,1784808962650000000,1784809022632000000,0.0
FlushQueue.waitingTime90PNs,1784808962650000000,1784809022632000000,0
FlushQueue.executionTimeMaxNs,1784808962650000000,1784809022632000000,0
AWTEventQueue.dispatchTimeMaxNs,1784808962650000000,1784809022632000000,0
FlushQueue.executionTime90PNs,1784808962650000000,1784809022632000000,0
AWTEventQueue.dispatchTimeTotalNS,1784808962650000000,1784809022632000000,11623000
FlushQueue.queueSize90P,1784808962650000000,1784809022632000000,0
FlushQueue.waitingTimeMaxNs,1784808962650000000,1784809022632000000,0
FlushQueue.waitingTimeAvgNs,1784808962650000000,1784809022632000000,0.0
WriteAction.executionsCount,1784808962650000000,1784809022632000000,0
FlushQueue.queueSizeMax,1784808962650000000,1784809022632000000,0
ReadAction.executionsCount,1784808962650000000,1784809022632000000,0
FlushQueue.tasksExecuted,1784808962650000000,1784809022632000000,0
AWTEventQueue.dispatchTimeAvgNs,1784808962650000000,1784809022632000000,0.0
AWTEventQueue.eventsDispatched,1784808962650000000,1784809022632000000,0
AWTEventQueue.dispatchTime90PNs,1784808962650000000,1784809022632000000,0
writeAction.max.wait.ms,1784808962650000000,1784809022632000000,2
DiskQueryRelay.tasksRequested,1784808962650000000,1784809022632000000,0
DiskQueryRelay.taskWaitingTotalTimeUs,1784808962650000000,1784809022632000000,0
DiskQueryRelay.taskExecutionTotalTimeUs,1784808962650000000,1784809022632000000,0
writeAction.median.wait.ms,1784808962650000000,1784809022632000000,0
writeAction.wait.ms,1784808962650000000,1784809022632000000,0
DiskQueryRelay.tasksExecuted,1784808962650000000,1784809022632000000,0
writeAction.count,1784808962650000000,1784809022632000000,0
Indexing.cache.totalCacheMisses,1784808962650000000,1784809022632000000,0
Indexes.stubs.lookupDuration90PMs,1784808962650000000,1784809022632000000,0.0
Indexing.cache.totalCacheEvicted,1784808962650000000,1784809022632000000,0
Indexing.writer_0.totalTimeSpentWritingMs,1784808962650000000,1784809022632000000,0
Indexes.allKeys.lookupDurationAvgMs,1784808962650000000,1784809022632000000,0.0
Indexes.entries.lookupDurationAvgMs,1784808962650000000,1784809022632000000,0.0
Indexes.allKeys.lookupDurationMaxMs,1784808962650000000,1784809022632000000,0.0
Indexing.writesQueuedMax,1784808962650000000,1784809022632000000,0
Indexes.allKeys.lookups,1784808962650000000,1784809022632000000,0
Indexing.cache.totalCacheAccesses,1784808962650000000,1784809022632000000,0
Indexing.totalTimeIndexersSleptMs,1784808962650000000,1784809022632000000,0
Indexing.writesQueuedMin,1784808962650000000,1784809022632000000,9223372036854775807
Indexes.stubs.lookupDurationAvgMs,1784808962650000000,1784809022632000000,0.0
Indexing.writer_2.totalTimeSpentWritingMs,1784808962650000000,1784809022632000000,0
Indexes.entries.lookupDuration90PMs,1784808962650000000,1784809022632000000,0.0
Indexing.writer_1.totalTimeSpentWritingMs,1784808962650000000,1784809022632000000,0
Indexes.stubs.lookups,1784808962650000000,1784809022632000000,0
Indexes.stubs.lookupDurationMaxMs,1784808962650000000,1784809022632000000,0.0
Indexes.entries.lookupDurationMaxMs,1784808962650000000,1784809022632000000,0.0
Indexing.writer_3.totalTimeSpentWritingMs,1784808962650000000,1784809022632000000,0
Indexes.entries.lookups,1784808962650000000,1784809022632000000,0
Indexes.allKeys.lookupDuration90PMs,1784808962650000000,1784809022632000000,0.0
cacheStateStorage.get.counter,1784809022632000000,1784809082642000000,0
cacheStateStorage.set.duration,1784809022632000000,1784809082642000000,0
cacheStateStorage.get.duration,1784809022632000000,1784809082642000000,0
cacheStateStorage.set.counter,1784809022632000000,1784809082642000000,0
VFS.fileByIdCache.misses,1784809022632000000,1784809082642000000,0
VFS.contentStorage.recordsDeduplicated,1784809022632000000,1784809082642000000,0
VFS.rootsCount,1784809022632000000,1784809082642000000,2.0
VFS.contentStorage.recordsReadSize,1784809022632000000,1784809082642000000,0
VFS.contentStorage.recordsUncompressedSize,1784809022632000000,1784809082642000000,0
VFS.contentStorage.recordsStoredSize,1784809022632000000,1784809082642000000,0
VFS.contentStorage.recordsDecompressionTimeUs,1784809022632000000,1784809082642000000,0
VFS.contentStorage.recordsReadDecompressed,1784809022632000000,1784809082642000000,0
VFS.fileChildByName,1784809022632000000,1784809082642000000,0
VFS.cache.filesCreated,1784809022632000000,1784809082642000000,0
VFS.contentStorage.recordsRead,1784809022632000000,1784809082642000000,0
VFS.folderCaseSensitivityReads,1784809022632000000,1784809082642000000,0
VFS.contentStorage.recordsStored,1784809022632000000,1784809082642000000,0
VFS.cache.directoriesCreated,1784809022632000000,1784809082642000000,0
VFS.fileByIdCache.hits,1784809022632000000,1784809082642000000,0
VFS.cache.segmentsCreated,1784809022632000000,1784809082642000000,0
VFS.invertedFileNameIndex.requests,1784809022632000000,1784809082642000000,0
VFS.cache.segments,1784809022632000000,1784809082642000000,3.0
FileNameCache.totalMisses,1784809022632000000,1784809082642000000,0
FileNameCache.queries,1784809022632000000,1784809082642000000,0
VFS.contentStorage.recordsStoredCompressed,1784809022632000000,1784809082642000000,0
DirectByteBufferAllocator.misses,1784809022632000000,1784809082642000000,0
StorageLockContext.competingThreads.90P,1784809022632000000,1784809082642000000,0
DirectByteBufferAllocator.hits,1784809022632000000,1784809082642000000,0
FilePageCache.pageLoads,1784809022632000000,1784809082642000000,0
StreamlinedBlobStorage.totalLiveRecordsPayloadBytes,1784809022632000000,1784809082642000000,0
FilePageCache.disposedBuffers,1784809022632000000,1784809082642000000,0
FilePageCache.pageHits,1784809022632000000,1784809082642000000,0
DirectByteBufferAllocator.reclaimed,1784809022632000000,1784809082642000000,0
StreamlinedBlobStorage.recordsRelocated,1784809022632000000,1784809082642000000,0
FilePageCache.totalPageDisposalsUs,1784809022632000000,1784809082642000000,0
FilePageCache.uncachedFileAccess,1784809022632000000,1784809082642000000,0
FileChannelInterruptsRetryer.totalRetriedAttempts,1784809022632000000,1784809082642000000,0
MappedFileStorage.totalTimeSpentOnMappingUs,1784809022632000000,1784809082642000000,3881
StorageLockContext.competingThreads.max,1784809022632000000,1784809082642000000,0
MappedFileStorage.totalPagesMapped,1784809022632000000,1784809082642000000,6
FilePageCache.totalPageLoadsUs,1784809022632000000,1784809082642000000,0
FilePageCache.maxRegisteredFiles,1784809022632000000,1784809082642000000,877
StorageLockContext.competingThreads.avg,1784809022632000000,1784809082642000000,0.0
StreamlinedBlobStorage.recordsDeleted,1784809022632000000,1784809082642000000,0
FilePageCache.pageLoadsAboveSizeThreshold,1784809022632000000,1784809082642000000,0
StreamlinedBlobStorage.recordsAllocated,1784809022632000000,1784809082642000000,0
FilePageCache.pageFastCacheHits,1784809022632000000,1784809082642000000,0
FilePageCache.maxCacheSizeInBytes,1784809022632000000,1784809082642000000,327172096
MappedFileStorage.totalBytesMapped,1784809022632000000,1784809082642000000,164626432
DirectByteBufferAllocator.totalSizeOfBuffersCachedInBytes,1784809022632000000,1784809082642000000,41959424
DirectByteBufferAllocator.totalSizeOfBuffersAllocatedInBytes,1784809022632000000,1784809082642000000,0
DirectByteBufferAllocator.disposed,1784809022632000000,1784809082642000000,0
FilePageCache.capacityInBytes,1784809022632000000,1784809082642000000,629145600
MappedFileStorage.storages,1784809022632000000,1784809082642000000,6
StreamlinedBlobStorage.totalLiveRecordsCapacityBytes,1784809022632000000,1784809082642000000,0
FlushQueue.queueSizeAvg,1784809022632000000,1784809082642000000,0.0
FlushQueue.executionTimeAvgNs,1784809022632000000,1784809082642000000,0.0
FlushQueue.waitingTime90PNs,1784809022632000000,1784809082642000000,0
FlushQueue.executionTimeMaxNs,1784809022632000000,1784809082642000000,0
AWTEventQueue.dispatchTimeMaxNs,1784809022632000000,1784809082642000000,0
FlushQueue.executionTime90PNs,1784809022632000000,1784809082642000000,0
AWTEventQueue.dispatchTimeTotalNS,1784809022632000000,1784809082642000000,10902002
FlushQueue.queueSize90P,1784809022632000000,1784809082642000000,0
FlushQueue.waitingTimeMaxNs,1784809022632000000,1784809082642000000,0
FlushQueue.waitingTimeAvgNs,1784809022632000000,1784809082642000000,0.0
WriteAction.executionsCount,1784809022632000000,1784809082642000000,0
FlushQueue.queueSizeMax,1784809022632000000,1784809082642000000,0
ReadAction.executionsCount,1784809022632000000,1784809082642000000,0
FlushQueue.tasksExecuted,1784809022632000000,1784809082642000000,0
AWTEventQueue.dispatchTimeAvgNs,1784809022632000000,1784809082642000000,0.0
AWTEventQueue.eventsDispatched,1784809022632000000,1784809082642000000,0
AWTEventQueue.dispatchTime90PNs,1784809022632000000,1784809082642000000,0
writeAction.max.wait.ms,1784809022632000000,1784809082642000000,2
DiskQueryRelay.tasksRequested,1784809022632000000,1784809082642000000,0
DiskQueryRelay.taskWaitingTotalTimeUs,1784809022632000000,1784809082642000000,0
DiskQueryRelay.taskExecutionTotalTimeUs,1784809022632000000,1784809082642000000,0
writeAction.median.wait.ms,1784809022632000000,1784809082642000000,0
writeAction.wait.ms,1784809022632000000,1784809082642000000,0
DiskQueryRelay.tasksExecuted,1784809022632000000,1784809082642000000,0
writeAction.count,1784809022632000000,1784809082642000000,0
Indexing.cache.totalCacheMisses,1784809022632000000,1784809082642000000,0
Indexes.stubs.lookupDuration90PMs,1784809022632000000,1784809082642000000,0.0
Indexing.cache.totalCacheEvicted,1784809022632000000,1784809082642000000,0
Indexing.writer_0.totalTimeSpentWritingMs,1784809022632000000,1784809082642000000,0
Indexes.allKeys.lookupDurationAvgMs,1784809022632000000,1784809082642000000,0.0
Indexes.entries.lookupDurationAvgMs,1784809022632000000,1784809082642000000,0.0
Indexes.allKeys.lookupDurationMaxMs,1784809022632000000,1784809082642000000,0.0
Indexing.writesQueuedMax,1784809022632000000,1784809082642000000,0
Indexes.allKeys.lookups,1784809022632000000,1784809082642000000,0
Indexing.cache.totalCacheAccesses,1784809022632000000,1784809082642000000,0
Indexing.totalTimeIndexersSleptMs,1784809022632000000,1784809082642000000,0
Indexing.writesQueuedMin,1784809022632000000,1784809082642000000,9223372036854775807
Indexes.stubs.lookupDurationAvgMs,1784809022632000000,1784809082642000000,0.0
Indexing.writer_2.totalTimeSpentWritingMs,1784809022632000000,1784809082642000000,0
Indexes.entries.lookupDuration90PMs,1784809022632000000,1784809082642000000,0.0
Indexing.writer_1.totalTimeSpentWritingMs,1784809022632000000,1784809082642000000,0
Indexes.stubs.lookups,1784809022632000000,1784809082642000000,0
Indexes.stubs.lookupDurationMaxMs,1784809022632000000,1784809082642000000,0.0
Indexes.entries.lookupDurationMaxMs,1784809022632000000,1784809082642000000,0.0
Indexing.writer_3.totalTimeSpentWritingMs,1784809022632000000,1784809082642000000,0
Indexes.entries.lookups,1784809022632000000,1784809082642000000,0
Indexes.allKeys.lookupDuration90PMs,1784809022632000000,1784809082642000000,0.0
cacheStateStorage.get.counter,1784809082642000000,1784809142647000000,0
cacheStateStorage.set.duration,1784809082642000000,1784809142647000000,0
cacheStateStorage.get.duration,1784809082642000000,1784809142647000000,0
cacheStateStorage.set.counter,1784809082642000000,1784809142647000000,0
VFS.fileByIdCache.misses,1784809082642000000,1784809142647000000,0
VFS.contentStorage.recordsDeduplicated,1784809082642000000,1784809142647000000,0
VFS.rootsCount,1784809082642000000,1784809142647000000,2.0
VFS.contentStorage.recordsReadSize,1784809082642000000,1784809142647000000,0
VFS.contentStorage.recordsUncompressedSize,1784809082642000000,1784809142647000000,0
VFS.contentStorage.recordsStoredSize,1784809082642000000,1784809142647000000,0
VFS.contentStorage.recordsDecompressionTimeUs,1784809082642000000,1784809142647000000,0
VFS.contentStorage.recordsReadDecompressed,1784809082642000000,1784809142647000000,0
VFS.fileChildByName,1784809082642000000,1784809142647000000,0
VFS.cache.filesCreated,1784809082642000000,1784809142647000000,0
VFS.contentStorage.recordsRead,1784809082642000000,1784809142647000000,0
VFS.folderCaseSensitivityReads,1784809082642000000,1784809142647000000,0
VFS.contentStorage.recordsStored,1784809082642000000,1784809142647000000,0
VFS.cache.directoriesCreated,1784809082642000000,1784809142647000000,0
VFS.fileByIdCache.hits,1784809082642000000,1784809142647000000,0
VFS.cache.segmentsCreated,1784809082642000000,1784809142647000000,0
VFS.invertedFileNameIndex.requests,1784809082642000000,1784809142647000000,0
VFS.cache.segments,1784809082642000000,1784809142647000000,3.0
FileNameCache.totalMisses,1784809082642000000,1784809142647000000,0
FileNameCache.queries,1784809082642000000,1784809142647000000,0
VFS.contentStorage.recordsStoredCompressed,1784809082642000000,1784809142647000000,0
DirectByteBufferAllocator.misses,1784809082642000000,1784809142647000000,0
StorageLockContext.competingThreads.90P,1784809082642000000,1784809142647000000,0
DirectByteBufferAllocator.hits,1784809082642000000,1784809142647000000,0
FilePageCache.pageLoads,1784809082642000000,1784809142647000000,0
StreamlinedBlobStorage.totalLiveRecordsPayloadBytes,1784809082642000000,1784809142647000000,0
FilePageCache.disposedBuffers,1784809082642000000,1784809142647000000,0
FilePageCache.pageHits,1784809082642000000,1784809142647000000,0
DirectByteBufferAllocator.reclaimed,1784809082642000000,1784809142647000000,0
StreamlinedBlobStorage.recordsRelocated,1784809082642000000,1784809142647000000,0
FilePageCache.totalPageDisposalsUs,1784809082642000000,1784809142647000000,0
FilePageCache.uncachedFileAccess,1784809082642000000,1784809142647000000,0
FileChannelInterruptsRetryer.totalRetriedAttempts,1784809082642000000,1784809142647000000,0
MappedFileStorage.totalTimeSpentOnMappingUs,1784809082642000000,1784809142647000000,3881
StorageLockContext.competingThreads.max,1784809082642000000,1784809142647000000,0
MappedFileStorage.totalPagesMapped,1784809082642000000,1784809142647000000,6
FilePageCache.totalPageLoadsUs,1784809082642000000,1784809142647000000,0
FilePageCache.maxRegisteredFiles,1784809082642000000,1784809142647000000,877
StorageLockContext.competingThreads.avg,1784809082642000000,1784809142647000000,0.0
StreamlinedBlobStorage.recordsDeleted,1784809082642000000,1784809142647000000,0
FilePageCache.pageLoadsAboveSizeThreshold,1784809082642000000,1784809142647000000,0
StreamlinedBlobStorage.recordsAllocated,1784809082642000000,1784809142647000000,0
FilePageCache.pageFastCacheHits,1784809082642000000,1784809142647000000,0
FilePageCache.maxCacheSizeInBytes,1784809082642000000,1784809142647000000,327172096
MappedFileStorage.totalBytesMapped,1784809082642000000,1784809142647000000,164626432
DirectByteBufferAllocator.totalSizeOfBuffersCachedInBytes,1784809082642000000,1784809142647000000,41959424
DirectByteBufferAllocator.totalSizeOfBuffersAllocatedInBytes,1784809082642000000,1784809142647000000,0
DirectByteBufferAllocator.disposed,1784809082642000000,1784809142647000000,0
FilePageCache.capacityInBytes,1784809082642000000,1784809142647000000,629145600
MappedFileStorage.storages,1784809082642000000,1784809142647000000,6
StreamlinedBlobStorage.totalLiveRecordsCapacityBytes,1784809082642000000,1784809142647000000,0
FlushQueue.queueSizeAvg,1784809082642000000,1784809142647000000,0.0
FlushQueue.executionTimeAvgNs,1784809082642000000,1784809142647000000,0.0
FlushQueue.waitingTime90PNs,1784809082642000000,1784809142647000000,0
FlushQueue.executionTimeMaxNs,1784809082642000000,1784809142647000000,0
AWTEventQueue.dispatchTimeMaxNs,1784809082642000000,1784809142647000000,0
FlushQueue.executionTime90PNs,1784809082642000000,1784809142647000000,0
AWTEventQueue.dispatchTimeTotalNS,1784809082642000000,1784809142647000000,11555044
FlushQueue.queueSize90P,1784809082642000000,1784809142647000000,0
FlushQueue.waitingTimeMaxNs,1784809082642000000,1784809142647000000,0
FlushQueue.waitingTimeAvgNs,1784809082642000000,1784809142647000000,0.0
WriteAction.executionsCount,1784809082642000000,1784809142647000000,0
FlushQueue.queueSizeMax,1784809082642000000,1784809142647000000,0
ReadAction.executionsCount,1784809082642000000,1784809142647000000,0
FlushQueue.tasksExecuted,1784809082642000000,1784809142647000000,0
AWTEventQueue.dispatchTimeAvgNs,1784809082642000000,1784809142647000000,0.0
AWTEventQueue.eventsDispatched,1784809082642000000,1784809142647000000,0
AWTEventQueue.dispatchTime90PNs,1784809082642000000,1784809142647000000,0
writeAction.max.wait.ms,1784809082642000000,1784809142647000000,2
DiskQueryRelay.tasksRequested,1784809082642000000,1784809142647000000,0
DiskQueryRelay.taskWaitingTotalTimeUs,1784809082642000000,1784809142647000000,0
DiskQueryRelay.taskExecutionTotalTimeUs,1784809082642000000,1784809142647000000,0
writeAction.median.wait.ms,1784809082642000000,1784809142647000000,0
writeAction.wait.ms,1784809082642000000,1784809142647000000,0
DiskQueryRelay.tasksExecuted,1784809082642000000,1784809142647000000,0
writeAction.count,1784809082642000000,1784809142647000000,0
Indexing.cache.totalCacheMisses,1784809082642000000,1784809142647000000,0
Indexes.stubs.lookupDuration90PMs,1784809082642000000,1784809142647000000,0.0
Indexing.cache.totalCacheEvicted,1784809082642000000,1784809142647000000,0
Indexing.writer_0.totalTimeSpentWritingMs,1784809082642000000,1784809142647000000,0
Indexes.allKeys.lookupDurationAvgMs,1784809082642000000,1784809142647000000,0.0
Indexes.entries.lookupDurationAvgMs,1784809082642000000,1784809142647000000,0.0
Indexes.allKeys.lookupDurationMaxMs,1784809082642000000,1784809142647000000,0.0
Indexing.writesQueuedMax,1784809082642000000,1784809142647000000,0
Indexes.allKeys.lookups,1784809082642000000,1784809142647000000,0
Indexing.cache.totalCacheAccesses,1784809082642000000,1784809142647000000,0
Indexing.totalTimeIndexersSleptMs,1784809082642000000,1784809142647000000,0
Indexing.writesQueuedMin,1784809082642000000,1784809142647000000,9223372036854775807
Indexes.stubs.lookupDurationAvgMs,1784809082642000000,1784809142647000000,0.0
Indexing.writer_2.totalTimeSpentWritingMs,1784809082642000000,1784809142647000000,0
Indexes.entries.lookupDuration90PMs,1784809082642000000,1784809142647000000,0.0
Indexing.writer_1.totalTimeSpentWritingMs,1784809082642000000,1784809142647000000,0
Indexes.stubs.lookups,1784809082642000000,1784809142647000000,0
Indexes.stubs.lookupDurationMaxMs,1784809082642000000,1784809142647000000,0.0
Indexes.entries.lookupDurationMaxMs,1784809082642000000,1784809142647000000,0.0
Indexing.writer_3.totalTimeSpentWritingMs,1784809082642000000,1784809142647000000,0
Indexes.entries.lookups,1784809082642000000,1784809142647000000,0
Indexes.allKeys.lookupDuration90PMs,1784809082642000000,1784809142647000000,0.0
cacheStateStorage.get.counter,1784809142647000000,1784809202638000000,0
cacheStateStorage.set.duration,1784809142647000000,1784809202638000000,0
cacheStateStorage.get.duration,1784809142647000000,1784809202638000000,0
cacheStateStorage.set.counter,1784809142647000000,1784809202638000000,0
VFS.fileByIdCache.misses,1784809142647000000,1784809202638000000,0
VFS.contentStorage.recordsDeduplicated,1784809142647000000,1784809202638000000,0
VFS.rootsCount,1784809142647000000,1784809202638000000,2.0
VFS.contentStorage.recordsReadSize,1784809142647000000,1784809202638000000,0
VFS.contentStorage.recordsUncompressedSize,1784809142647000000,1784809202638000000,0
VFS.contentStorage.recordsStoredSize,1784809142647000000,1784809202638000000,0
VFS.contentStorage.recordsDecompressionTimeUs,1784809142647000000,1784809202638000000,0
VFS.contentStorage.recordsReadDecompressed,1784809142647000000,1784809202638000000,0
VFS.fileChildByName,1784809142647000000,1784809202638000000,0
VFS.cache.filesCreated,1784809142647000000,1784809202638000000,0
VFS.contentStorage.recordsRead,1784809142647000000,1784809202638000000,0
VFS.folderCaseSensitivityReads,1784809142647000000,1784809202638000000,0
VFS.contentStorage.recordsStored,1784809142647000000,1784809202638000000,0
VFS.cache.directoriesCreated,1784809142647000000,1784809202638000000,0
VFS.fileByIdCache.hits,1784809142647000000,1784809202638000000,0
VFS.cache.segmentsCreated,1784809142647000000,1784809202638000000,0
VFS.invertedFileNameIndex.requests,1784809142647000000,1784809202638000000,0
VFS.cache.segments,1784809142647000000,1784809202638000000,3.0
FileNameCache.totalMisses,1784809142647000000,1784809202638000000,0
FileNameCache.queries,1784809142647000000,1784809202638000000,0
VFS.contentStorage.recordsStoredCompressed,1784809142647000000,1784809202638000000,0
DirectByteBufferAllocator.misses,1784809142647000000,1784809202638000000,0
StorageLockContext.competingThreads.90P,1784809142647000000,1784809202638000000,0
DirectByteBufferAllocator.hits,1784809142647000000,1784809202638000000,0
FilePageCache.pageLoads,1784809142647000000,1784809202638000000,0
StreamlinedBlobStorage.totalLiveRecordsPayloadBytes,1784809142647000000,1784809202638000000,0
FilePageCache.disposedBuffers,1784809142647000000,1784809202638000000,0
FilePageCache.pageHits,1784809142647000000,1784809202638000000,0
DirectByteBufferAllocator.reclaimed,1784809142647000000,1784809202638000000,0
StreamlinedBlobStorage.recordsRelocated,1784809142647000000,1784809202638000000,0
FilePageCache.totalPageDisposalsUs,1784809142647000000,1784809202638000000,0
FilePageCache.uncachedFileAccess,1784809142647000000,1784809202638000000,0
FileChannelInterruptsRetryer.totalRetriedAttempts,1784809142647000000,1784809202638000000,0
MappedFileStorage.totalTimeSpentOnMappingUs,1784809142647000000,1784809202638000000,3881
StorageLockContext.competingThreads.max,1784809142647000000,1784809202638000000,0
MappedFileStorage.totalPagesMapped,1784809142647000000,1784809202638000000,6
FilePageCache.totalPageLoadsUs,1784809142647000000,1784809202638000000,0
FilePageCache.maxRegisteredFiles,1784809142647000000,1784809202638000000,877
StorageLockContext.competingThreads.avg,1784809142647000000,1784809202638000000,0.0
StreamlinedBlobStorage.recordsDeleted,1784809142647000000,1784809202638000000,0
FilePageCache.pageLoadsAboveSizeThreshold,1784809142647000000,1784809202638000000,0
StreamlinedBlobStorage.recordsAllocated,1784809142647000000,1784809202638000000,0
FilePageCache.pageFastCacheHits,1784809142647000000,1784809202638000000,0
FilePageCache.maxCacheSizeInBytes,1784809142647000000,1784809202638000000,327172096
MappedFileStorage.totalBytesMapped,1784809142647000000,1784809202638000000,164626432
DirectByteBufferAllocator.totalSizeOfBuffersCachedInBytes,1784809142647000000,1784809202638000000,41959424
DirectByteBufferAllocator.totalSizeOfBuffersAllocatedInBytes,1784809142647000000,1784809202638000000,0
DirectByteBufferAllocator.disposed,1784809142647000000,1784809202638000000,0
FilePageCache.capacityInBytes,1784809142647000000,1784809202638000000,629145600
MappedFileStorage.storages,1784809142647000000,1784809202638000000,6
StreamlinedBlobStorage.totalLiveRecordsCapacityBytes,1784809142647000000,1784809202638000000,0
FlushQueue.queueSizeAvg,1784809142647000000,1784809202638000000,0.0
FlushQueue.executionTimeAvgNs,1784809142647000000,1784809202638000000,0.0
FlushQueue.waitingTime90PNs,1784809142647000000,1784809202638000000,0
FlushQueue.executionTimeMaxNs,1784809142647000000,1784809202638000000,0
AWTEventQueue.dispatchTimeMaxNs,1784809142647000000,1784809202638000000,0
FlushQueue.executionTime90PNs,1784809142647000000,1784809202638000000,0
AWTEventQueue.dispatchTimeTotalNS,1784809142647000000,1784809202638000000,12495791
FlushQueue.queueSize90P,1784809142647000000,1784809202638000000,0
FlushQueue.waitingTimeMaxNs,1784809142647000000,1784809202638000000,0
FlushQueue.waitingTimeAvgNs,1784809142647000000,1784809202638000000,0.0
WriteAction.executionsCount,1784809142647000000,1784809202638000000,0
FlushQueue.queueSizeMax,1784809142647000000,1784809202638000000,0
ReadAction.executionsCount,1784809142647000000,1784809202638000000,0
FlushQueue.tasksExecuted,1784809142647000000,1784809202638000000,0
AWTEventQueue.dispatchTimeAvgNs,1784809142647000000,1784809202638000000,0.0
AWTEventQueue.eventsDispatched,1784809142647000000,1784809202638000000,0
AWTEventQueue.dispatchTime90PNs,1784809142647000000,1784809202638000000,0
writeAction.max.wait.ms,1784809142647000000,1784809202638000000,2
DiskQueryRelay.tasksRequested,1784809142647000000,1784809202638000000,0
DiskQueryRelay.taskWaitingTotalTimeUs,1784809142647000000,1784809202638000000,0
DiskQueryRelay.taskExecutionTotalTimeUs,1784809142647000000,1784809202638000000,0
writeAction.median.wait.ms,1784809142647000000,1784809202638000000,0
writeAction.wait.ms,1784809142647000000,1784809202638000000,0
DiskQueryRelay.tasksExecuted,1784809142647000000,1784809202638000000,0
writeAction.count,1784809142647000000,1784809202638000000,0
Indexing.cache.totalCacheMisses,1784809142647000000,1784809202638000000,0
Indexes.stubs.lookupDuration90PMs,1784809142647000000,1784809202638000000,0.0
Indexing.cache.totalCacheEvicted,1784809142647000000,1784809202638000000,0
Indexing.writer_0.totalTimeSpentWritingMs,1784809142647000000,1784809202638000000,0
Indexes.allKeys.lookupDurationAvgMs,1784809142647000000,1784809202638000000,0.0
Indexes.entries.lookupDurationAvgMs,1784809142647000000,1784809202638000000,0.0
Indexes.allKeys.lookupDurationMaxMs,1784809142647000000,1784809202638000000,0.0
Indexing.writesQueuedMax,1784809142647000000,1784809202638000000,0
Indexes.allKeys.lookups,1784809142647000000,1784809202638000000,0
Indexing.cache.totalCacheAccesses,1784809142647000000,1784809202638000000,0
Indexing.totalTimeIndexersSleptMs,1784809142647000000,1784809202638000000,0
Indexing.writesQueuedMin,1784809142647000000,1784809202638000000,9223372036854775807
Indexes.stubs.lookupDurationAvgMs,1784809142647000000,1784809202638000000,0.0
Indexing.writer_2.totalTimeSpentWritingMs,1784809142647000000,1784809202638000000,0
Indexes.entries.lookupDuration90PMs,1784809142647000000,1784809202638000000,0.0
Indexing.writer_1.totalTimeSpentWritingMs,1784809142647000000,1784809202638000000,0
Indexes.stubs.lookups,1784809142647000000,1784809202638000000,0
Indexes.stubs.lookupDurationMaxMs,1784809142647000000,1784809202638000000,0.0
Indexes.entries.lookupDurationMaxMs,1784809142647000000,1784809202638000000,0.0
Indexing.writer_3.totalTimeSpentWritingMs,1784809142647000000,1784809202638000000,0
Indexes.entries.lookups,1784809142647000000,1784809202638000000,0
Indexes.allKeys.lookupDuration90PMs,1784809142647000000,1784809202638000000,0.0
cacheStateStorage.get.counter,1784809202638000000,1784809214924000000,0
cacheStateStorage.set.duration,1784809202638000000,1784809214924000000,0
cacheStateStorage.get.duration,1784809202638000000,1784809214924000000,0
cacheStateStorage.set.counter,1784809202638000000,1784809214924000000,0
VFS.fileByIdCache.misses,1784809202638000000,1784809214924000000,0
VFS.rootsCount,1784809202638000000,1784809214924000000,0.0
VFS.fileChildByName,1784809202638000000,1784809214924000000,0
VFS.folderCaseSensitivityReads,1784809202638000000,1784809214924000000,0
VFS.fileByIdCache.hits,1784809202638000000,1784809214924000000,0
VFS.invertedFileNameIndex.requests,1784809202638000000,1784809214924000000,0
DirectByteBufferAllocator.misses,1784809202638000000,1784809214924000000,0
StorageLockContext.competingThreads.90P,1784809202638000000,1784809214924000000,0
DirectByteBufferAllocator.hits,1784809202638000000,1784809214924000000,0
FilePageCache.pageLoads,1784809202638000000,1784809214924000000,0
FilePageCache.disposedBuffers,1784809202638000000,1784809214924000000,0
FilePageCache.pageHits,1784809202638000000,1784809214924000000,0
DirectByteBufferAllocator.reclaimed,1784809202638000000,1784809214924000000,0
FilePageCache.totalPageDisposalsUs,1784809202638000000,1784809214924000000,0
FilePageCache.uncachedFileAccess,1784809202638000000,1784809214924000000,0
FileChannelInterruptsRetryer.totalRetriedAttempts,1784809202638000000,1784809214924000000,0
MappedFileStorage.totalTimeSpentOnMappingUs,1784809202638000000,1784809214924000000,3881
StorageLockContext.competingThreads.max,1784809202638000000,1784809214924000000,0
MappedFileStorage.totalPagesMapped,1784809202638000000,1784809214924000000,0
FilePageCache.totalPageLoadsUs,1784809202638000000,1784809214924000000,0
FilePageCache.maxRegisteredFiles,1784809202638000000,1784809214924000000,877
StorageLockContext.competingThreads.avg,1784809202638000000,1784809214924000000,0.0
FilePageCache.pageLoadsAboveSizeThreshold,1784809202638000000,1784809214924000000,0
FilePageCache.pageFastCacheHits,1784809202638000000,1784809214924000000,0
FilePageCache.maxCacheSizeInBytes,1784809202638000000,1784809214924000000,327172096
MappedFileStorage.totalBytesMapped,1784809202638000000,1784809214924000000,0
DirectByteBufferAllocator.totalSizeOfBuffersCachedInBytes,1784809202638000000,1784809214924000000,41959424
DirectByteBufferAllocator.totalSizeOfBuffersAllocatedInBytes,1784809202638000000,1784809214924000000,0
DirectByteBufferAllocator.disposed,1784809202638000000,1784809214924000000,0
FilePageCache.capacityInBytes,1784809202638000000,1784809214924000000,629145600
MappedFileStorage.storages,1784809202638000000,1784809214924000000,0
FlushQueue.queueSizeAvg,1784809202638000000,1784809214924000000,0.0
FlushQueue.executionTimeAvgNs,1784809202638000000,1784809214924000000,0.0
FlushQueue.waitingTime90PNs,1784809202638000000,1784809214924000000,0
FlushQueue.executionTimeMaxNs,1784809202638000000,1784809214924000000,0
AWTEventQueue.dispatchTimeMaxNs,1784809202638000000,1784809214924000000,0
FlushQueue.executionTime90PNs,1784809202638000000,1784809214924000000,0
AWTEventQueue.dispatchTimeTotalNS,1784809202638000000,1784809214924000000,2621875
FlushQueue.queueSize90P,1784809202638000000,1784809214924000000,0
FlushQueue.waitingTimeMaxNs,1784809202638000000,1784809214924000000,0
FlushQueue.waitingTimeAvgNs,1784809202638000000,1784809214924000000,0.0
WriteAction.executionsCount,1784809202638000000,1784809214924000000,0
FlushQueue.queueSizeMax,1784809202638000000,1784809214924000000,0
ReadAction.executionsCount,1784809202638000000,1784809214924000000,1
FlushQueue.tasksExecuted,1784809202638000000,1784809214924000000,0
AWTEventQueue.dispatchTimeAvgNs,1784809202638000000,1784809214924000000,0.0
AWTEventQueue.eventsDispatched,1784809202638000000,1784809214924000000,0
AWTEventQueue.dispatchTime90PNs,1784809202638000000,1784809214924000000,0
writeAction.max.wait.ms,1784809202638000000,1784809214924000000,2
DiskQueryRelay.tasksRequested,1784809202638000000,1784809214924000000,0
DiskQueryRelay.taskWaitingTotalTimeUs,1784809202638000000,1784809214924000000,0
DiskQueryRelay.taskExecutionTotalTimeUs,1784809202638000000,1784809214924000000,0
writeAction.median.wait.ms,1784809202638000000,1784809214924000000,0
writeAction.wait.ms,1784809202638000000,1784809214924000000,0
DiskQueryRelay.tasksExecuted,1784809202638000000,1784809214924000000,0
writeAction.count,1784809202638000000,1784809214924000000,0
Indexing.cache.totalCacheMisses,1784809202638000000,1784809214924000000,0
Indexes.stubs.lookupDuration90PMs,1784809202638000000,1784809214924000000,0.0
Indexing.cache.totalCacheEvicted,1784809202638000000,1784809214924000000,0
Indexing.writer_0.totalTimeSpentWritingMs,1784809202638000000,1784809214924000000,0
Indexes.allKeys.lookupDurationAvgMs,1784809202638000000,1784809214924000000,0.0
Indexes.entries.lookupDurationAvgMs,1784809202638000000,1784809214924000000,0.0
Indexes.allKeys.lookupDurationMaxMs,1784809202638000000,1784809214924000000,0.0
Indexing.writesQueuedMax,1784809202638000000,1784809214924000000,0
Indexes.allKeys.lookups,1784809202638000000,1784809214924000000,0
Indexing.cache.totalCacheAccesses,1784809202638000000,1784809214924000000,0
Indexing.totalTimeIndexersSleptMs,1784809202638000000,1784809214924000000,0
Indexing.writesQueuedMin,1784809202638000000,1784809214924000000,9223372036854775807
Indexes.stubs.lookupDurationAvgMs,1784809202638000000,1784809214924000000,0.0
Indexing.writer_2.totalTimeSpentWritingMs,1784809202638000000,1784809214924000000,0
Indexes.entries.lookupDuration90PMs,1784809202638000000,1784809214924000000,0.0
Indexing.writer_1.totalTimeSpentWritingMs,1784809202638000000,1784809214924000000,0
Indexes.stubs.lookups,1784809202638000000,1784809214924000000,0
Indexes.stubs.lookupDurationMaxMs,1784809202638000000,1784809214924000000,0.0
Indexes.entries.lookupDurationMaxMs,1784809202638000000,1784809214924000000,0.0
Indexing.writer_3.totalTimeSpentWritingMs,1784809202638000000,1784809214924000000,0
Indexes.entries.lookups,1784809202638000000,1784809214924000000,0
Indexes.allKeys.lookupDuration90PMs,1784809202638000000,1784809214924000000,0.0
