# OpenTelemetry Metrics report: .csv, 4 fields: 
# <metric name>, <period start, nanoseconds>, <period end, nanoseconds>, <metric value>
# See CsvMetricsExporter for details.
# 
# NAME, PERIOD_START_NANOS, PERIOD_END_NANOS, VALUE
FlushQueue.tasksExecuted,1784813639153000000,1784813699182000000,0
FlushQueue.executionTimeAvgNs,1784813639153000000,1784813699182000000,0.0
FlushQueue.queueSizeAvg,1784813639153000000,1784813699182000000,0.0
FlushQueue.executionTime90PNs,1784813639153000000,1784813699182000000,0
AWTEventQueue.dispatchTimeTotalNS,1784813639153000000,1784813699182000000,959529926
AWTEventQueue.dispatchTime90PNs,1784813639153000000,1784813699182000000,0
FlushQueue.queueSizeMax,1784813639153000000,1784813699182000000,0
WriteAction.executionsCount,1784813639153000000,1784813699182000000,1
FlushQueue.executionTimeMaxNs,1784813639153000000,1784813699182000000,0
FlushQueue.waitingTimeMaxNs,1784813639153000000,1784813699182000000,0
AWTEventQueue.dispatchTimeMaxNs,1784813639153000000,1784813699182000000,0
AWTEventQueue.dispatchTimeAvgNs,1784813639153000000,1784813699182000000,0.0
AWTEventQueue.eventsDispatched,1784813639153000000,1784813699182000000,0
FlushQueue.queueSize90P,1784813639153000000,1784813699182000000,0
FlushQueue.waitingTimeAvgNs,1784813639153000000,1784813699182000000,0.0
ReadAction.executionsCount,1784813639153000000,1784813699182000000,50
FlushQueue.waitingTime90PNs,1784813639153000000,1784813699182000000,0
writeAction.count,1784813639153000000,1784813699182000000,1
DiskQueryRelay.tasksRequested,1784813639153000000,1784813699182000000,15
writeAction.wait.ms,1784813639153000000,1784813699182000000,1
DiskQueryRelay.tasksExecuted,1784813639153000000,1784813699182000000,15
DiskQueryRelay.taskWaitingTotalTimeUs,1784813639153000000,1784813699182000000,23413
writeAction.max.wait.ms,1784813639153000000,1784813699182000000,1
writeAction.median.wait.ms,1784813639153000000,1784813699182000000,0
DiskQueryRelay.taskExecutionTotalTimeUs,1784813639153000000,1784813699182000000,10647
VFS.contentStorage.recordsDecompressionTimeUs,1784813639153000000,1784813699182000000,0
VFS.folderCaseSensitivityReads,1784813639153000000,1784813699182000000,0
VFS.fileByIdCache.misses,1784813639153000000,1784813699182000000,0
FileNameCache.queries,1784813639153000000,1784813699182000000,0
VFS.contentStorage.recordsUncompressedSize,1784813639153000000,1784813699182000000,0
VFS.contentStorage.recordsDeduplicated,1784813639153000000,1784813699182000000,0
VFS.contentStorage.recordsReadDecompressed,1784813639153000000,1784813699182000000,0
VFS.cache.filesCreated,1784813639153000000,1784813699182000000,3
VFS.cache.segments,1784813639153000000,1784813699182000000,1.0
VFS.fileChildByName,1784813639153000000,1784813699182000000,10
VFS.contentStorage.recordsStoredSize,1784813639153000000,1784813699182000000,0
VFS.contentStorage.recordsStored,1784813639153000000,1784813699182000000,0
VFS.invertedFileNameIndex.requests,1784813639153000000,1784813699182000000,0
VFS.fileByIdCache.hits,1784813639153000000,1784813699182000000,0
VFS.contentStorage.recordsReadSize,1784813639153000000,1784813699182000000,0
VFS.contentStorage.recordsStoredCompressed,1784813639153000000,1784813699182000000,0
VFS.cache.directoriesCreated,1784813639153000000,1784813699182000000,13
VFS.cache.segmentsCreated,1784813639153000000,1784813699182000000,1
VFS.rootsCount,1784813639153000000,1784813699182000000,1.0
FileNameCache.totalMisses,1784813639153000000,1784813699182000000,0
VFS.contentStorage.recordsRead,1784813639153000000,1784813699182000000,0
Indexing.writesQueuedMin,1784813639153000000,1784813699182000000,9223372036854775807
Indexing.writesQueuedMax,1784813639153000000,1784813699182000000,0
Indexing.cache.totalCacheEvicted,1784813639153000000,1784813699182000000,0
Indexing.writer_1.totalTimeSpentWritingMs,1784813639153000000,1784813699182000000,0
Indexing.cache.totalCacheAccesses,1784813639153000000,1784813699182000000,0
Indexing.writer_3.totalTimeSpentWritingMs,1784813639153000000,1784813699182000000,0
Indexing.writer_2.totalTimeSpentWritingMs,1784813639153000000,1784813699182000000,0
Indexing.totalTimeIndexersSleptMs,1784813639153000000,1784813699182000000,0
Indexing.writer_0.totalTimeSpentWritingMs,1784813639153000000,1784813699182000000,0
Indexing.cache.totalCacheMisses,1784813639153000000,1784813699182000000,0
cacheStateStorage.get.counter,1784813639153000000,1784813699182000000,2
cacheStateStorage.set.duration,1784813639153000000,1784813699182000000,0
cacheStateStorage.set.counter,1784813639153000000,1784813699182000000,0
cacheStateStorage.get.duration,1784813639153000000,1784813699182000000,8
FileChannelInterruptsRetryer.totalRetriedAttempts,1784813639153000000,1784813699182000000,0
FilePageCache.totalPageLoadsUs,1784813639153000000,1784813699182000000,154926
StreamlinedBlobStorage.totalLiveRecordsPayloadBytes,1784813639153000000,1784813699182000000,2335766
MappedFileStorage.totalBytesMapped,1784813639153000000,1784813699182000000,164626432
DirectByteBufferAllocator.totalSizeOfBuffersAllocatedInBytes,1784813639153000000,1784813699182000000,327172096
DirectByteBufferAllocator.hits,1784813639153000000,1784813699182000000,3
StreamlinedBlobStorage.totalLiveRecordsCapacityBytes,1784813639153000000,1784813699182000000,9139206
DirectByteBufferAllocator.disposed,1784813639153000000,1784813699182000000,0
FilePageCache.pageFastCacheHits,1784813639153000000,1784813699182000000,6346
FilePageCache.pageLoads,1784813639153000000,1784813699182000000,317
StorageLockContext.competingThreads.avg,1784813639153000000,1784813699182000000,0.0
FilePageCache.pageLoadsAboveSizeThreshold,1784813639153000000,1784813699182000000,0
FilePageCache.pageHits,1784813639153000000,1784813699182000000,0
StreamlinedBlobStorage.recordsRelocated,1784813639153000000,1784813699182000000,0
StorageLockContext.competingThreads.max,1784813639153000000,1784813699182000000,0
DirectByteBufferAllocator.reclaimed,1784813639153000000,1784813699182000000,3
FilePageCache.maxRegisteredFiles,1784813639153000000,1784813699182000000,877
StreamlinedBlobStorage.recordsAllocated,1784813639153000000,1784813699182000000,116029
FilePageCache.totalPageDisposalsUs,1784813639153000000,1784813699182000000,6386
MappedFileStorage.totalPagesMapped,1784813639153000000,1784813699182000000,6
DirectByteBufferAllocator.misses,1784813639153000000,1784813699182000000,314
StorageLockContext.competingThreads.90P,1784813639153000000,1784813699182000000,0
FilePageCache.uncachedFileAccess,1784813639153000000,1784813699182000000,187
FilePageCache.capacityInBytes,1784813639153000000,1784813699182000000,629145600
FilePageCache.disposedBuffers,1784813639153000000,1784813699182000000,3
FilePageCache.maxCacheSizeInBytes,1784813639153000000,1784813699182000000,327172096
StreamlinedBlobStorage.recordsDeleted,1784813639153000000,1784813699182000000,26
MappedFileStorage.storages,1784813639153000000,1784813699182000000,6
MappedFileStorage.totalTimeSpentOnMappingUs,1784813639153000000,1784813699182000000,5805
DirectByteBufferAllocator.totalSizeOfBuffersCachedInBytes,1784813639153000000,1784813699182000000,0
JVM.totalTimeAtSafepointsMs,1784813699182000000,1784813759183000000,609
MEM.ramPlusSwapMinusFileMappingsBytes,1784813699182000000,1784813759183000000,2844416048
JVM.maxHeapBytes,1784813699182000000,1784813759183000000,2147483648
JVM.usedNativeBytes,1784813699182000000,1784813759183000000,544403936
MEM.ramMinusFileMappingsBytes,1784813699182000000,1784813759183000000,1030520832
JVM.GC.collectionTimesMs,1784813699182000000,1784813759183000000,605
JVM.committedHeapBytes,1784813699182000000,1784813759183000000,917504000
JVM.maxThreadCount,1784813699182000000,1784813759183000000,142
JVM.threadCount,1784813699182000000,1784813759183000000,142
MEM.fileMappingsRamBytes,1784813699182000000,1784813759183000000,579878912
JVM.GC.collections,1784813699182000000,1784813759183000000,73
OS.loadAverage,1784813699182000000,1784813759183000000,3.59033203125
JVM.totalCpuTimeMs,1784813699182000000,1784813759183000000,99475
JVM.totalDirectByteBuffersBytes,1784813699182000000,1784813759183000000,630302728
JVM.totalTimeToSafepointsMs,1784813699182000000,1784813759183000000,25
JVM.totalBytesAllocated,1784813699182000000,1784813759183000000,6295943624
JVM.usedHeapBytes,1784813699182000000,1784813759183000000,705989456
JVM.totalSafepointCount,1784813699182000000,1784813759183000000,122
MEM.ramBytes,1784813699182000000,1784813759183000000,1621327872
JVM.newThreadsCount,1784813699182000000,1784813759183000000,198
workspaceModel.loading.from.cache.ms,1784813699182000000,1784813759183000000,98
workspaceModel.cachedValueWithParameters.from.cache.count,1784813699182000000,1784813759183000000,6473
workspaceModel.workspaceFileIndexData.processFileSets.ms,1784813699182000000,1784813759183000000,0
workspaceModel.cachedValueWithParameters.calculated.count,1784813699182000000,1784813759183000000,3
workspaceModel.workspaceFileIndexData.markDirty.ms,1784813699182000000,1784813759183000000,0
workspaceModel.workspaceFileIndexContributor.registerFileSets.ms,1784813699182000000,1784813759183000000,162
workspaceModel.to.snapshot.ms,1784813699182000000,1784813759183000000,0
workspaceModel.updates.count,1784813699182000000,1784813759183000000,5
workspaceModel.cachedValueWithParameters.clear.count,1784813699182000000,1784813759183000000,0
workspaceModel.cachedValue.total.get.count,1784813699182000000,1784813759183000000,14486
workspaceModel.workspaceFileIndexData.onEntitiesChanged.ms,1784813699182000000,1784813759183000000,1
workspaceModel.collect.changes.ms,1784813699182000000,1784813759183000000,0
workspaceModel.pre.handlers.ms,1784813699182000000,1784813759183000000,3
workspaceModel.entityStorageSnapshotImpl.instances.count,1784813699182000000,1784813759183000000,25
workspaceModel.cachedValueWithParameters.total.get.count,1784813699182000000,1784813759183000000,6476
workspaceModel.init.bridges.ms,1784813699182000000,1784813759183000000,21
workspaceModel.update.unloaded.entities.ms,1784813699182000000,1784813759183000000,0
workspaceModel.loading.total.ms,1784813699182000000,1784813759183000000,102
workspaceModel.workspaceFileIndexData.updateDirtyEntities.ms,1784813699182000000,1784813759183000000,0
workspaceModel.check.recursive.update.ms,1784813699182000000,1784813759183000000,0
workspaceModel.full.replace.project.model.ms,1784813699182000000,1784813759183000000,3
workspaceModel.initializing.ms,1784813699182000000,1784813759183000000,21
workspaceModel.replace.project.model.ms,1784813699182000000,1784813759183000000,0
workspaceModel.workspaceFileIndexData.getDirectoriesByPackageName.ms,1784813699182000000,1784813759183000000,382
workspaceModel.cachedValue.calculated.count,1784813699182000000,1784813759183000000,490
workspaceModel.updates.precise.ms,1784813699182000000,1784813759183000000,7
workspaceModel.cachedValue.clear.count,1784813699182000000,1784813759183000000,0
workspaceModel.workspaceFileIndexData.getFileInfo.ms,1784813699182000000,1784813759183000000,1535
workspaceModel.on.changed.ms,1784813699182000000,1784813759183000000,10
workspaceModel.workspaceFileIndexData.instances.count,1784813699182000000,1784813759183000000,1
workspaceModel.cachedValue.from.cache.count,1784813699182000000,1784813759183000000,13996
workspaceModel.workspaceFileIndexData.init.ms,1784813699182000000,1784813759183000000,83
workspaceModel.on.before.changed.ms,1784813699182000000,1784813759183000000,27
workspaceModel.workspaceFileIndexData.visitFileSets.ms,1784813699182000000,1784813759183000000,25
workspaceModel.updates.ms,1784813699182000000,1784813759183000000,70
workspaceModel.workspaceFileIndexData.getPackageName.ms,1784813699182000000,1784813759183000000,42
FlushQueue.tasksExecuted,1784813699182000000,1784813759183000000,15
FlushQueue.executionTimeAvgNs,1784813699182000000,1784813759183000000,89938.13333333333
FlushQueue.queueSizeAvg,1784813699182000000,1784813759183000000,16.133333333333333
FlushQueue.executionTime90PNs,1784813699182000000,1784813759183000000,294911
AWTEventQueue.dispatchTimeTotalNS,1784813699182000000,1784813759183000000,10762319690
AWTEventQueue.dispatchTime90PNs,1784813699182000000,1784813759183000000,577535
FlushQueue.queueSizeMax,1784813699182000000,1784813759183000000,22
WriteAction.executionsCount,1784813699182000000,1784813759183000000,26
NonBlockingReadAction.failedExecutionTimeUs,1784813699182000000,1784813759183000000,1237904
FlushQueue.executionTimeMaxNs,1784813699182000000,1784813759183000000,602111
NonBlockingReadAction.finalizedExecutionsCount,1784813699182000000,1784813759183000000,630
FlushQueue.waitingTimeMaxNs,1784813699182000000,1784813759183000000,30146559
AWTEventQueue.dispatchTimeMaxNs,1784813699182000000,1784813759183000000,9764863
AWTEventQueue.dispatchTimeAvgNs,1784813699182000000,1784813759183000000,589367.4545454546
NonBlockingReadAction.failedExecutionsCount,1784813699182000000,1784813759183000000,33
AWTEventQueue.eventsDispatched,1784813699182000000,1784813759183000000,22
FlushQueue.queueSize90P,1784813699182000000,1784813759183000000,21
NonBlockingReadAction.finalizedExecutionTimeUs,1784813699182000000,1784813759183000000,1078410
FlushQueue.waitingTimeAvgNs,1784813699182000000,1784813759183000000,2.63061504E7
ReadAction.executionsCount,1784813699182000000,1784813759183000000,706263
FlushQueue.waitingTime90PNs,1784813699182000000,1784813759183000000,30146559
parser.JSONPath.size.bytes,1784813699182000000,1784813759183000000,96
lexer.JSONPath.time.ns,1784813699182000000,1784813759183000000,2463330
parser.yaml.size.bytes,1784813699182000000,1784813759183000000,3884
lexer.Markdown.size.bytes,1784813699182000000,1784813759183000000,11948
writeAction.max.wait.ms,1784813699182000000,1784813759183000000,305
lexer.HTTP.Request.time.ns,1784813699182000000,1784813759183000000,5462041
parser.textmate.time.ns,1784813699182000000,1784813759183000000,152208
parser.XML.size.bytes,1784813699182000000,1784813759183000000,132868
lexer.XML.size.bytes,1784813699182000000,1784813759183000000,132868
lexer.textmate.size.bytes,1784813699182000000,1784813759183000000,752
writeAction.count,1784813699182000000,1784813759183000000,26
DiskQueryRelay.tasksExecuted,1784813699182000000,1784813759183000000,1378
lexer.JAVA.time.ns,1784813699182000000,1784813759183000000,100414983
parser.JSON.size.bytes,1784813699182000000,1784813759183000000,1502
LowMemory.gcLoad,1784813699182000000,1784813759183000000,0.0
lexer.HTML.size.bytes,1784813699182000000,1784813759183000000,0
parser.JSONPath.time.ns,1784813699182000000,1784813759183000000,5614918
lexer.JSON.size.bytes,1784813699182000000,1784813759183000000,460395
writeAction.median.wait.ms,1784813699182000000,1784813759183000000,0
lexer.yaml.time.ns,1784813699182000000,1784813759183000000,46001500
lexer.HTML.time.ns,1784813699182000000,1784813759183000000,18916
DiskQueryRelay.taskExecutionTotalTimeUs,1784813699182000000,1784813759183000000,722975
parser.JAVA.time.ns,1784813699182000000,1784813759183000000,312425503
DiskQueryRelay.tasksRequested,1784813699182000000,1784813759183000000,1534
lexer.JSON.time.ns,1784813699182000000,1784813759183000000,14273875
lexer.yaml.size.bytes,1784813699182000000,1784813759183000000,3884
parser.HTTP.Request.size.bytes,1784813699182000000,1784813759183000000,2292
DiskQueryRelay.taskWaitingTotalTimeUs,1784813699182000000,1784813759183000000,916715
parser.yaml.time.ns,1784813699182000000,1784813759183000000,3902917
parser.Markdown.size.bytes,1784813699182000000,1784813759183000000,11948
parser.HTTP.Request.time.ns,1784813699182000000,1784813759183000000,11282209
parser.HTML.size.bytes,1784813699182000000,1784813759183000000,0
parser.HTML.time.ns,1784813699182000000,1784813759183000000,3230250
parser.XML.time.ns,1784813699182000000,1784813759183000000,41
parser.textmate.size.bytes,1784813699182000000,1784813759183000000,752
LowMemory.gcOverloaded,1784813699182000000,1784813759183000000,0
parser.JSON.time.ns,1784813699182000000,1784813759183000000,6
writeAction.wait.ms,1784813699182000000,1784813759183000000,369
lexer.textmate.time.ns,1784813699182000000,1784813759183000000,6667
lexer.HTTP.Request.size.bytes,1784813699182000000,1784813759183000000,2292
lexer.JSONPath.size.bytes,1784813699182000000,1784813759183000000,96
lexer.JAVA.size.bytes,1784813699182000000,1784813759183000000,962542
parser.Markdown.time.ns,1784813699182000000,1784813759183000000,14633418
parser.JAVA.size.bytes,1784813699182000000,1784813759183000000,973981
lexer.Markdown.time.ns,1784813699182000000,1784813759183000000,8977958
lexer.XML.time.ns,1784813699182000000,1784813759183000000,7502333
compiler.ArtifactVirtualFileListener.filePathChanged.ms,1784813699182000000,1784813759183000000,0
compiler.ArtifactManagerBridge.getArtifactsByType.ms,1784813699182000000,1784813759183000000,1
compiler.ArtifactManagerBridge.addArtifact.ms,1784813699182000000,1784813759183000000,0
compiler.ArtifactManagerBridge.dropMappings.ms,1784813699182000000,1784813759183000000,0
compiler.ArtifactVirtualFileListener.propertyChanged.ms,1784813699182000000,1784813759183000000,0
compiler.ArtifactManagerBridge.commit.ms,1784813699182000000,1784813759183000000,0
compiler.ArtifactManagerBridge.initBridges.ms,1784813699182000000,1784813759183000000,0
compiler.ArtifactManagerBridge.getArtifacts.ms,1784813699182000000,1784813759183000000,0
compiler.ArtifactManagerBridge.findArtifact.ms,1784813699182000000,1784813759183000000,0
VFS.contentStorage.recordsDecompressionTimeUs,1784813699182000000,1784813759183000000,11558
VFS.folderCaseSensitivityReads,1784813699182000000,1784813759183000000,1
VFS.fileByIdCache.misses,1784813699182000000,1784813759183000000,25997
FileNameCache.queries,1784813699182000000,1784813759183000000,21187008
VFS.contentStorage.recordsUncompressedSize,1784813699182000000,1784813759183000000,8125
VFS.contentStorage.recordsDeduplicated,1784813699182000000,1784813759183000000,6
VFS.contentStorage.recordsReadDecompressed,1784813699182000000,1784813759183000000,74
VFS.cache.filesCreated,1784813699182000000,1784813759183000000,199091
VFS.cache.segments,1784813699182000000,1784813759183000000,335.0
VFS.fileChildByName,1784813699182000000,1784813759183000000,89013
VFS.contentStorage.recordsStoredSize,1784813699182000000,1784813759183000000,8125
VFS.contentStorage.recordsStored,1784813699182000000,1784813759183000000,5
VFS.invertedFileNameIndex.requests,1784813699182000000,1784813759183000000,59
VFS.fileByIdCache.hits,1784813699182000000,1784813759183000000,0
VFS.contentStorage.recordsReadSize,1784813699182000000,1784813759183000000,3518277
VFS.contentStorage.recordsStoredCompressed,1784813699182000000,1784813759183000000,0
VFS.cache.directoriesCreated,1784813699182000000,1784813759183000000,11944
VFS.cache.segmentsCreated,1784813699182000000,1784813759183000000,334
VFS.rootsCount,1784813699182000000,1784813759183000000,335.0
FileNameCache.totalMisses,1784813699182000000,1784813759183000000,271040
VFS.contentStorage.recordsRead,1784813699182000000,1784813759183000000,259
Indexes.entries.lookupDuration90PMs,1784813699182000000,1784813759183000000,0.0
Indexes.entries.lookups,1784813699182000000,1784813759183000000,2377
Indexes.allKeys.lookupDurationAvgMs,1784813699182000000,1784813759183000000,0.0
Indexing.writer_1.totalTimeSpentWritingMs,1784813699182000000,1784813759183000000,0
Indexes.entries.lookupDurationAvgMs,1784813699182000000,1784813759183000000,0.0
Indexing.cache.totalCacheMisses,1784813699182000000,1784813759183000000,35048
Indexes.stubs.lookupDuration90PMs,1784813699182000000,1784813759183000000,0.0
Indexing.writesQueuedMin,1784813699182000000,1784813759183000000,9223372036854775807
Indexing.writesQueuedMax,1784813699182000000,1784813759183000000,0
Indexes.stubs.lookups,1784813699182000000,1784813759183000000,30603
Indexing.cache.totalCacheEvicted,1784813699182000000,1784813759183000000,32777
Indexes.entries.lookupDurationMaxMs,1784813699182000000,1784813759183000000,0.0
Indexes.allKeys.lookups,1784813699182000000,1784813759183000000,5
Indexing.cache.totalCacheAccesses,1784813699182000000,1784813759183000000,91519
Indexing.writer_3.totalTimeSpentWritingMs,1784813699182000000,1784813759183000000,0
Indexes.stubs.lookupDurationMaxMs,1784813699182000000,1784813759183000000,0.0
Indexing.writer_2.totalTimeSpentWritingMs,1784813699182000000,1784813759183000000,0
Indexing.totalTimeIndexersSleptMs,1784813699182000000,1784813759183000000,0
Indexes.stubs.lookupDurationAvgMs,1784813699182000000,1784813759183000000,0.0
Indexes.allKeys.lookupDurationMaxMs,1784813699182000000,1784813759183000000,0.0
Indexing.writer_0.totalTimeSpentWritingMs,1784813699182000000,1784813759183000000,0
Indexes.allKeys.lookupDuration90PMs,1784813699182000000,1784813759183000000,0.0
cacheStateStorage.get.counter,1784813699182000000,1784813759183000000,228
cacheStateStorage.set.duration,1784813699182000000,1784813759183000000,4
cacheStateStorage.set.counter,1784813699182000000,1784813759183000000,3
cacheStateStorage.get.duration,1784813699182000000,1784813759183000000,139
FileChannelInterruptsRetryer.totalRetriedAttempts,1784813699182000000,1784813759183000000,0
FilePageCache.totalPageLoadsUs,1784813699182000000,1784813759183000000,265877
StreamlinedBlobStorage.totalLiveRecordsPayloadBytes,1784813699182000000,1784813759183000000,75
MappedFileStorage.totalBytesMapped,1784813699182000000,1784813759183000000,206831616
DirectByteBufferAllocator.totalSizeOfBuffersAllocatedInBytes,1784813699182000000,1784813759183000000,630218752
DirectByteBufferAllocator.hits,1784813699182000000,1784813759183000000,225
StreamlinedBlobStorage.totalLiveRecordsCapacityBytes,1784813699182000000,1784813759183000000,280
DirectByteBufferAllocator.disposed,1784813699182000000,1784813759183000000,0
FilePageCache.pageFastCacheHits,1784813699182000000,1784813759183000000,63954
FilePageCache.pageLoads,1784813699182000000,1784813759183000000,289
StorageLockContext.competingThreads.avg,1784813699182000000,1784813759183000000,0.0
FilePageCache.pageLoadsAboveSizeThreshold,1784813699182000000,1784813759183000000,226
FilePageCache.pageHits,1784813699182000000,1784813759183000000,928
StreamlinedBlobStorage.recordsRelocated,1784813699182000000,1784813759183000000,0
StorageLockContext.competingThreads.max,1784813699182000000,1784813759183000000,0
DirectByteBufferAllocator.reclaimed,1784813699182000000,1784813759183000000,227
FilePageCache.maxRegisteredFiles,1784813699182000000,1784813759183000000,1661
StreamlinedBlobStorage.recordsAllocated,1784813699182000000,1784813759183000000,4
FilePageCache.totalPageDisposalsUs,1784813699182000000,1784813759183000000,170
MappedFileStorage.totalPagesMapped,1784813699182000000,1784813759183000000,17
DirectByteBufferAllocator.misses,1784813699182000000,1784813759183000000,290
StorageLockContext.competingThreads.90P,1784813699182000000,1784813759183000000,0
FilePageCache.uncachedFileAccess,1784813699182000000,1784813759183000000,466
FilePageCache.capacityInBytes,1784813699182000000,1784813759183000000,629145600
FilePageCache.disposedBuffers,1784813699182000000,1784813759183000000,227
FilePageCache.maxCacheSizeInBytes,1784813699182000000,1784813759183000000,629153792
StreamlinedBlobStorage.recordsDeleted,1784813699182000000,1784813759183000000,0
MappedFileStorage.storages,1784813699182000000,1784813759183000000,17
MappedFileStorage.totalTimeSpentOnMappingUs,1784813699182000000,1784813759183000000,10471
DirectByteBufferAllocator.totalSizeOfBuffersCachedInBytes,1784813699182000000,1784813759183000000,2097152
workspaceModel.global.apply.state.to.project.ms,1784813699182000000,1784813759183000000,16
workspaceModel.mutableEntityStorage.apply.changes.from.ms,1784813699182000000,1784813759183000000,66
workspaceModel.moduleManagerBridge.create.module.instance.ms,1784813699182000000,1784813759183000000,0
workspaceModel.mutableEntityStorage.add.entity.ms,1784813699182000000,1784813759183000000,35
workspaceModel.mutableEntityStorage.changeLog.addReplaceEventForRemovedChild.ms,1784813699182000000,1784813759183000000,0
workspaceModel.moduleManagerBridge.load.module.ms,1784813699182000000,1784813759183000000,0
jps.module.dependency.index.workspace.model.listener.on.changed.ms,1784813699182000000,1784813759183000000,0
workspaceModel.mutableEntityStorage.entities.ms,1784813699182000000,1784813759183000000,0
jps.save.global.entities.ms,1784813699182000000,1784813759183000000,0
workspaceModel.global.apply.state.to.project.builder.ms,1784813699182000000,1784813759183000000,6
workspaceModel.do.save.caches.ms,1784813699182000000,1784813759183000000,128
workspaceModel.load.cache.from.file.ms,1784813699182000000,1784813759183000000,99
jps.artifact.entities.serializer.load.entities.ms,1784813699182000000,1784813759183000000,1
jps.global.get.libraries.ms,1784813699182000000,1784813759183000000,0
workspaceModel.mutableEntityStorage.referrers.ms,1784813699182000000,1784813759183000000,0
jps.module.iml.entities.serializer.save.entities.ms,1784813699182000000,1784813759183000000,0
jps.global.handle.changed.events.ms,1784813699182000000,1784813759183000000,0
workspaceModel.delayed.project.synchronizer.sync.ms,1784813699182000000,1784813759183000000,603
workspaceModel.mutableEntityStorage.entities.by.source.ms,1784813699182000000,1784813759183000000,0
workspaceModel.global.updates.count,1784813699182000000,1784813759183000000,1
jps.storage.jps.conf.reader.load.component.ms,1784813699182000000,1784813759183000000,8
workspaceModel.global.updates.ms,1784813699182000000,1784813759183000000,10
workspaceModel.moduleManagerBridge.new.nonPersistent.module.ms,1784813699182000000,1784813759183000000,0
workspaceModel.mutableEntityStorage.has.same.entities.ms,1784813699182000000,1784813759183000000,0
jps.global.initialize.library.bridges.ms,1784813699182000000,1784813759183000000,10
workspaceModel.mutableEntityStorage.replace.by.source.ms,1784813699182000000,1784813759183000000,32
jps.load.initial.state.ms,1784813699182000000,1784813759183000000,9
workspaceModel.mutableEntityStorage.put.entity.ms,1784813699182000000,1784813759183000000,11
jps.global.get.library.ms,1784813699182000000,1784813759183000000,0
workspaceModel.moduleManagerBridge.build.module.graph.ms,1784813699182000000,1784813759183000000,3
workspaceModel.moduleManagerBridge.set.unloadedModules.ms,1784813699182000000,1784813759183000000,0
workspaceModel.mutableEntityStorage.to.snapshot.ms,1784813699182000000,1784813759183000000,4
jps.project.serializers.save.ms,1784813699182000000,1784813759183000000,0
jps.module.iml.entities.serializer.load.entities.ms,1784813699182000000,1784813759183000000,16
workspaceModel.moduleBridge.before.changed.ms,1784813699182000000,1784813759183000000,0
workspaceModel.mutableEntityStorage.changeLog.addReplaceEventForRemovedParent.ms,1784813699182000000,1784813759183000000,0
jps.apply.loaded.storage.ms,1784813699182000000,1784813759183000000,436
jps.app.storage.content.reader.load.component.ms,1784813699182000000,1784813759183000000,5
workspaceModel.mutableEntityStorage.remove.entity.ms,1784813699182000000,1784813759183000000,0
workspaceModel.mutableEntityStorage.resolve.ms,1784813699182000000,1784813759183000000,0
workspaceModel.sync.entities.ms,1784813699182000000,1784813759183000000,0
workspaceModel.mutableEntityStorage.mutable.ext.mapping.ms,1784813699182000000,1784813759183000000,1
workspaceModel.moduleManagerBridge.get.modules.ms,1784813699182000000,1784813759183000000,0
workspaceModel.moduleBridgeLoader.loading.modules.ms,1784813699182000000,1784813759183000000,97
jps.library.entities.serializer.save.entities.ms,1784813699182000000,1784813759183000000,0
jps.facet.change.listener.process.change.events.ms,1784813699182000000,1784813759183000000,2
workspaceModel.mutableEntityStorage.changeLog.addReplaceEventForNewChild.ms,1784813699182000000,1784813759183000000,0
workspaceModel.mutableEntityStorage.hasReferrers.ms,1784813699182000000,1784813759183000000,0
workspaceModel.moduleBridge.facet.initialization.ms,1784813699182000000,1784813759183000000,24
jps.global.handle.before.change.events.ms,1784813699182000000,1784813759183000000,0
jps.global.initialize.library.bridges.after.loading.ms,1784813699182000000,1784813759183000000,0
jps.reload.project.entities.ms,1784813699182000000,1784813759183000000,0
workspaceModel.orphan.listener.update.ms,1784813699182000000,1784813759183000000,0
workspaceModel.mutableEntityStorage.mutable.vfurl.index.ms,1784813699182000000,1784813759183000000,0
jps.project.serializers.load.ms,1784813699182000000,1784813759183000000,106
workspaceModel.load.cache.metadata.from.file.ms,1784813699182000000,1784813759183000000,9
jps.facet.change.listener.init.bridge.ms,1784813699182000000,1784813759183000000,4
jps.library.entities.serializer.load.entities.ms,1784813699182000000,1784813759183000000,22
jps.load.project.to.empty.storage.ms,1784813699182000000,1784813759183000000,161
jps.facet.change.listener.before.change.events.ms,1784813699182000000,1784813759183000000,0
workspaceModel.mutableEntityStorage.instances.count,1784813699182000000,1784813759183000000,42
workspaceModel.moduleBridge.update.option.ms,1784813699182000000,1784813759183000000,0
workspaceModel.mutableEntityStorage.modify.entity.ms,1784813699182000000,1784813759183000000,4
workspaceModel.moduleManagerBridge.load.all.modules.ms,1784813699182000000,1784813759183000000,44
jps.global.get.library.by.name.ms,1784813699182000000,1784813759183000000,0
workspaceModel.mutableEntityStorage.changeLog.addReplaceEventForNewParent.ms,1784813699182000000,1784813759183000000,3
workspaceModel.moduleManagerBridge.newModule.ms,1784813699182000000,1784813759183000000,0
jps.artifact.entities.serializer.save.entities.ms,1784813699182000000,1784813759183000000,0
workspaceModel.save.cache.to.file.ms,1784813699182000000,1784813759183000000,130
jps.save.changed.project.entities.ms,1784813699182000000,1784813759183000000,0
workspaceModel.mutableEntityStorage.collect.changes.ms,1784813699182000000,1784813759183000000,0
JVM.totalTimeAtSafepointsMs,1784813759183000000,1784813819173000000,633
MEM.ramPlusSwapMinusFileMappingsBytes,1784813759183000000,1784813819173000000,1728894976
JVM.maxHeapBytes,1784813759183000000,1784813819173000000,2147483648
JVM.usedNativeBytes,1784813759183000000,1784813819173000000,582358752
MEM.ramMinusFileMappingsBytes,1784813759183000000,1784813819173000000,306364416
JVM.GC.collectionTimesMs,1784813759183000000,1784813819173000000,632
JVM.committedHeapBytes,1784813759183000000,1784813819173000000,671088640
JVM.maxThreadCount,1784813759183000000,1784813819173000000,145
JVM.threadCount,1784813759183000000,1784813819173000000,139
MEM.fileMappingsRamBytes,1784813759183000000,1784813819173000000,555417600
JVM.GC.collections,1784813759183000000,1784813819173000000,10
OS.loadAverage,1784813759183000000,1784813819173000000,3.5576171875
JVM.totalCpuTimeMs,1784813759183000000,1784813819173000000,23356
JVM.totalDirectByteBuffersBytes,1784813759183000000,1784813819173000000,4261896
JVM.totalTimeToSafepointsMs,1784813759183000000,1784813819173000000,3
JVM.totalBytesAllocated,1784813759183000000,1784813819173000000,1185373576
JVM.usedHeapBytes,1784813759183000000,1784813819173000000,402490808
JVM.totalSafepointCount,1784813759183000000,1784813819173000000,10
MEM.ramBytes,1784813759183000000,1784813819173000000,862666752
JVM.newThreadsCount,1784813759183000000,1784813819173000000,8
workspaceModel.loading.from.cache.ms,1784813759183000000,1784813819173000000,0
workspaceModel.cachedValueWithParameters.from.cache.count,1784813759183000000,1784813819173000000,2407
workspaceModel.workspaceFileIndexData.processFileSets.ms,1784813759183000000,1784813819173000000,0
workspaceModel.cachedValueWithParameters.calculated.count,1784813759183000000,1784813819173000000,0
workspaceModel.workspaceFileIndexData.markDirty.ms,1784813759183000000,1784813819173000000,0
workspaceModel.workspaceFileIndexContributor.registerFileSets.ms,1784813759183000000,1784813819173000000,0
workspaceModel.to.snapshot.ms,1784813759183000000,1784813819173000000,0
workspaceModel.updates.count,1784813759183000000,1784813819173000000,0
workspaceModel.cachedValueWithParameters.clear.count,1784813759183000000,1784813819173000000,0
workspaceModel.cachedValue.total.get.count,1784813759183000000,1784813819173000000,3906
workspaceModel.workspaceFileIndexData.onEntitiesChanged.ms,1784813759183000000,1784813819173000000,0
workspaceModel.collect.changes.ms,1784813759183000000,1784813819173000000,0
workspaceModel.pre.handlers.ms,1784813759183000000,1784813819173000000,0
workspaceModel.entityStorageSnapshotImpl.instances.count,1784813759183000000,1784813819173000000,0
workspaceModel.cachedValueWithParameters.total.get.count,1784813759183000000,1784813819173000000,2407
workspaceModel.init.bridges.ms,1784813759183000000,1784813819173000000,0
workspaceModel.update.unloaded.entities.ms,1784813759183000000,1784813819173000000,0
workspaceModel.loading.total.ms,1784813759183000000,1784813819173000000,0
workspaceModel.workspaceFileIndexData.updateDirtyEntities.ms,1784813759183000000,1784813819173000000,0
workspaceModel.check.recursive.update.ms,1784813759183000000,1784813819173000000,0
workspaceModel.full.replace.project.model.ms,1784813759183000000,1784813819173000000,0
workspaceModel.initializing.ms,1784813759183000000,1784813819173000000,0
workspaceModel.replace.project.model.ms,1784813759183000000,1784813819173000000,0
workspaceModel.workspaceFileIndexData.getDirectoriesByPackageName.ms,1784813759183000000,1784813819173000000,9
workspaceModel.cachedValue.calculated.count,1784813759183000000,1784813819173000000,2
workspaceModel.updates.precise.ms,1784813759183000000,1784813819173000000,0
workspaceModel.cachedValue.clear.count,1784813759183000000,1784813819173000000,0
workspaceModel.workspaceFileIndexData.getFileInfo.ms,1784813759183000000,1784813819173000000,41
workspaceModel.on.changed.ms,1784813759183000000,1784813819173000000,0
workspaceModel.workspaceFileIndexData.instances.count,1784813759183000000,1784813819173000000,0
workspaceModel.cachedValue.from.cache.count,1784813759183000000,1784813819173000000,3904
workspaceModel.workspaceFileIndexData.init.ms,1784813759183000000,1784813819173000000,0
workspaceModel.on.before.changed.ms,1784813759183000000,1784813819173000000,0
workspaceModel.workspaceFileIndexData.visitFileSets.ms,1784813759183000000,1784813819173000000,0
workspaceModel.updates.ms,1784813759183000000,1784813819173000000,0
workspaceModel.workspaceFileIndexData.getPackageName.ms,1784813759183000000,1784813819173000000,5
FlushQueue.tasksExecuted,1784813759183000000,1784813819173000000,0
FlushQueue.executionTimeAvgNs,1784813759183000000,1784813819173000000,0.0
FlushQueue.queueSizeAvg,1784813759183000000,1784813819173000000,0.0
FlushQueue.executionTime90PNs,1784813759183000000,1784813819173000000,0
AWTEventQueue.dispatchTimeTotalNS,1784813759183000000,1784813819173000000,3744714098
AWTEventQueue.dispatchTime90PNs,1784813759183000000,1784813819173000000,0
FlushQueue.queueSizeMax,1784813759183000000,1784813819173000000,0
WriteAction.executionsCount,1784813759183000000,1784813819173000000,6
NonBlockingReadAction.failedExecutionTimeUs,1784813759183000000,1784813819173000000,61508
FlushQueue.executionTimeMaxNs,1784813759183000000,1784813819173000000,0
NonBlockingReadAction.finalizedExecutionsCount,1784813759183000000,1784813819173000000,261
FlushQueue.waitingTimeMaxNs,1784813759183000000,1784813819173000000,0
AWTEventQueue.dispatchTimeMaxNs,1784813759183000000,1784813819173000000,0
AWTEventQueue.dispatchTimeAvgNs,1784813759183000000,1784813819173000000,0.0
NonBlockingReadAction.failedExecutionsCount,1784813759183000000,1784813819173000000,13
AWTEventQueue.eventsDispatched,1784813759183000000,1784813819173000000,0
FlushQueue.queueSize90P,1784813759183000000,1784813819173000000,0
NonBlockingReadAction.finalizedExecutionTimeUs,1784813759183000000,1784813819173000000,342883
FlushQueue.waitingTimeAvgNs,1784813759183000000,1784813819173000000,0.0
ReadAction.executionsCount,1784813759183000000,1784813819173000000,34326
FlushQueue.waitingTime90PNs,1784813759183000000,1784813819173000000,0
parser.yaml.size.bytes,1784813759183000000,1784813819173000000,3884
lexer.ECMAScript.6.time.ns,1784813759183000000,1784813819173000000,152334
DiskQueryRelay.tasksExecuted,1784813759183000000,1784813819173000000,901
lexer.JAVA.time.ns,1784813759183000000,1784813819173000000,2611715
DiskQueryRelay.taskExecutionTotalTimeUs,1784813759183000000,1784813819173000000,164065
DiskQueryRelay.tasksRequested,1784813759183000000,1784813819173000000,901
parser.ECMAScript.6.size.bytes,1784813759183000000,1784813819173000000,2042
lexer.yaml.size.bytes,1784813759183000000,1784813819173000000,3884
LowMemory.gcOverloaded,1784813759183000000,1784813819173000000,0
lexer.TypeScript.time.ns,1784813759183000000,1784813819173000000,1379500
lexer.JAVA.size.bytes,1784813759183000000,1784813819173000000,201206
parser.JAVA.size.bytes,1784813759183000000,1784813819173000000,201206
parser.TypeScript.time.ns,1784813759183000000,1784813819173000000,29802791
writeAction.max.wait.ms,1784813759183000000,1784813819173000000,305
parser.TypeScript.size.bytes,1784813759183000000,1784813819173000000,2854
writeAction.count,1784813759183000000,1784813819173000000,6
LowMemory.gcLoad,1784813759183000000,1784813819173000000,0.004006096732096311
lexer.TypeScript.size.bytes,1784813759183000000,1784813819173000000,2854
parser.ECMAScript.6.time.ns,1784813759183000000,1784813819173000000,6470708
writeAction.median.wait.ms,1784813759183000000,1784813819173000000,300
lexer.ECMAScript.6.size.bytes,1784813759183000000,1784813819173000000,1162
lexer.yaml.time.ns,1784813759183000000,1784813819173000000,235167
parser.JAVA.time.ns,1784813759183000000,1784813819173000000,25861785
DiskQueryRelay.taskWaitingTotalTimeUs,1784813759183000000,1784813819173000000,172275
parser.yaml.time.ns,1784813759183000000,1784813819173000000,2164625
writeAction.wait.ms,1784813759183000000,1784813819173000000,2
compiler.ArtifactVirtualFileListener.filePathChanged.ms,1784813759183000000,1784813819173000000,0
compiler.ArtifactManagerBridge.getArtifactsByType.ms,1784813759183000000,1784813819173000000,0
compiler.ArtifactManagerBridge.addArtifact.ms,1784813759183000000,1784813819173000000,0
compiler.ArtifactManagerBridge.dropMappings.ms,1784813759183000000,1784813819173000000,0
compiler.ArtifactVirtualFileListener.propertyChanged.ms,1784813759183000000,1784813819173000000,0
compiler.ArtifactManagerBridge.commit.ms,1784813759183000000,1784813819173000000,0
compiler.ArtifactManagerBridge.initBridges.ms,1784813759183000000,1784813819173000000,0
compiler.ArtifactManagerBridge.getArtifacts.ms,1784813759183000000,1784813819173000000,0
compiler.ArtifactManagerBridge.findArtifact.ms,1784813759183000000,1784813819173000000,0
VFS.contentStorage.recordsDecompressionTimeUs,1784813759183000000,1784813819173000000,3936
VFS.folderCaseSensitivityReads,1784813759183000000,1784813819173000000,0
VFS.fileByIdCache.misses,1784813759183000000,1784813819173000000,6139
FileNameCache.queries,1784813759183000000,1784813819173000000,461120
VFS.contentStorage.recordsUncompressedSize,1784813759183000000,1784813819173000000,2589
VFS.contentStorage.recordsDeduplicated,1784813759183000000,1784813819173000000,2
VFS.contentStorage.recordsReadDecompressed,1784813759183000000,1784813819173000000,38
VFS.cache.filesCreated,1784813759183000000,1784813819173000000,20503
VFS.cache.segments,1784813759183000000,1784813819173000000,335.0
VFS.fileChildByName,1784813759183000000,1784813819173000000,42294
VFS.contentStorage.recordsStoredSize,1784813759183000000,1784813819173000000,2589
VFS.contentStorage.recordsStored,1784813759183000000,1784813819173000000,2
VFS.invertedFileNameIndex.requests,1784813759183000000,1784813819173000000,14
VFS.fileByIdCache.hits,1784813759183000000,1784813819173000000,0
VFS.contentStorage.recordsReadSize,1784813759183000000,1784813819173000000,1562123
VFS.contentStorage.recordsStoredCompressed,1784813759183000000,1784813819173000000,0
VFS.cache.directoriesCreated,1784813759183000000,1784813819173000000,11
VFS.cache.segmentsCreated,1784813759183000000,1784813819173000000,0
VFS.rootsCount,1784813759183000000,1784813819173000000,336.0
FileNameCache.totalMisses,1784813759183000000,1784813819173000000,192
VFS.contentStorage.recordsRead,1784813759183000000,1784813819173000000,127
Indexes.entries.lookupDuration90PMs,1784813759183000000,1784813819173000000,0.0
Indexes.entries.lookups,1784813759183000000,1784813819173000000,139
Indexes.allKeys.lookupDurationAvgMs,1784813759183000000,1784813819173000000,0.0
Indexing.writer_1.totalTimeSpentWritingMs,1784813759183000000,1784813819173000000,0
Indexes.entries.lookupDurationAvgMs,1784813759183000000,1784813819173000000,0.0
Indexing.cache.totalCacheMisses,1784813759183000000,1784813819173000000,6471
Indexes.stubs.lookupDuration90PMs,1784813759183000000,1784813819173000000,0.0
Indexing.writesQueuedMin,1784813759183000000,1784813819173000000,9223372036854775807
Indexing.writesQueuedMax,1784813759183000000,1784813819173000000,0
Indexes.stubs.lookups,1784813759183000000,1784813819173000000,15038
Indexing.cache.totalCacheEvicted,1784813759183000000,1784813819173000000,8742
Indexes.entries.lookupDurationMaxMs,1784813759183000000,1784813819173000000,0.0
Indexes.allKeys.lookups,1784813759183000000,1784813819173000000,1
Indexing.cache.totalCacheAccesses,1784813759183000000,1784813819173000000,32207
Indexing.writer_3.totalTimeSpentWritingMs,1784813759183000000,1784813819173000000,0
Indexes.stubs.lookupDurationMaxMs,1784813759183000000,1784813819173000000,0.0
Indexing.writer_2.totalTimeSpentWritingMs,1784813759183000000,1784813819173000000,0
Indexing.totalTimeIndexersSleptMs,1784813759183000000,1784813819173000000,0
Indexes.stubs.lookupDurationAvgMs,1784813759183000000,1784813819173000000,0.0
Indexes.allKeys.lookupDurationMaxMs,1784813759183000000,1784813819173000000,0.0
Indexing.writer_0.totalTimeSpentWritingMs,1784813759183000000,1784813819173000000,0
Indexes.allKeys.lookupDuration90PMs,1784813759183000000,1784813819173000000,0.0
cacheStateStorage.get.counter,1784813759183000000,1784813819173000000,18
cacheStateStorage.set.duration,1784813759183000000,1784813819173000000,0
cacheStateStorage.set.counter,1784813759183000000,1784813819173000000,0
cacheStateStorage.get.duration,1784813759183000000,1784813819173000000,31
FileChannelInterruptsRetryer.totalRetriedAttempts,1784813759183000000,1784813819173000000,0
FilePageCache.totalPageLoadsUs,1784813759183000000,1784813819173000000,13139
StreamlinedBlobStorage.totalLiveRecordsPayloadBytes,1784813759183000000,1784813819173000000,1322
MappedFileStorage.totalBytesMapped,1784813759183000000,1784813819173000000,206831616
DirectByteBufferAllocator.totalSizeOfBuffersAllocatedInBytes,1784813759183000000,1784813819173000000,0
DirectByteBufferAllocator.hits,1784813759183000000,1784813819173000000,23
StreamlinedBlobStorage.totalLiveRecordsCapacityBytes,1784813759183000000,1784813819173000000,1856
DirectByteBufferAllocator.disposed,1784813759183000000,1784813819173000000,604
FilePageCache.pageFastCacheHits,1784813759183000000,1784813819173000000,5901
FilePageCache.pageLoads,1784813759183000000,1784813819173000000,0
StorageLockContext.competingThreads.avg,1784813759183000000,1784813819173000000,0.0
FilePageCache.pageLoadsAboveSizeThreshold,1784813759183000000,1784813819173000000,23
FilePageCache.pageHits,1784813759183000000,1784813819173000000,198
StreamlinedBlobStorage.recordsRelocated,1784813759183000000,1784813819173000000,0
StorageLockContext.competingThreads.max,1784813759183000000,1784813819173000000,0
DirectByteBufferAllocator.reclaimed,1784813759183000000,1784813819173000000,64
FilePageCache.maxRegisteredFiles,1784813759183000000,1784813819173000000,1661
StreamlinedBlobStorage.recordsAllocated,1784813759183000000,1784813819173000000,5
FilePageCache.totalPageDisposalsUs,1784813759183000000,1784813819173000000,7
MappedFileStorage.totalPagesMapped,1784813759183000000,1784813819173000000,17
DirectByteBufferAllocator.misses,1784813759183000000,1784813819173000000,0
StorageLockContext.competingThreads.90P,1784813759183000000,1784813819173000000,0
FilePageCache.uncachedFileAccess,1784813759183000000,1784813819173000000,87
FilePageCache.capacityInBytes,1784813759183000000,1784813819173000000,629145600
FilePageCache.disposedBuffers,1784813759183000000,1784813819173000000,625
FilePageCache.maxCacheSizeInBytes,1784813759183000000,1784813819173000000,629153792
StreamlinedBlobStorage.recordsDeleted,1784813759183000000,1784813819173000000,0
MappedFileStorage.storages,1784813759183000000,1784813819173000000,17
MappedFileStorage.totalTimeSpentOnMappingUs,1784813759183000000,1784813819173000000,10471
DirectByteBufferAllocator.totalSizeOfBuffersCachedInBytes,1784813759183000000,1784813819173000000,41967616
workspaceModel.global.apply.state.to.project.ms,1784813759183000000,1784813819173000000,0
workspaceModel.mutableEntityStorage.apply.changes.from.ms,1784813759183000000,1784813819173000000,0
workspaceModel.moduleManagerBridge.create.module.instance.ms,1784813759183000000,1784813819173000000,0
workspaceModel.mutableEntityStorage.add.entity.ms,1784813759183000000,1784813819173000000,0
workspaceModel.mutableEntityStorage.changeLog.addReplaceEventForRemovedChild.ms,1784813759183000000,1784813819173000000,0
workspaceModel.moduleManagerBridge.load.module.ms,1784813759183000000,1784813819173000000,0
jps.module.dependency.index.workspace.model.listener.on.changed.ms,1784813759183000000,1784813819173000000,0
workspaceModel.mutableEntityStorage.entities.ms,1784813759183000000,1784813819173000000,0
jps.save.global.entities.ms,1784813759183000000,1784813819173000000,0
workspaceModel.global.apply.state.to.project.builder.ms,1784813759183000000,1784813819173000000,0
workspaceModel.do.save.caches.ms,1784813759183000000,1784813819173000000,0
workspaceModel.load.cache.from.file.ms,1784813759183000000,1784813819173000000,0
jps.artifact.entities.serializer.load.entities.ms,1784813759183000000,1784813819173000000,0
jps.global.get.libraries.ms,1784813759183000000,1784813819173000000,0
workspaceModel.mutableEntityStorage.referrers.ms,1784813759183000000,1784813819173000000,0
jps.module.iml.entities.serializer.save.entities.ms,1784813759183000000,1784813819173000000,0
jps.global.handle.changed.events.ms,1784813759183000000,1784813819173000000,0
workspaceModel.delayed.project.synchronizer.sync.ms,1784813759183000000,1784813819173000000,0
workspaceModel.mutableEntityStorage.entities.by.source.ms,1784813759183000000,1784813819173000000,0
workspaceModel.global.updates.count,1784813759183000000,1784813819173000000,0
jps.storage.jps.conf.reader.load.component.ms,1784813759183000000,1784813819173000000,0
workspaceModel.global.updates.ms,1784813759183000000,1784813819173000000,0
workspaceModel.moduleManagerBridge.new.nonPersistent.module.ms,1784813759183000000,1784813819173000000,0
workspaceModel.mutableEntityStorage.has.same.entities.ms,1784813759183000000,1784813819173000000,0
jps.global.initialize.library.bridges.ms,1784813759183000000,1784813819173000000,0
workspaceModel.mutableEntityStorage.replace.by.source.ms,1784813759183000000,1784813819173000000,0
jps.load.initial.state.ms,1784813759183000000,1784813819173000000,0
workspaceModel.mutableEntityStorage.put.entity.ms,1784813759183000000,1784813819173000000,0
jps.global.get.library.ms,1784813759183000000,1784813819173000000,0
workspaceModel.moduleManagerBridge.build.module.graph.ms,1784813759183000000,1784813819173000000,0
workspaceModel.moduleManagerBridge.set.unloadedModules.ms,1784813759183000000,1784813819173000000,0
workspaceModel.mutableEntityStorage.to.snapshot.ms,1784813759183000000,1784813819173000000,0
jps.project.serializers.save.ms,1784813759183000000,1784813819173000000,1
jps.module.iml.entities.serializer.load.entities.ms,1784813759183000000,1784813819173000000,0
workspaceModel.moduleBridge.before.changed.ms,1784813759183000000,1784813819173000000,0
workspaceModel.mutableEntityStorage.changeLog.addReplaceEventForRemovedParent.ms,1784813759183000000,1784813819173000000,0
jps.apply.loaded.storage.ms,1784813759183000000,1784813819173000000,0
jps.app.storage.content.reader.load.component.ms,1784813759183000000,1784813819173000000,0
workspaceModel.mutableEntityStorage.remove.entity.ms,1784813759183000000,1784813819173000000,0
workspaceModel.mutableEntityStorage.resolve.ms,1784813759183000000,1784813819173000000,0
workspaceModel.sync.entities.ms,1784813759183000000,1784813819173000000,0
workspaceModel.mutableEntityStorage.mutable.ext.mapping.ms,1784813759183000000,1784813819173000000,0
workspaceModel.moduleManagerBridge.get.modules.ms,1784813759183000000,1784813819173000000,0
workspaceModel.moduleBridgeLoader.loading.modules.ms,1784813759183000000,1784813819173000000,0
jps.library.entities.serializer.save.entities.ms,1784813759183000000,1784813819173000000,0
jps.facet.change.listener.process.change.events.ms,1784813759183000000,1784813819173000000,0
workspaceModel.mutableEntityStorage.changeLog.addReplaceEventForNewChild.ms,1784813759183000000,1784813819173000000,0
workspaceModel.mutableEntityStorage.hasReferrers.ms,1784813759183000000,1784813819173000000,0
workspaceModel.moduleBridge.facet.initialization.ms,1784813759183000000,1784813819173000000,0
jps.global.handle.before.change.events.ms,1784813759183000000,1784813819173000000,0
jps.global.initialize.library.bridges.after.loading.ms,1784813759183000000,1784813819173000000,0
jps.reload.project.entities.ms,1784813759183000000,1784813819173000000,0
workspaceModel.orphan.listener.update.ms,1784813759183000000,1784813819173000000,0
workspaceModel.mutableEntityStorage.mutable.vfurl.index.ms,1784813759183000000,1784813819173000000,0
jps.project.serializers.load.ms,1784813759183000000,1784813819173000000,0
workspaceModel.load.cache.metadata.from.file.ms,1784813759183000000,1784813819173000000,0
jps.facet.change.listener.init.bridge.ms,1784813759183000000,1784813819173000000,0
jps.library.entities.serializer.load.entities.ms,1784813759183000000,1784813819173000000,0
jps.load.project.to.empty.storage.ms,1784813759183000000,1784813819173000000,0
jps.facet.change.listener.before.change.events.ms,1784813759183000000,1784813819173000000,0
workspaceModel.mutableEntityStorage.instances.count,1784813759183000000,1784813819173000000,0
workspaceModel.moduleBridge.update.option.ms,1784813759183000000,1784813819173000000,0
workspaceModel.mutableEntityStorage.modify.entity.ms,1784813759183000000,1784813819173000000,0
workspaceModel.moduleManagerBridge.load.all.modules.ms,1784813759183000000,1784813819173000000,0
jps.global.get.library.by.name.ms,1784813759183000000,1784813819173000000,0
workspaceModel.mutableEntityStorage.changeLog.addReplaceEventForNewParent.ms,1784813759183000000,1784813819173000000,0
workspaceModel.moduleManagerBridge.newModule.ms,1784813759183000000,1784813819173000000,0
jps.artifact.entities.serializer.save.entities.ms,1784813759183000000,1784813819173000000,0
workspaceModel.save.cache.to.file.ms,1784813759183000000,1784813819173000000,0
jps.save.changed.project.entities.ms,1784813759183000000,1784813819173000000,1
workspaceModel.mutableEntityStorage.collect.changes.ms,1784813759183000000,1784813819173000000,0
JVM.totalTimeAtSafepointsMs,1784813819173000000,1784813879177000000,24
MEM.ramPlusSwapMinusFileMappingsBytes,1784813819173000000,1784813879177000000,1727682680
JVM.maxHeapBytes,1784813819173000000,1784813879177000000,2147483648
JVM.usedNativeBytes,1784813819173000000,1784813879177000000,584977816
MEM.ramMinusFileMappingsBytes,1784813819173000000,1784813879177000000,209108992
JVM.GC.collectionTimesMs,1784813819173000000,1784813879177000000,24
JVM.committedHeapBytes,1784813819173000000,1784813879177000000,686817280
JVM.maxThreadCount,1784813819173000000,1784813879177000000,182
JVM.threadCount,1784813819173000000,1784813879177000000,127
MEM.fileMappingsRamBytes,1784813819173000000,1784813879177000000,384139264
JVM.GC.collections,1784813819173000000,1784813879177000000,3
OS.loadAverage,1784813819173000000,1784813879177000000,2.7119140625
JVM.totalCpuTimeMs,1784813819173000000,1784813879177000000,2866
JVM.totalDirectByteBuffersBytes,1784813819173000000,1784813879177000000,4638728
JVM.totalTimeToSafepointsMs,1784813819173000000,1784813879177000000,0
JVM.totalBytesAllocated,1784813819173000000,1784813879177000000,86920008
JVM.usedHeapBytes,1784813819173000000,1784813879177000000,487355784
JVM.totalSafepointCount,1784813819173000000,1784813879177000000,3
MEM.ramBytes,1784813819173000000,1784813879177000000,593264640
JVM.newThreadsCount,1784813819173000000,1784813879177000000,69
workspaceModel.loading.from.cache.ms,1784813819173000000,1784813879177000000,0
workspaceModel.cachedValueWithParameters.from.cache.count,1784813819173000000,1784813879177000000,0
workspaceModel.workspaceFileIndexData.processFileSets.ms,1784813819173000000,1784813879177000000,0
workspaceModel.cachedValueWithParameters.calculated.count,1784813819173000000,1784813879177000000,0
workspaceModel.workspaceFileIndexData.markDirty.ms,1784813819173000000,1784813879177000000,0
workspaceModel.workspaceFileIndexContributor.registerFileSets.ms,1784813819173000000,1784813879177000000,0
workspaceModel.to.snapshot.ms,1784813819173000000,1784813879177000000,0
workspaceModel.updates.count,1784813819173000000,1784813879177000000,0
workspaceModel.cachedValueWithParameters.clear.count,1784813819173000000,1784813879177000000,0
workspaceModel.cachedValue.total.get.count,1784813819173000000,1784813879177000000,0
workspaceModel.workspaceFileIndexData.onEntitiesChanged.ms,1784813819173000000,1784813879177000000,0
workspaceModel.collect.changes.ms,1784813819173000000,1784813879177000000,0
workspaceModel.pre.handlers.ms,1784813819173000000,1784813879177000000,0
workspaceModel.entityStorageSnapshotImpl.instances.count,1784813819173000000,1784813879177000000,0
workspaceModel.cachedValueWithParameters.total.get.count,1784813819173000000,1784813879177000000,0
workspaceModel.init.bridges.ms,1784813819173000000,1784813879177000000,0
workspaceModel.update.unloaded.entities.ms,1784813819173000000,1784813879177000000,0
workspaceModel.loading.total.ms,1784813819173000000,1784813879177000000,0
workspaceModel.workspaceFileIndexData.updateDirtyEntities.ms,1784813819173000000,1784813879177000000,0
workspaceModel.check.recursive.update.ms,1784813819173000000,1784813879177000000,0
workspaceModel.full.replace.project.model.ms,1784813819173000000,1784813879177000000,0
workspaceModel.initializing.ms,1784813819173000000,1784813879177000000,0
workspaceModel.replace.project.model.ms,1784813819173000000,1784813879177000000,0
workspaceModel.workspaceFileIndexData.getDirectoriesByPackageName.ms,1784813819173000000,1784813879177000000,0
workspaceModel.cachedValue.calculated.count,1784813819173000000,1784813879177000000,0
workspaceModel.updates.precise.ms,1784813819173000000,1784813879177000000,0
workspaceModel.cachedValue.clear.count,1784813819173000000,1784813879177000000,0
workspaceModel.workspaceFileIndexData.getFileInfo.ms,1784813819173000000,1784813879177000000,0
workspaceModel.on.changed.ms,1784813819173000000,1784813879177000000,0
workspaceModel.workspaceFileIndexData.instances.count,1784813819173000000,1784813879177000000,0
workspaceModel.cachedValue.from.cache.count,1784813819173000000,1784813879177000000,0
workspaceModel.workspaceFileIndexData.init.ms,1784813819173000000,1784813879177000000,0
workspaceModel.on.before.changed.ms,1784813819173000000,1784813879177000000,0
workspaceModel.workspaceFileIndexData.visitFileSets.ms,1784813819173000000,1784813879177000000,0
workspaceModel.updates.ms,1784813819173000000,1784813879177000000,0
workspaceModel.workspaceFileIndexData.getPackageName.ms,1784813819173000000,1784813879177000000,0
FlushQueue.tasksExecuted,1784813819173000000,1784813879177000000,0
FlushQueue.executionTimeAvgNs,1784813819173000000,1784813879177000000,0.0
FlushQueue.queueSizeAvg,1784813819173000000,1784813879177000000,0.0
FlushQueue.executionTime90PNs,1784813819173000000,1784813879177000000,0
AWTEventQueue.dispatchTimeTotalNS,1784813819173000000,1784813879177000000,11291503
AWTEventQueue.dispatchTime90PNs,1784813819173000000,1784813879177000000,0
FlushQueue.queueSizeMax,1784813819173000000,1784813879177000000,0
WriteAction.executionsCount,1784813819173000000,1784813879177000000,0
NonBlockingReadAction.failedExecutionTimeUs,1784813819173000000,1784813879177000000,0
FlushQueue.executionTimeMaxNs,1784813819173000000,1784813879177000000,0
NonBlockingReadAction.finalizedExecutionsCount,1784813819173000000,1784813879177000000,0
FlushQueue.waitingTimeMaxNs,1784813819173000000,1784813879177000000,0
AWTEventQueue.dispatchTimeMaxNs,1784813819173000000,1784813879177000000,0
AWTEventQueue.dispatchTimeAvgNs,1784813819173000000,1784813879177000000,0.0
NonBlockingReadAction.failedExecutionsCount,1784813819173000000,1784813879177000000,0
AWTEventQueue.eventsDispatched,1784813819173000000,1784813879177000000,0
FlushQueue.queueSize90P,1784813819173000000,1784813879177000000,0
NonBlockingReadAction.finalizedExecutionTimeUs,1784813819173000000,1784813879177000000,0
FlushQueue.waitingTimeAvgNs,1784813819173000000,1784813879177000000,0.0
ReadAction.executionsCount,1784813819173000000,1784813879177000000,4
FlushQueue.waitingTime90PNs,1784813819173000000,1784813879177000000,0
DiskQueryRelay.tasksExecuted,1784813819173000000,1784813879177000000,0
DiskQueryRelay.taskExecutionTotalTimeUs,1784813819173000000,1784813879177000000,0
DiskQueryRelay.tasksRequested,1784813819173000000,1784813879177000000,0
LowMemory.gcOverloaded,1784813819173000000,1784813879177000000,0
writeAction.max.wait.ms,1784813819173000000,1784813879177000000,305
writeAction.count,1784813819173000000,1784813879177000000,0
LowMemory.gcLoad,1784813819173000000,1784813879177000000,0.0020564101730384324
writeAction.median.wait.ms,1784813819173000000,1784813879177000000,300
DiskQueryRelay.taskWaitingTotalTimeUs,1784813819173000000,1784813879177000000,0
writeAction.wait.ms,1784813819173000000,1784813879177000000,0
compiler.ArtifactVirtualFileListener.filePathChanged.ms,1784813819173000000,1784813879177000000,0
compiler.ArtifactManagerBridge.getArtifactsByType.ms,1784813819173000000,1784813879177000000,0
compiler.ArtifactManagerBridge.addArtifact.ms,1784813819173000000,1784813879177000000,0
compiler.ArtifactManagerBridge.dropMappings.ms,1784813819173000000,1784813879177000000,0
compiler.ArtifactVirtualFileListener.propertyChanged.ms,1784813819173000000,1784813879177000000,0
compiler.ArtifactManagerBridge.commit.ms,1784813819173000000,1784813879177000000,0
compiler.ArtifactManagerBridge.initBridges.ms,1784813819173000000,1784813879177000000,0
compiler.ArtifactManagerBridge.getArtifacts.ms,1784813819173000000,1784813879177000000,0
compiler.ArtifactManagerBridge.findArtifact.ms,1784813819173000000,1784813879177000000,0
VFS.contentStorage.recordsDecompressionTimeUs,1784813819173000000,1784813879177000000,0
VFS.folderCaseSensitivityReads,1784813819173000000,1784813879177000000,0
VFS.fileByIdCache.misses,1784813819173000000,1784813879177000000,0
FileNameCache.queries,1784813819173000000,1784813879177000000,0
VFS.contentStorage.recordsUncompressedSize,1784813819173000000,1784813879177000000,0
VFS.contentStorage.recordsDeduplicated,1784813819173000000,1784813879177000000,0
VFS.contentStorage.recordsReadDecompressed,1784813819173000000,1784813879177000000,0
VFS.cache.filesCreated,1784813819173000000,1784813879177000000,0
VFS.cache.segments,1784813819173000000,1784813879177000000,335.0
VFS.fileChildByName,1784813819173000000,1784813879177000000,0
VFS.contentStorage.recordsStoredSize,1784813819173000000,1784813879177000000,0
VFS.contentStorage.recordsStored,1784813819173000000,1784813879177000000,0
VFS.invertedFileNameIndex.requests,1784813819173000000,1784813879177000000,0
VFS.fileByIdCache.hits,1784813819173000000,1784813879177000000,0
VFS.contentStorage.recordsReadSize,1784813819173000000,1784813879177000000,0
VFS.contentStorage.recordsStoredCompressed,1784813819173000000,1784813879177000000,0
VFS.cache.directoriesCreated,1784813819173000000,1784813879177000000,0
VFS.cache.segmentsCreated,1784813819173000000,1784813879177000000,0
VFS.rootsCount,1784813819173000000,1784813879177000000,336.0
FileNameCache.totalMisses,1784813819173000000,1784813879177000000,0
VFS.contentStorage.recordsRead,1784813819173000000,1784813879177000000,0
Indexes.entries.lookupDuration90PMs,1784813819173000000,1784813879177000000,0.0
Indexes.entries.lookups,1784813819173000000,1784813879177000000,0
Indexes.allKeys.lookupDurationAvgMs,1784813819173000000,1784813879177000000,0.0
Indexing.writer_1.totalTimeSpentWritingMs,1784813819173000000,1784813879177000000,0
Indexes.entries.lookupDurationAvgMs,1784813819173000000,1784813879177000000,0.0
Indexing.cache.totalCacheMisses,1784813819173000000,1784813879177000000,0
Indexes.stubs.lookupDuration90PMs,1784813819173000000,1784813879177000000,0.0
Indexing.writesQueuedMin,1784813819173000000,1784813879177000000,9223372036854775807
Indexing.writesQueuedMax,1784813819173000000,1784813879177000000,0
Indexes.stubs.lookups,1784813819173000000,1784813879177000000,0
Indexing.cache.totalCacheEvicted,1784813819173000000,1784813879177000000,0
Indexes.entries.lookupDurationMaxMs,1784813819173000000,1784813879177000000,0.0
Indexes.allKeys.lookups,1784813819173000000,1784813879177000000,0
Indexing.cache.totalCacheAccesses,1784813819173000000,1784813879177000000,0
Indexing.writer_3.totalTimeSpentWritingMs,1784813819173000000,1784813879177000000,0
Indexes.stubs.lookupDurationMaxMs,1784813819173000000,1784813879177000000,0.0
Indexing.writer_2.totalTimeSpentWritingMs,1784813819173000000,1784813879177000000,0
Indexing.totalTimeIndexersSleptMs,1784813819173000000,1784813879177000000,0
Indexes.stubs.lookupDurationAvgMs,1784813819173000000,1784813879177000000,0.0
Indexes.allKeys.lookupDurationMaxMs,1784813819173000000,1784813879177000000,0.0
Indexing.writer_0.totalTimeSpentWritingMs,1784813819173000000,1784813879177000000,0
Indexes.allKeys.lookupDuration90PMs,1784813819173000000,1784813879177000000,0.0
cacheStateStorage.get.counter,1784813819173000000,1784813879177000000,0
cacheStateStorage.set.duration,1784813819173000000,1784813879177000000,0
cacheStateStorage.set.counter,1784813819173000000,1784813879177000000,0
cacheStateStorage.get.duration,1784813819173000000,1784813879177000000,0
FileChannelInterruptsRetryer.totalRetriedAttempts,1784813819173000000,1784813879177000000,0
FilePageCache.totalPageLoadsUs,1784813819173000000,1784813879177000000,0
StreamlinedBlobStorage.totalLiveRecordsPayloadBytes,1784813819173000000,1784813879177000000,0
MappedFileStorage.totalBytesMapped,1784813819173000000,1784813879177000000,206831616
DirectByteBufferAllocator.totalSizeOfBuffersAllocatedInBytes,1784813819173000000,1784813879177000000,0
DirectByteBufferAllocator.hits,1784813819173000000,1784813879177000000,0
StreamlinedBlobStorage.totalLiveRecordsCapacityBytes,1784813819173000000,1784813879177000000,0
DirectByteBufferAllocator.disposed,1784813819173000000,1784813879177000000,0
FilePageCache.pageFastCacheHits,1784813819173000000,1784813879177000000,0
FilePageCache.pageLoads,1784813819173000000,1784813879177000000,0
StorageLockContext.competingThreads.avg,1784813819173000000,1784813879177000000,0.0
FilePageCache.pageLoadsAboveSizeThreshold,1784813819173000000,1784813879177000000,0
FilePageCache.pageHits,1784813819173000000,1784813879177000000,0
StreamlinedBlobStorage.recordsRelocated,1784813819173000000,1784813879177000000,0
StorageLockContext.competingThreads.max,1784813819173000000,1784813879177000000,0
DirectByteBufferAllocator.reclaimed,1784813819173000000,1784813879177000000,0
FilePageCache.maxRegisteredFiles,1784813819173000000,1784813879177000000,1661
StreamlinedBlobStorage.recordsAllocated,1784813819173000000,1784813879177000000,0
FilePageCache.totalPageDisposalsUs,1784813819173000000,1784813879177000000,0
MappedFileStorage.totalPagesMapped,1784813819173000000,1784813879177000000,17
DirectByteBufferAllocator.misses,1784813819173000000,1784813879177000000,0
StorageLockContext.competingThreads.90P,1784813819173000000,1784813879177000000,0
FilePageCache.uncachedFileAccess,1784813819173000000,1784813879177000000,0
FilePageCache.capacityInBytes,1784813819173000000,1784813879177000000,629145600
FilePageCache.disposedBuffers,1784813819173000000,1784813879177000000,0
FilePageCache.maxCacheSizeInBytes,1784813819173000000,1784813879177000000,629153792
StreamlinedBlobStorage.recordsDeleted,1784813819173000000,1784813879177000000,0
MappedFileStorage.storages,1784813819173000000,1784813879177000000,17
MappedFileStorage.totalTimeSpentOnMappingUs,1784813819173000000,1784813879177000000,10471
DirectByteBufferAllocator.totalSizeOfBuffersCachedInBytes,1784813819173000000,1784813879177000000,41967616
workspaceModel.global.apply.state.to.project.ms,1784813819173000000,1784813879177000000,0
workspaceModel.mutableEntityStorage.apply.changes.from.ms,1784813819173000000,1784813879177000000,0
workspaceModel.moduleManagerBridge.create.module.instance.ms,1784813819173000000,1784813879177000000,0
workspaceModel.mutableEntityStorage.add.entity.ms,1784813819173000000,1784813879177000000,0
workspaceModel.mutableEntityStorage.changeLog.addReplaceEventForRemovedChild.ms,1784813819173000000,1784813879177000000,0
workspaceModel.moduleManagerBridge.load.module.ms,1784813819173000000,1784813879177000000,0
jps.module.dependency.index.workspace.model.listener.on.changed.ms,1784813819173000000,1784813879177000000,0
workspaceModel.mutableEntityStorage.entities.ms,1784813819173000000,1784813879177000000,0
jps.save.global.entities.ms,1784813819173000000,1784813879177000000,0
workspaceModel.global.apply.state.to.project.builder.ms,1784813819173000000,1784813879177000000,0
workspaceModel.do.save.caches.ms,1784813819173000000,1784813879177000000,0
workspaceModel.load.cache.from.file.ms,1784813819173000000,1784813879177000000,0
jps.artifact.entities.serializer.load.entities.ms,1784813819173000000,1784813879177000000,0
jps.global.get.libraries.ms,1784813819173000000,1784813879177000000,0
workspaceModel.mutableEntityStorage.referrers.ms,1784813819173000000,1784813879177000000,0
jps.module.iml.entities.serializer.save.entities.ms,1784813819173000000,1784813879177000000,0
jps.global.handle.changed.events.ms,1784813819173000000,1784813879177000000,0
workspaceModel.delayed.project.synchronizer.sync.ms,1784813819173000000,1784813879177000000,0
workspaceModel.mutableEntityStorage.entities.by.source.ms,1784813819173000000,1784813879177000000,0
workspaceModel.global.updates.count,1784813819173000000,1784813879177000000,0
jps.storage.jps.conf.reader.load.component.ms,1784813819173000000,1784813879177000000,0
workspaceModel.global.updates.ms,1784813819173000000,1784813879177000000,0
workspaceModel.moduleManagerBridge.new.nonPersistent.module.ms,1784813819173000000,1784813879177000000,0
workspaceModel.mutableEntityStorage.has.same.entities.ms,1784813819173000000,1784813879177000000,0
jps.global.initialize.library.bridges.ms,1784813819173000000,1784813879177000000,0
workspaceModel.mutableEntityStorage.replace.by.source.ms,1784813819173000000,1784813879177000000,0
jps.load.initial.state.ms,1784813819173000000,1784813879177000000,0
workspaceModel.mutableEntityStorage.put.entity.ms,1784813819173000000,1784813879177000000,0
jps.global.get.library.ms,1784813819173000000,1784813879177000000,0
workspaceModel.moduleManagerBridge.build.module.graph.ms,1784813819173000000,1784813879177000000,0
workspaceModel.moduleManagerBridge.set.unloadedModules.ms,1784813819173000000,1784813879177000000,0
workspaceModel.mutableEntityStorage.to.snapshot.ms,1784813819173000000,1784813879177000000,0
jps.project.serializers.save.ms,1784813819173000000,1784813879177000000,0
jps.module.iml.entities.serializer.load.entities.ms,1784813819173000000,1784813879177000000,0
workspaceModel.moduleBridge.before.changed.ms,1784813819173000000,1784813879177000000,0
workspaceModel.mutableEntityStorage.changeLog.addReplaceEventForRemovedParent.ms,1784813819173000000,1784813879177000000,0
jps.apply.loaded.storage.ms,1784813819173000000,1784813879177000000,0
jps.app.storage.content.reader.load.component.ms,1784813819173000000,1784813879177000000,0
workspaceModel.mutableEntityStorage.remove.entity.ms,1784813819173000000,1784813879177000000,0
workspaceModel.mutableEntityStorage.resolve.ms,1784813819173000000,1784813879177000000,0
workspaceModel.sync.entities.ms,1784813819173000000,1784813879177000000,0
workspaceModel.mutableEntityStorage.mutable.ext.mapping.ms,1784813819173000000,1784813879177000000,0
workspaceModel.moduleManagerBridge.get.modules.ms,1784813819173000000,1784813879177000000,0
workspaceModel.moduleBridgeLoader.loading.modules.ms,1784813819173000000,1784813879177000000,0
jps.library.entities.serializer.save.entities.ms,1784813819173000000,1784813879177000000,0
jps.facet.change.listener.process.change.events.ms,1784813819173000000,1784813879177000000,0
workspaceModel.mutableEntityStorage.changeLog.addReplaceEventForNewChild.ms,1784813819173000000,1784813879177000000,0
workspaceModel.mutableEntityStorage.hasReferrers.ms,1784813819173000000,1784813879177000000,0
workspaceModel.moduleBridge.facet.initialization.ms,1784813819173000000,1784813879177000000,0
jps.global.handle.before.change.events.ms,1784813819173000000,1784813879177000000,0
jps.global.initialize.library.bridges.after.loading.ms,1784813819173000000,1784813879177000000,0
jps.reload.project.entities.ms,1784813819173000000,1784813879177000000,0
workspaceModel.orphan.listener.update.ms,1784813819173000000,1784813879177000000,0
workspaceModel.mutableEntityStorage.mutable.vfurl.index.ms,1784813819173000000,1784813879177000000,0
jps.project.serializers.load.ms,1784813819173000000,1784813879177000000,0
workspaceModel.load.cache.metadata.from.file.ms,1784813819173000000,1784813879177000000,0
jps.facet.change.listener.init.bridge.ms,1784813819173000000,1784813879177000000,0
jps.library.entities.serializer.load.entities.ms,1784813819173000000,1784813879177000000,0
jps.load.project.to.empty.storage.ms,1784813819173000000,1784813879177000000,0
jps.facet.change.listener.before.change.events.ms,1784813819173000000,1784813879177000000,0
workspaceModel.mutableEntityStorage.instances.count,1784813819173000000,1784813879177000000,0
workspaceModel.moduleBridge.update.option.ms,1784813819173000000,1784813879177000000,0
workspaceModel.mutableEntityStorage.modify.entity.ms,1784813819173000000,1784813879177000000,0
workspaceModel.moduleManagerBridge.load.all.modules.ms,1784813819173000000,1784813879177000000,0
jps.global.get.library.by.name.ms,1784813819173000000,1784813879177000000,0
workspaceModel.mutableEntityStorage.changeLog.addReplaceEventForNewParent.ms,1784813819173000000,1784813879177000000,0
workspaceModel.moduleManagerBridge.newModule.ms,1784813819173000000,1784813879177000000,0
jps.artifact.entities.serializer.save.entities.ms,1784813819173000000,1784813879177000000,0
workspaceModel.save.cache.to.file.ms,1784813819173000000,1784813879177000000,0
jps.save.changed.project.entities.ms,1784813819173000000,1784813879177000000,0
workspaceModel.mutableEntityStorage.collect.changes.ms,1784813819173000000,1784813879177000000,0
JVM.totalTimeAtSafepointsMs,1784813879177000000,1784813939190000000,0
MEM.ramPlusSwapMinusFileMappingsBytes,1784813879177000000,1784813939190000000,1718294576
JVM.maxHeapBytes,1784813879177000000,1784813939190000000,2147483648
JVM.usedNativeBytes,1784813879177000000,1784813939190000000,585877976
MEM.ramMinusFileMappingsBytes,1784813879177000000,1784813939190000000,160038912
JVM.GC.collectionTimesMs,1784813879177000000,1784813939190000000,0
JVM.committedHeapBytes,1784813879177000000,1784813939190000000,686817280
JVM.maxThreadCount,1784813879177000000,1784813939190000000,182
JVM.threadCount,1784813879177000000,1784813939190000000,69
MEM.fileMappingsRamBytes,1784813879177000000,1784813939190000000,356499456
JVM.GC.collections,1784813879177000000,1784813939190000000,0
OS.loadAverage,1784813879177000000,1784813939190000000,5.62255859375
JVM.totalCpuTimeMs,1784813879177000000,1784813939190000000,1175
JVM.totalDirectByteBuffersBytes,1784813879177000000,1784813939190000000,4638728
JVM.totalTimeToSafepointsMs,1784813879177000000,1784813939190000000,0
JVM.totalBytesAllocated,1784813879177000000,1784813939190000000,16208432
JVM.usedHeapBytes,1784813879177000000,1784813939190000000,505181576
JVM.totalSafepointCount,1784813879177000000,1784813939190000000,0
MEM.ramBytes,1784813879177000000,1784813939190000000,516603904
JVM.newThreadsCount,1784813879177000000,1784813939190000000,0
workspaceModel.loading.from.cache.ms,1784813879177000000,1784813939190000000,0
workspaceModel.cachedValueWithParameters.from.cache.count,1784813879177000000,1784813939190000000,0
workspaceModel.workspaceFileIndexData.processFileSets.ms,1784813879177000000,1784813939190000000,0
workspaceModel.cachedValueWithParameters.calculated.count,1784813879177000000,1784813939190000000,0
workspaceModel.workspaceFileIndexData.markDirty.ms,1784813879177000000,1784813939190000000,0
workspaceModel.workspaceFileIndexContributor.registerFileSets.ms,1784813879177000000,1784813939190000000,0
workspaceModel.to.snapshot.ms,1784813879177000000,1784813939190000000,0
workspaceModel.updates.count,1784813879177000000,1784813939190000000,0
workspaceModel.cachedValueWithParameters.clear.count,1784813879177000000,1784813939190000000,0
workspaceModel.cachedValue.total.get.count,1784813879177000000,1784813939190000000,0
workspaceModel.workspaceFileIndexData.onEntitiesChanged.ms,1784813879177000000,1784813939190000000,0
workspaceModel.collect.changes.ms,1784813879177000000,1784813939190000000,0
workspaceModel.pre.handlers.ms,1784813879177000000,1784813939190000000,0
workspaceModel.entityStorageSnapshotImpl.instances.count,1784813879177000000,1784813939190000000,0
workspaceModel.cachedValueWithParameters.total.get.count,1784813879177000000,1784813939190000000,0
workspaceModel.init.bridges.ms,1784813879177000000,1784813939190000000,0
workspaceModel.update.unloaded.entities.ms,1784813879177000000,1784813939190000000,0
workspaceModel.loading.total.ms,1784813879177000000,1784813939190000000,0
workspaceModel.workspaceFileIndexData.updateDirtyEntities.ms,1784813879177000000,1784813939190000000,0
workspaceModel.check.recursive.update.ms,1784813879177000000,1784813939190000000,0
workspaceModel.full.replace.project.model.ms,1784813879177000000,1784813939190000000,0
workspaceModel.initializing.ms,1784813879177000000,1784813939190000000,0
workspaceModel.replace.project.model.ms,1784813879177000000,1784813939190000000,0
workspaceModel.workspaceFileIndexData.getDirectoriesByPackageName.ms,1784813879177000000,1784813939190000000,0
workspaceModel.cachedValue.calculated.count,1784813879177000000,1784813939190000000,0
workspaceModel.updates.precise.ms,1784813879177000000,1784813939190000000,0
workspaceModel.cachedValue.clear.count,1784813879177000000,1784813939190000000,0
workspaceModel.workspaceFileIndexData.getFileInfo.ms,1784813879177000000,1784813939190000000,0
workspaceModel.on.changed.ms,1784813879177000000,1784813939190000000,0
workspaceModel.workspaceFileIndexData.instances.count,1784813879177000000,1784813939190000000,0
workspaceModel.cachedValue.from.cache.count,1784813879177000000,1784813939190000000,0
workspaceModel.workspaceFileIndexData.init.ms,1784813879177000000,1784813939190000000,0
workspaceModel.on.before.changed.ms,1784813879177000000,1784813939190000000,0
workspaceModel.workspaceFileIndexData.visitFileSets.ms,1784813879177000000,1784813939190000000,0
workspaceModel.updates.ms,1784813879177000000,1784813939190000000,0
workspaceModel.workspaceFileIndexData.getPackageName.ms,1784813879177000000,1784813939190000000,0
FlushQueue.tasksExecuted,1784813879177000000,1784813939190000000,0
FlushQueue.executionTimeAvgNs,1784813879177000000,1784813939190000000,0.0
FlushQueue.queueSizeAvg,1784813879177000000,1784813939190000000,0.0
FlushQueue.executionTime90PNs,1784813879177000000,1784813939190000000,0
AWTEventQueue.dispatchTimeTotalNS,1784813879177000000,1784813939190000000,8764788
AWTEventQueue.dispatchTime90PNs,1784813879177000000,1784813939190000000,0
FlushQueue.queueSizeMax,1784813879177000000,1784813939190000000,0
WriteAction.executionsCount,1784813879177000000,1784813939190000000,0
NonBlockingReadAction.failedExecutionTimeUs,1784813879177000000,1784813939190000000,0
FlushQueue.executionTimeMaxNs,1784813879177000000,1784813939190000000,0
NonBlockingReadAction.finalizedExecutionsCount,1784813879177000000,1784813939190000000,0
FlushQueue.waitingTimeMaxNs,1784813879177000000,1784813939190000000,0
AWTEventQueue.dispatchTimeMaxNs,1784813879177000000,1784813939190000000,0
AWTEventQueue.dispatchTimeAvgNs,1784813879177000000,1784813939190000000,0.0
NonBlockingReadAction.failedExecutionsCount,1784813879177000000,1784813939190000000,0
AWTEventQueue.eventsDispatched,1784813879177000000,1784813939190000000,0
FlushQueue.queueSize90P,1784813879177000000,1784813939190000000,0
NonBlockingReadAction.finalizedExecutionTimeUs,1784813879177000000,1784813939190000000,0
FlushQueue.waitingTimeAvgNs,1784813879177000000,1784813939190000000,0.0
ReadAction.executionsCount,1784813879177000000,1784813939190000000,4
FlushQueue.waitingTime90PNs,1784813879177000000,1784813939190000000,0
DiskQueryRelay.tasksExecuted,1784813879177000000,1784813939190000000,0
DiskQueryRelay.taskExecutionTotalTimeUs,1784813879177000000,1784813939190000000,0
DiskQueryRelay.tasksRequested,1784813879177000000,1784813939190000000,0
LowMemory.gcOverloaded,1784813879177000000,1784813939190000000,0
writeAction.max.wait.ms,1784813879177000000,1784813939190000000,305
writeAction.count,1784813879177000000,1784813939190000000,0
LowMemory.gcLoad,1784813879177000000,1784813939190000000,0.0010556202352226293
writeAction.median.wait.ms,1784813879177000000,1784813939190000000,300
DiskQueryRelay.taskWaitingTotalTimeUs,1784813879177000000,1784813939190000000,0
writeAction.wait.ms,1784813879177000000,1784813939190000000,0
compiler.ArtifactVirtualFileListener.filePathChanged.ms,1784813879177000000,1784813939190000000,0
compiler.ArtifactManagerBridge.getArtifactsByType.ms,1784813879177000000,1784813939190000000,0
compiler.ArtifactManagerBridge.addArtifact.ms,1784813879177000000,1784813939190000000,0
compiler.ArtifactManagerBridge.dropMappings.ms,1784813879177000000,1784813939190000000,0
compiler.ArtifactVirtualFileListener.propertyChanged.ms,1784813879177000000,1784813939190000000,0
compiler.ArtifactManagerBridge.commit.ms,1784813879177000000,1784813939190000000,0
compiler.ArtifactManagerBridge.initBridges.ms,1784813879177000000,1784813939190000000,0
compiler.ArtifactManagerBridge.getArtifacts.ms,1784813879177000000,1784813939190000000,0
compiler.ArtifactManagerBridge.findArtifact.ms,1784813879177000000,1784813939190000000,0
VFS.contentStorage.recordsDecompressionTimeUs,1784813879177000000,1784813939190000000,0
VFS.folderCaseSensitivityReads,1784813879177000000,1784813939190000000,0
VFS.fileByIdCache.misses,1784813879177000000,1784813939190000000,0
FileNameCache.queries,1784813879177000000,1784813939190000000,0
VFS.contentStorage.recordsUncompressedSize,1784813879177000000,1784813939190000000,0
VFS.contentStorage.recordsDeduplicated,1784813879177000000,1784813939190000000,0
VFS.contentStorage.recordsReadDecompressed,1784813879177000000,1784813939190000000,0
VFS.cache.filesCreated,1784813879177000000,1784813939190000000,0
VFS.cache.segments,1784813879177000000,1784813939190000000,335.0
VFS.fileChildByName,1784813879177000000,1784813939190000000,0
VFS.contentStorage.recordsStoredSize,1784813879177000000,1784813939190000000,0
VFS.contentStorage.recordsStored,1784813879177000000,1784813939190000000,0
VFS.invertedFileNameIndex.requests,1784813879177000000,1784813939190000000,0
VFS.fileByIdCache.hits,1784813879177000000,1784813939190000000,0
VFS.contentStorage.recordsReadSize,1784813879177000000,1784813939190000000,0
VFS.contentStorage.recordsStoredCompressed,1784813879177000000,1784813939190000000,0
VFS.cache.directoriesCreated,1784813879177000000,1784813939190000000,0
VFS.cache.segmentsCreated,1784813879177000000,1784813939190000000,0
VFS.rootsCount,1784813879177000000,1784813939190000000,336.0
FileNameCache.totalMisses,1784813879177000000,1784813939190000000,0
VFS.contentStorage.recordsRead,1784813879177000000,1784813939190000000,0
Indexes.entries.lookupDuration90PMs,1784813879177000000,1784813939190000000,0.0
Indexes.entries.lookups,1784813879177000000,1784813939190000000,0
Indexes.allKeys.lookupDurationAvgMs,1784813879177000000,1784813939190000000,0.0
Indexing.writer_1.totalTimeSpentWritingMs,1784813879177000000,1784813939190000000,0
Indexes.entries.lookupDurationAvgMs,1784813879177000000,1784813939190000000,0.0
Indexing.cache.totalCacheMisses,1784813879177000000,1784813939190000000,0
Indexes.stubs.lookupDuration90PMs,1784813879177000000,1784813939190000000,0.0
Indexing.writesQueuedMin,1784813879177000000,1784813939190000000,9223372036854775807
Indexing.writesQueuedMax,1784813879177000000,1784813939190000000,0
Indexes.stubs.lookups,1784813879177000000,1784813939190000000,0
Indexing.cache.totalCacheEvicted,1784813879177000000,1784813939190000000,0
Indexes.entries.lookupDurationMaxMs,1784813879177000000,1784813939190000000,0.0
Indexes.allKeys.lookups,1784813879177000000,1784813939190000000,0
Indexing.cache.totalCacheAccesses,1784813879177000000,1784813939190000000,0
Indexing.writer_3.totalTimeSpentWritingMs,1784813879177000000,1784813939190000000,0
Indexes.stubs.lookupDurationMaxMs,1784813879177000000,1784813939190000000,0.0
Indexing.writer_2.totalTimeSpentWritingMs,1784813879177000000,1784813939190000000,0
Indexing.totalTimeIndexersSleptMs,1784813879177000000,1784813939190000000,0
Indexes.stubs.lookupDurationAvgMs,1784813879177000000,1784813939190000000,0.0
Indexes.allKeys.lookupDurationMaxMs,1784813879177000000,1784813939190000000,0.0
Indexing.writer_0.totalTimeSpentWritingMs,1784813879177000000,1784813939190000000,0
Indexes.allKeys.lookupDuration90PMs,1784813879177000000,1784813939190000000,0.0
cacheStateStorage.get.counter,1784813879177000000,1784813939190000000,0
cacheStateStorage.set.duration,1784813879177000000,1784813939190000000,0
cacheStateStorage.set.counter,1784813879177000000,1784813939190000000,0
cacheStateStorage.get.duration,1784813879177000000,1784813939190000000,0
FileChannelInterruptsRetryer.totalRetriedAttempts,1784813879177000000,1784813939190000000,0
FilePageCache.totalPageLoadsUs,1784813879177000000,1784813939190000000,0
StreamlinedBlobStorage.totalLiveRecordsPayloadBytes,1784813879177000000,1784813939190000000,0
MappedFileStorage.totalBytesMapped,1784813879177000000,1784813939190000000,206831616
DirectByteBufferAllocator.totalSizeOfBuffersAllocatedInBytes,1784813879177000000,1784813939190000000,0
DirectByteBufferAllocator.hits,1784813879177000000,1784813939190000000,0
StreamlinedBlobStorage.totalLiveRecordsCapacityBytes,1784813879177000000,1784813939190000000,0
DirectByteBufferAllocator.disposed,1784813879177000000,1784813939190000000,0
FilePageCache.pageFastCacheHits,1784813879177000000,1784813939190000000,0
FilePageCache.pageLoads,1784813879177000000,1784813939190000000,0
StorageLockContext.competingThreads.avg,1784813879177000000,1784813939190000000,0.0
FilePageCache.pageLoadsAboveSizeThreshold,1784813879177000000,1784813939190000000,0
FilePageCache.pageHits,1784813879177000000,1784813939190000000,0
StreamlinedBlobStorage.recordsRelocated,1784813879177000000,1784813939190000000,0
StorageLockContext.competingThreads.max,1784813879177000000,1784813939190000000,0
DirectByteBufferAllocator.reclaimed,1784813879177000000,1784813939190000000,0
FilePageCache.maxRegisteredFiles,1784813879177000000,1784813939190000000,1661
StreamlinedBlobStorage.recordsAllocated,1784813879177000000,1784813939190000000,0
FilePageCache.totalPageDisposalsUs,1784813879177000000,1784813939190000000,0
MappedFileStorage.totalPagesMapped,1784813879177000000,1784813939190000000,17
DirectByteBufferAllocator.misses,1784813879177000000,1784813939190000000,0
StorageLockContext.competingThreads.90P,1784813879177000000,1784813939190000000,0
FilePageCache.uncachedFileAccess,1784813879177000000,1784813939190000000,0
FilePageCache.capacityInBytes,1784813879177000000,1784813939190000000,629145600
FilePageCache.disposedBuffers,1784813879177000000,1784813939190000000,0
FilePageCache.maxCacheSizeInBytes,1784813879177000000,1784813939190000000,629153792
StreamlinedBlobStorage.recordsDeleted,1784813879177000000,1784813939190000000,0
MappedFileStorage.storages,1784813879177000000,1784813939190000000,17
MappedFileStorage.totalTimeSpentOnMappingUs,1784813879177000000,1784813939190000000,10471
DirectByteBufferAllocator.totalSizeOfBuffersCachedInBytes,1784813879177000000,1784813939190000000,41967616
workspaceModel.global.apply.state.to.project.ms,1784813879177000000,1784813939190000000,0
workspaceModel.mutableEntityStorage.apply.changes.from.ms,1784813879177000000,1784813939190000000,0
workspaceModel.moduleManagerBridge.create.module.instance.ms,1784813879177000000,1784813939190000000,0
workspaceModel.mutableEntityStorage.add.entity.ms,1784813879177000000,1784813939190000000,0
workspaceModel.mutableEntityStorage.changeLog.addReplaceEventForRemovedChild.ms,1784813879177000000,1784813939190000000,0
workspaceModel.moduleManagerBridge.load.module.ms,1784813879177000000,1784813939190000000,0
jps.module.dependency.index.workspace.model.listener.on.changed.ms,1784813879177000000,1784813939190000000,0
workspaceModel.mutableEntityStorage.entities.ms,1784813879177000000,1784813939190000000,0
jps.save.global.entities.ms,1784813879177000000,1784813939190000000,0
workspaceModel.global.apply.state.to.project.builder.ms,1784813879177000000,1784813939190000000,0
workspaceModel.do.save.caches.ms,1784813879177000000,1784813939190000000,0
workspaceModel.load.cache.from.file.ms,1784813879177000000,1784813939190000000,0
jps.artifact.entities.serializer.load.entities.ms,1784813879177000000,1784813939190000000,0
jps.global.get.libraries.ms,1784813879177000000,1784813939190000000,0
workspaceModel.mutableEntityStorage.referrers.ms,1784813879177000000,1784813939190000000,0
jps.module.iml.entities.serializer.save.entities.ms,1784813879177000000,1784813939190000000,0
jps.global.handle.changed.events.ms,1784813879177000000,1784813939190000000,0
workspaceModel.delayed.project.synchronizer.sync.ms,1784813879177000000,1784813939190000000,0
workspaceModel.mutableEntityStorage.entities.by.source.ms,1784813879177000000,1784813939190000000,0
workspaceModel.global.updates.count,1784813879177000000,1784813939190000000,0
jps.storage.jps.conf.reader.load.component.ms,1784813879177000000,1784813939190000000,0
workspaceModel.global.updates.ms,1784813879177000000,1784813939190000000,0
workspaceModel.moduleManagerBridge.new.nonPersistent.module.ms,1784813879177000000,1784813939190000000,0
workspaceModel.mutableEntityStorage.has.same.entities.ms,1784813879177000000,1784813939190000000,0
jps.global.initialize.library.bridges.ms,1784813879177000000,1784813939190000000,0
workspaceModel.mutableEntityStorage.replace.by.source.ms,1784813879177000000,1784813939190000000,0
jps.load.initial.state.ms,1784813879177000000,1784813939190000000,0
workspaceModel.mutableEntityStorage.put.entity.ms,1784813879177000000,1784813939190000000,0
jps.global.get.library.ms,1784813879177000000,1784813939190000000,0
workspaceModel.moduleManagerBridge.build.module.graph.ms,1784813879177000000,1784813939190000000,0
workspaceModel.moduleManagerBridge.set.unloadedModules.ms,1784813879177000000,1784813939190000000,0
workspaceModel.mutableEntityStorage.to.snapshot.ms,1784813879177000000,1784813939190000000,0
jps.project.serializers.save.ms,1784813879177000000,1784813939190000000,0
jps.module.iml.entities.serializer.load.entities.ms,1784813879177000000,1784813939190000000,0
workspaceModel.moduleBridge.before.changed.ms,1784813879177000000,1784813939190000000,0
workspaceModel.mutableEntityStorage.changeLog.addReplaceEventForRemovedParent.ms,1784813879177000000,1784813939190000000,0
jps.apply.loaded.storage.ms,1784813879177000000,1784813939190000000,0
jps.app.storage.content.reader.load.component.ms,1784813879177000000,1784813939190000000,0
workspaceModel.mutableEntityStorage.remove.entity.ms,1784813879177000000,1784813939190000000,0
workspaceModel.mutableEntityStorage.resolve.ms,1784813879177000000,1784813939190000000,0
workspaceModel.sync.entities.ms,1784813879177000000,1784813939190000000,0
workspaceModel.mutableEntityStorage.mutable.ext.mapping.ms,1784813879177000000,1784813939190000000,0
workspaceModel.moduleManagerBridge.get.modules.ms,1784813879177000000,1784813939190000000,0
workspaceModel.moduleBridgeLoader.loading.modules.ms,1784813879177000000,1784813939190000000,0
jps.library.entities.serializer.save.entities.ms,1784813879177000000,1784813939190000000,0
jps.facet.change.listener.process.change.events.ms,1784813879177000000,1784813939190000000,0
workspaceModel.mutableEntityStorage.changeLog.addReplaceEventForNewChild.ms,1784813879177000000,1784813939190000000,0
workspaceModel.mutableEntityStorage.hasReferrers.ms,1784813879177000000,1784813939190000000,0
workspaceModel.moduleBridge.facet.initialization.ms,1784813879177000000,1784813939190000000,0
jps.global.handle.before.change.events.ms,1784813879177000000,1784813939190000000,0
jps.global.initialize.library.bridges.after.loading.ms,1784813879177000000,1784813939190000000,0
jps.reload.project.entities.ms,1784813879177000000,1784813939190000000,0
workspaceModel.orphan.listener.update.ms,1784813879177000000,1784813939190000000,0
workspaceModel.mutableEntityStorage.mutable.vfurl.index.ms,1784813879177000000,1784813939190000000,0
jps.project.serializers.load.ms,1784813879177000000,1784813939190000000,0
workspaceModel.load.cache.metadata.from.file.ms,1784813879177000000,1784813939190000000,0
jps.facet.change.listener.init.bridge.ms,1784813879177000000,1784813939190000000,0
jps.library.entities.serializer.load.entities.ms,1784813879177000000,1784813939190000000,0
jps.load.project.to.empty.storage.ms,1784813879177000000,1784813939190000000,0
jps.facet.change.listener.before.change.events.ms,1784813879177000000,1784813939190000000,0
workspaceModel.mutableEntityStorage.instances.count,1784813879177000000,1784813939190000000,0
workspaceModel.moduleBridge.update.option.ms,1784813879177000000,1784813939190000000,0
workspaceModel.mutableEntityStorage.modify.entity.ms,1784813879177000000,1784813939190000000,0
workspaceModel.moduleManagerBridge.load.all.modules.ms,1784813879177000000,1784813939190000000,0
jps.global.get.library.by.name.ms,1784813879177000000,1784813939190000000,0
workspaceModel.mutableEntityStorage.changeLog.addReplaceEventForNewParent.ms,1784813879177000000,1784813939190000000,0
workspaceModel.moduleManagerBridge.newModule.ms,1784813879177000000,1784813939190000000,0
jps.artifact.entities.serializer.save.entities.ms,1784813879177000000,1784813939190000000,0
workspaceModel.save.cache.to.file.ms,1784813879177000000,1784813939190000000,0
jps.save.changed.project.entities.ms,1784813879177000000,1784813939190000000,0
workspaceModel.mutableEntityStorage.collect.changes.ms,1784813879177000000,1784813939190000000,0
JVM.totalTimeAtSafepointsMs,1784813939190000000,1784813999176000000,0
MEM.ramPlusSwapMinusFileMappingsBytes,1784813939190000000,1784813999176000000,1723717680
JVM.maxHeapBytes,1784813939190000000,1784813999176000000,2147483648
JVM.usedNativeBytes,1784813939190000000,1784813999176000000,593623968
MEM.ramMinusFileMappingsBytes,1784813939190000000,1784813999176000000,248840192
JVM.GC.collectionTimesMs,1784813939190000000,1784813999176000000,0
JVM.committedHeapBytes,1784813939190000000,1784813999176000000,686817280
JVM.maxThreadCount,1784813939190000000,1784813999176000000,182
JVM.threadCount,1784813939190000000,1784813999176000000,73
MEM.fileMappingsRamBytes,1784813939190000000,1784813999176000000,342523904
JVM.GC.collections,1784813939190000000,1784813999176000000,0
OS.loadAverage,1784813939190000000,1784813999176000000,5.546875
JVM.totalCpuTimeMs,1784813939190000000,1784813999176000000,2377
JVM.totalDirectByteBuffersBytes,1784813939190000000,1784813999176000000,4655112
JVM.totalTimeToSafepointsMs,1784813939190000000,1784813999176000000,0
JVM.totalBytesAllocated,1784813939190000000,1784813999176000000,59541064
JVM.usedHeapBytes,1784813939190000000,1784813999176000000,567047560
JVM.totalSafepointCount,1784813939190000000,1784813999176000000,0
MEM.ramBytes,1784813939190000000,1784813999176000000,591364096
JVM.newThreadsCount,1784813939190000000,1784813999176000000,8
workspaceModel.loading.from.cache.ms,1784813939190000000,1784813999176000000,0
workspaceModel.cachedValueWithParameters.from.cache.count,1784813939190000000,1784813999176000000,0
workspaceModel.workspaceFileIndexData.processFileSets.ms,1784813939190000000,1784813999176000000,0
workspaceModel.cachedValueWithParameters.calculated.count,1784813939190000000,1784813999176000000,0
workspaceModel.workspaceFileIndexData.markDirty.ms,1784813939190000000,1784813999176000000,0
workspaceModel.workspaceFileIndexContributor.registerFileSets.ms,1784813939190000000,1784813999176000000,0
workspaceModel.to.snapshot.ms,1784813939190000000,1784813999176000000,0
workspaceModel.updates.count,1784813939190000000,1784813999176000000,0
workspaceModel.cachedValueWithParameters.clear.count,1784813939190000000,1784813999176000000,0
workspaceModel.cachedValue.total.get.count,1784813939190000000,1784813999176000000,0
workspaceModel.workspaceFileIndexData.onEntitiesChanged.ms,1784813939190000000,1784813999176000000,0
workspaceModel.collect.changes.ms,1784813939190000000,1784813999176000000,0
workspaceModel.pre.handlers.ms,1784813939190000000,1784813999176000000,0
workspaceModel.entityStorageSnapshotImpl.instances.count,1784813939190000000,1784813999176000000,0
workspaceModel.cachedValueWithParameters.total.get.count,1784813939190000000,1784813999176000000,0
workspaceModel.init.bridges.ms,1784813939190000000,1784813999176000000,0
workspaceModel.update.unloaded.entities.ms,1784813939190000000,1784813999176000000,0
workspaceModel.loading.total.ms,1784813939190000000,1784813999176000000,0
workspaceModel.workspaceFileIndexData.updateDirtyEntities.ms,1784813939190000000,1784813999176000000,0
workspaceModel.check.recursive.update.ms,1784813939190000000,1784813999176000000,0
workspaceModel.full.replace.project.model.ms,1784813939190000000,1784813999176000000,0
workspaceModel.initializing.ms,1784813939190000000,1784813999176000000,0
workspaceModel.replace.project.model.ms,1784813939190000000,1784813999176000000,0
workspaceModel.workspaceFileIndexData.getDirectoriesByPackageName.ms,1784813939190000000,1784813999176000000,0
workspaceModel.cachedValue.calculated.count,1784813939190000000,1784813999176000000,0
workspaceModel.updates.precise.ms,1784813939190000000,1784813999176000000,0
workspaceModel.cachedValue.clear.count,1784813939190000000,1784813999176000000,0
workspaceModel.workspaceFileIndexData.getFileInfo.ms,1784813939190000000,1784813999176000000,0
workspaceModel.on.changed.ms,1784813939190000000,1784813999176000000,0
workspaceModel.workspaceFileIndexData.instances.count,1784813939190000000,1784813999176000000,0
workspaceModel.cachedValue.from.cache.count,1784813939190000000,1784813999176000000,0
workspaceModel.workspaceFileIndexData.init.ms,1784813939190000000,1784813999176000000,0
workspaceModel.on.before.changed.ms,1784813939190000000,1784813999176000000,0
workspaceModel.workspaceFileIndexData.visitFileSets.ms,1784813939190000000,1784813999176000000,0
workspaceModel.updates.ms,1784813939190000000,1784813999176000000,0
workspaceModel.workspaceFileIndexData.getPackageName.ms,1784813939190000000,1784813999176000000,0
FlushQueue.tasksExecuted,1784813939190000000,1784813999176000000,0
FlushQueue.executionTimeAvgNs,1784813939190000000,1784813999176000000,0.0
FlushQueue.queueSizeAvg,1784813939190000000,1784813999176000000,0.0
FlushQueue.executionTime90PNs,1784813939190000000,1784813999176000000,0
AWTEventQueue.dispatchTimeTotalNS,1784813939190000000,1784813999176000000,24069374
AWTEventQueue.dispatchTime90PNs,1784813939190000000,1784813999176000000,0
FlushQueue.queueSizeMax,1784813939190000000,1784813999176000000,0
WriteAction.executionsCount,1784813939190000000,1784813999176000000,0
NonBlockingReadAction.failedExecutionTimeUs,1784813939190000000,1784813999176000000,0
FlushQueue.executionTimeMaxNs,1784813939190000000,1784813999176000000,0
NonBlockingReadAction.finalizedExecutionsCount,1784813939190000000,1784813999176000000,0
FlushQueue.waitingTimeMaxNs,1784813939190000000,1784813999176000000,0
AWTEventQueue.dispatchTimeMaxNs,1784813939190000000,1784813999176000000,0
AWTEventQueue.dispatchTimeAvgNs,1784813939190000000,1784813999176000000,0.0
NonBlockingReadAction.failedExecutionsCount,1784813939190000000,1784813999176000000,0
AWTEventQueue.eventsDispatched,1784813939190000000,1784813999176000000,0
FlushQueue.queueSize90P,1784813939190000000,1784813999176000000,0
NonBlockingReadAction.finalizedExecutionTimeUs,1784813939190000000,1784813999176000000,0
FlushQueue.waitingTimeAvgNs,1784813939190000000,1784813999176000000,0.0
ReadAction.executionsCount,1784813939190000000,1784813999176000000,4
FlushQueue.waitingTime90PNs,1784813939190000000,1784813999176000000,0
DiskQueryRelay.tasksExecuted,1784813939190000000,1784813999176000000,0
DiskQueryRelay.taskExecutionTotalTimeUs,1784813939190000000,1784813999176000000,0
DiskQueryRelay.tasksRequested,1784813939190000000,1784813999176000000,0
LowMemory.gcOverloaded,1784813939190000000,1784813999176000000,0
writeAction.max.wait.ms,1784813939190000000,1784813999176000000,305
writeAction.count,1784813939190000000,1784813999176000000,0
LowMemory.gcLoad,1784813939190000000,1784813999176000000,5.418590954092009E-4
writeAction.median.wait.ms,1784813939190000000,1784813999176000000,300
DiskQueryRelay.taskWaitingTotalTimeUs,1784813939190000000,1784813999176000000,0
writeAction.wait.ms,1784813939190000000,1784813999176000000,0
compiler.ArtifactVirtualFileListener.filePathChanged.ms,1784813939190000000,1784813999176000000,0
compiler.ArtifactManagerBridge.getArtifactsByType.ms,1784813939190000000,1784813999176000000,0
compiler.ArtifactManagerBridge.addArtifact.ms,1784813939190000000,1784813999176000000,0
compiler.ArtifactManagerBridge.dropMappings.ms,1784813939190000000,1784813999176000000,0
compiler.ArtifactVirtualFileListener.propertyChanged.ms,1784813939190000000,1784813999176000000,0
compiler.ArtifactManagerBridge.commit.ms,1784813939190000000,1784813999176000000,0
compiler.ArtifactManagerBridge.initBridges.ms,1784813939190000000,1784813999176000000,0
compiler.ArtifactManagerBridge.getArtifacts.ms,1784813939190000000,1784813999176000000,0
compiler.ArtifactManagerBridge.findArtifact.ms,1784813939190000000,1784813999176000000,0
VFS.contentStorage.recordsDecompressionTimeUs,1784813939190000000,1784813999176000000,0
VFS.folderCaseSensitivityReads,1784813939190000000,1784813999176000000,0
VFS.fileByIdCache.misses,1784813939190000000,1784813999176000000,0
FileNameCache.queries,1784813939190000000,1784813999176000000,0
VFS.contentStorage.recordsUncompressedSize,1784813939190000000,1784813999176000000,0
VFS.contentStorage.recordsDeduplicated,1784813939190000000,1784813999176000000,0
VFS.contentStorage.recordsReadDecompressed,1784813939190000000,1784813999176000000,0
VFS.cache.filesCreated,1784813939190000000,1784813999176000000,0
VFS.cache.segments,1784813939190000000,1784813999176000000,335.0
VFS.fileChildByName,1784813939190000000,1784813999176000000,0
VFS.contentStorage.recordsStoredSize,1784813939190000000,1784813999176000000,0
VFS.contentStorage.recordsStored,1784813939190000000,1784813999176000000,0
VFS.invertedFileNameIndex.requests,1784813939190000000,1784813999176000000,0
VFS.fileByIdCache.hits,1784813939190000000,1784813999176000000,0
VFS.contentStorage.recordsReadSize,1784813939190000000,1784813999176000000,0
VFS.contentStorage.recordsStoredCompressed,1784813939190000000,1784813999176000000,0
VFS.cache.directoriesCreated,1784813939190000000,1784813999176000000,0
VFS.cache.segmentsCreated,1784813939190000000,1784813999176000000,0
VFS.rootsCount,1784813939190000000,1784813999176000000,336.0
FileNameCache.totalMisses,1784813939190000000,1784813999176000000,0
VFS.contentStorage.recordsRead,1784813939190000000,1784813999176000000,0
Indexes.entries.lookupDuration90PMs,1784813939190000000,1784813999176000000,0.0
Indexes.entries.lookups,1784813939190000000,1784813999176000000,0
Indexes.allKeys.lookupDurationAvgMs,1784813939190000000,1784813999176000000,0.0
Indexing.writer_1.totalTimeSpentWritingMs,1784813939190000000,1784813999176000000,0
Indexes.entries.lookupDurationAvgMs,1784813939190000000,1784813999176000000,0.0
Indexing.cache.totalCacheMisses,1784813939190000000,1784813999176000000,0
Indexes.stubs.lookupDuration90PMs,1784813939190000000,1784813999176000000,0.0
Indexing.writesQueuedMin,1784813939190000000,1784813999176000000,9223372036854775807
Indexing.writesQueuedMax,1784813939190000000,1784813999176000000,0
Indexes.stubs.lookups,1784813939190000000,1784813999176000000,0
Indexing.cache.totalCacheEvicted,1784813939190000000,1784813999176000000,0
Indexes.entries.lookupDurationMaxMs,1784813939190000000,1784813999176000000,0.0
Indexes.allKeys.lookups,1784813939190000000,1784813999176000000,0
Indexing.cache.totalCacheAccesses,1784813939190000000,1784813999176000000,0
Indexing.writer_3.totalTimeSpentWritingMs,1784813939190000000,1784813999176000000,0
Indexes.stubs.lookupDurationMaxMs,1784813939190000000,1784813999176000000,0.0
Indexing.writer_2.totalTimeSpentWritingMs,1784813939190000000,1784813999176000000,0
Indexing.totalTimeIndexersSleptMs,1784813939190000000,1784813999176000000,0
Indexes.stubs.lookupDurationAvgMs,1784813939190000000,1784813999176000000,0.0
Indexes.allKeys.lookupDurationMaxMs,1784813939190000000,1784813999176000000,0.0
Indexing.writer_0.totalTimeSpentWritingMs,1784813939190000000,1784813999176000000,0
Indexes.allKeys.lookupDuration90PMs,1784813939190000000,1784813999176000000,0.0
cacheStateStorage.get.counter,1784813939190000000,1784813999176000000,0
cacheStateStorage.set.duration,1784813939190000000,1784813999176000000,0
cacheStateStorage.set.counter,1784813939190000000,1784813999176000000,0
cacheStateStorage.get.duration,1784813939190000000,1784813999176000000,0
FileChannelInterruptsRetryer.totalRetriedAttempts,1784813939190000000,1784813999176000000,0
FilePageCache.totalPageLoadsUs,1784813939190000000,1784813999176000000,0
StreamlinedBlobStorage.totalLiveRecordsPayloadBytes,1784813939190000000,1784813999176000000,0
MappedFileStorage.totalBytesMapped,1784813939190000000,1784813999176000000,206831616
DirectByteBufferAllocator.totalSizeOfBuffersAllocatedInBytes,1784813939190000000,1784813999176000000,0
DirectByteBufferAllocator.hits,1784813939190000000,1784813999176000000,0
StreamlinedBlobStorage.totalLiveRecordsCapacityBytes,1784813939190000000,1784813999176000000,0
DirectByteBufferAllocator.disposed,1784813939190000000,1784813999176000000,0
FilePageCache.pageFastCacheHits,1784813939190000000,1784813999176000000,0
FilePageCache.pageLoads,1784813939190000000,1784813999176000000,0
StorageLockContext.competingThreads.avg,1784813939190000000,1784813999176000000,0.0
FilePageCache.pageLoadsAboveSizeThreshold,1784813939190000000,1784813999176000000,0
FilePageCache.pageHits,1784813939190000000,1784813999176000000,0
StreamlinedBlobStorage.recordsRelocated,1784813939190000000,1784813999176000000,0
StorageLockContext.competingThreads.max,1784813939190000000,1784813999176000000,0
DirectByteBufferAllocator.reclaimed,1784813939190000000,1784813999176000000,0
FilePageCache.maxRegisteredFiles,1784813939190000000,1784813999176000000,1661
StreamlinedBlobStorage.recordsAllocated,1784813939190000000,1784813999176000000,0
FilePageCache.totalPageDisposalsUs,1784813939190000000,1784813999176000000,0
MappedFileStorage.totalPagesMapped,1784813939190000000,1784813999176000000,17
DirectByteBufferAllocator.misses,1784813939190000000,1784813999176000000,0
StorageLockContext.competingThreads.90P,1784813939190000000,1784813999176000000,0
FilePageCache.uncachedFileAccess,1784813939190000000,1784813999176000000,0
FilePageCache.capacityInBytes,1784813939190000000,1784813999176000000,629145600
FilePageCache.disposedBuffers,1784813939190000000,1784813999176000000,0
FilePageCache.maxCacheSizeInBytes,1784813939190000000,1784813999176000000,629153792
StreamlinedBlobStorage.recordsDeleted,1784813939190000000,1784813999176000000,0
MappedFileStorage.storages,1784813939190000000,1784813999176000000,17
MappedFileStorage.totalTimeSpentOnMappingUs,1784813939190000000,1784813999176000000,10471
DirectByteBufferAllocator.totalSizeOfBuffersCachedInBytes,1784813939190000000,1784813999176000000,41967616
workspaceModel.global.apply.state.to.project.ms,1784813939190000000,1784813999176000000,0
workspaceModel.mutableEntityStorage.apply.changes.from.ms,1784813939190000000,1784813999176000000,0
workspaceModel.moduleManagerBridge.create.module.instance.ms,1784813939190000000,1784813999176000000,0
workspaceModel.mutableEntityStorage.add.entity.ms,1784813939190000000,1784813999176000000,0
workspaceModel.mutableEntityStorage.changeLog.addReplaceEventForRemovedChild.ms,1784813939190000000,1784813999176000000,0
workspaceModel.moduleManagerBridge.load.module.ms,1784813939190000000,1784813999176000000,0
jps.module.dependency.index.workspace.model.listener.on.changed.ms,1784813939190000000,1784813999176000000,0
workspaceModel.mutableEntityStorage.entities.ms,1784813939190000000,1784813999176000000,0
jps.save.global.entities.ms,1784813939190000000,1784813999176000000,0
workspaceModel.global.apply.state.to.project.builder.ms,1784813939190000000,1784813999176000000,0
workspaceModel.do.save.caches.ms,1784813939190000000,1784813999176000000,0
workspaceModel.load.cache.from.file.ms,1784813939190000000,1784813999176000000,0
jps.artifact.entities.serializer.load.entities.ms,1784813939190000000,1784813999176000000,0
jps.global.get.libraries.ms,1784813939190000000,1784813999176000000,0
workspaceModel.mutableEntityStorage.referrers.ms,1784813939190000000,1784813999176000000,0
jps.module.iml.entities.serializer.save.entities.ms,1784813939190000000,1784813999176000000,0
jps.global.handle.changed.events.ms,1784813939190000000,1784813999176000000,0
workspaceModel.delayed.project.synchronizer.sync.ms,1784813939190000000,1784813999176000000,0
workspaceModel.mutableEntityStorage.entities.by.source.ms,1784813939190000000,1784813999176000000,0
workspaceModel.global.updates.count,1784813939190000000,1784813999176000000,0
jps.storage.jps.conf.reader.load.component.ms,1784813939190000000,1784813999176000000,0
workspaceModel.global.updates.ms,1784813939190000000,1784813999176000000,0
workspaceModel.moduleManagerBridge.new.nonPersistent.module.ms,1784813939190000000,1784813999176000000,0
workspaceModel.mutableEntityStorage.has.same.entities.ms,1784813939190000000,1784813999176000000,0
jps.global.initialize.library.bridges.ms,1784813939190000000,1784813999176000000,0
workspaceModel.mutableEntityStorage.replace.by.source.ms,1784813939190000000,1784813999176000000,0
jps.load.initial.state.ms,1784813939190000000,1784813999176000000,0
workspaceModel.mutableEntityStorage.put.entity.ms,1784813939190000000,1784813999176000000,0
jps.global.get.library.ms,1784813939190000000,1784813999176000000,0
workspaceModel.moduleManagerBridge.build.module.graph.ms,1784813939190000000,1784813999176000000,0
workspaceModel.moduleManagerBridge.set.unloadedModules.ms,1784813939190000000,1784813999176000000,0
workspaceModel.mutableEntityStorage.to.snapshot.ms,1784813939190000000,1784813999176000000,0
jps.project.serializers.save.ms,1784813939190000000,1784813999176000000,0
jps.module.iml.entities.serializer.load.entities.ms,1784813939190000000,1784813999176000000,0
workspaceModel.moduleBridge.before.changed.ms,1784813939190000000,1784813999176000000,0
workspaceModel.mutableEntityStorage.changeLog.addReplaceEventForRemovedParent.ms,1784813939190000000,1784813999176000000,0
jps.apply.loaded.storage.ms,1784813939190000000,1784813999176000000,0
jps.app.storage.content.reader.load.component.ms,1784813939190000000,1784813999176000000,0
workspaceModel.mutableEntityStorage.remove.entity.ms,1784813939190000000,1784813999176000000,0
workspaceModel.mutableEntityStorage.resolve.ms,1784813939190000000,1784813999176000000,0
workspaceModel.sync.entities.ms,1784813939190000000,1784813999176000000,0
workspaceModel.mutableEntityStorage.mutable.ext.mapping.ms,1784813939190000000,1784813999176000000,0
workspaceModel.moduleManagerBridge.get.modules.ms,1784813939190000000,1784813999176000000,0
workspaceModel.moduleBridgeLoader.loading.modules.ms,1784813939190000000,1784813999176000000,0
jps.library.entities.serializer.save.entities.ms,1784813939190000000,1784813999176000000,0
jps.facet.change.listener.process.change.events.ms,1784813939190000000,1784813999176000000,0
workspaceModel.mutableEntityStorage.changeLog.addReplaceEventForNewChild.ms,1784813939190000000,1784813999176000000,0
workspaceModel.mutableEntityStorage.hasReferrers.ms,1784813939190000000,1784813999176000000,0
workspaceModel.moduleBridge.facet.initialization.ms,1784813939190000000,1784813999176000000,0
jps.global.handle.before.change.events.ms,1784813939190000000,1784813999176000000,0
jps.global.initialize.library.bridges.after.loading.ms,1784813939190000000,1784813999176000000,0
jps.reload.project.entities.ms,1784813939190000000,1784813999176000000,0
workspaceModel.orphan.listener.update.ms,1784813939190000000,1784813999176000000,0
workspaceModel.mutableEntityStorage.mutable.vfurl.index.ms,1784813939190000000,1784813999176000000,0
jps.project.serializers.load.ms,1784813939190000000,1784813999176000000,0
workspaceModel.load.cache.metadata.from.file.ms,1784813939190000000,1784813999176000000,0
jps.facet.change.listener.init.bridge.ms,1784813939190000000,1784813999176000000,0
jps.library.entities.serializer.load.entities.ms,1784813939190000000,1784813999176000000,0
jps.load.project.to.empty.storage.ms,1784813939190000000,1784813999176000000,0
jps.facet.change.listener.before.change.events.ms,1784813939190000000,1784813999176000000,0
workspaceModel.mutableEntityStorage.instances.count,1784813939190000000,1784813999176000000,0
workspaceModel.moduleBridge.update.option.ms,1784813939190000000,1784813999176000000,0
workspaceModel.mutableEntityStorage.modify.entity.ms,1784813939190000000,1784813999176000000,0
workspaceModel.moduleManagerBridge.load.all.modules.ms,1784813939190000000,1784813999176000000,0
jps.global.get.library.by.name.ms,1784813939190000000,1784813999176000000,0
workspaceModel.mutableEntityStorage.changeLog.addReplaceEventForNewParent.ms,1784813939190000000,1784813999176000000,0
workspaceModel.moduleManagerBridge.newModule.ms,1784813939190000000,1784813999176000000,0
jps.artifact.entities.serializer.save.entities.ms,1784813939190000000,1784813999176000000,0
workspaceModel.save.cache.to.file.ms,1784813939190000000,1784813999176000000,0
jps.save.changed.project.entities.ms,1784813939190000000,1784813999176000000,0
workspaceModel.mutableEntityStorage.collect.changes.ms,1784813939190000000,1784813999176000000,0
JVM.totalTimeAtSafepointsMs,1784813999176000000,1784814059176000000,0
MEM.ramPlusSwapMinusFileMappingsBytes,1784813999176000000,1784814059176000000,1726765128
JVM.maxHeapBytes,1784813999176000000,1784814059176000000,2147483648
JVM.usedNativeBytes,1784813999176000000,1784814059176000000,595491504
MEM.ramMinusFileMappingsBytes,1784813999176000000,1784814059176000000,238354432
JVM.GC.collectionTimesMs,1784813999176000000,1784814059176000000,0
JVM.committedHeapBytes,1784813999176000000,1784814059176000000,686817280
JVM.maxThreadCount,1784813999176000000,1784814059176000000,182
JVM.threadCount,1784813999176000000,1784814059176000000,82
MEM.fileMappingsRamBytes,1784813999176000000,1784814059176000000,342753280
JVM.GC.collections,1784813999176000000,1784814059176000000,0
OS.loadAverage,1784813999176000000,1784814059176000000,4.03759765625
JVM.totalCpuTimeMs,1784813999176000000,1784814059176000000,1635
JVM.totalDirectByteBuffersBytes,1784813999176000000,1784814059176000000,4737032
JVM.totalTimeToSafepointsMs,1784813999176000000,1784814059176000000,0
JVM.totalBytesAllocated,1784813999176000000,1784814059176000000,66470992
JVM.usedHeapBytes,1784813999176000000,1784814059176000000,641496456
JVM.totalSafepointCount,1784813999176000000,1784814059176000000,0
MEM.ramBytes,1784813999176000000,1784814059176000000,581107712
JVM.newThreadsCount,1784813999176000000,1784814059176000000,12
workspaceModel.loading.from.cache.ms,1784813999176000000,1784814059176000000,0
workspaceModel.cachedValueWithParameters.from.cache.count,1784813999176000000,1784814059176000000,0
workspaceModel.workspaceFileIndexData.processFileSets.ms,1784813999176000000,1784814059176000000,0
workspaceModel.cachedValueWithParameters.calculated.count,1784813999176000000,1784814059176000000,0
workspaceModel.workspaceFileIndexData.markDirty.ms,1784813999176000000,1784814059176000000,0
workspaceModel.workspaceFileIndexContributor.registerFileSets.ms,1784813999176000000,1784814059176000000,0
workspaceModel.to.snapshot.ms,1784813999176000000,1784814059176000000,0
workspaceModel.updates.count,1784813999176000000,1784814059176000000,0
workspaceModel.cachedValueWithParameters.clear.count,1784813999176000000,1784814059176000000,0
workspaceModel.cachedValue.total.get.count,1784813999176000000,1784814059176000000,0
workspaceModel.workspaceFileIndexData.onEntitiesChanged.ms,1784813999176000000,1784814059176000000,0
workspaceModel.collect.changes.ms,1784813999176000000,1784814059176000000,0
workspaceModel.pre.handlers.ms,1784813999176000000,1784814059176000000,0
workspaceModel.entityStorageSnapshotImpl.instances.count,1784813999176000000,1784814059176000000,0
workspaceModel.cachedValueWithParameters.total.get.count,1784813999176000000,1784814059176000000,0
workspaceModel.init.bridges.ms,1784813999176000000,1784814059176000000,0
workspaceModel.update.unloaded.entities.ms,1784813999176000000,1784814059176000000,0
workspaceModel.loading.total.ms,1784813999176000000,1784814059176000000,0
workspaceModel.workspaceFileIndexData.updateDirtyEntities.ms,1784813999176000000,1784814059176000000,0
workspaceModel.check.recursive.update.ms,1784813999176000000,1784814059176000000,0
workspaceModel.full.replace.project.model.ms,1784813999176000000,1784814059176000000,0
workspaceModel.initializing.ms,1784813999176000000,1784814059176000000,0
workspaceModel.replace.project.model.ms,1784813999176000000,1784814059176000000,0
workspaceModel.workspaceFileIndexData.getDirectoriesByPackageName.ms,1784813999176000000,1784814059176000000,0
workspaceModel.cachedValue.calculated.count,1784813999176000000,1784814059176000000,0
workspaceModel.updates.precise.ms,1784813999176000000,1784814059176000000,0
workspaceModel.cachedValue.clear.count,1784813999176000000,1784814059176000000,0
workspaceModel.workspaceFileIndexData.getFileInfo.ms,1784813999176000000,1784814059176000000,0
workspaceModel.on.changed.ms,1784813999176000000,1784814059176000000,0
workspaceModel.workspaceFileIndexData.instances.count,1784813999176000000,1784814059176000000,0
workspaceModel.cachedValue.from.cache.count,1784813999176000000,1784814059176000000,0
workspaceModel.workspaceFileIndexData.init.ms,1784813999176000000,1784814059176000000,0
workspaceModel.on.before.changed.ms,1784813999176000000,1784814059176000000,0
workspaceModel.workspaceFileIndexData.visitFileSets.ms,1784813999176000000,1784814059176000000,0
workspaceModel.updates.ms,1784813999176000000,1784814059176000000,0
workspaceModel.workspaceFileIndexData.getPackageName.ms,1784813999176000000,1784814059176000000,0
FlushQueue.tasksExecuted,1784813999176000000,1784814059176000000,0
FlushQueue.executionTimeAvgNs,1784813999176000000,1784814059176000000,0.0
FlushQueue.queueSizeAvg,1784813999176000000,1784814059176000000,0.0
FlushQueue.executionTime90PNs,1784813999176000000,1784814059176000000,0
AWTEventQueue.dispatchTimeTotalNS,1784813999176000000,1784814059176000000,12417047
AWTEventQueue.dispatchTime90PNs,1784813999176000000,1784814059176000000,0
FlushQueue.queueSizeMax,1784813999176000000,1784814059176000000,0
WriteAction.executionsCount,1784813999176000000,1784814059176000000,0
NonBlockingReadAction.failedExecutionTimeUs,1784813999176000000,1784814059176000000,0
FlushQueue.executionTimeMaxNs,1784813999176000000,1784814059176000000,0
NonBlockingReadAction.finalizedExecutionsCount,1784813999176000000,1784814059176000000,0
FlushQueue.waitingTimeMaxNs,1784813999176000000,1784814059176000000,0
AWTEventQueue.dispatchTimeMaxNs,1784813999176000000,1784814059176000000,0
AWTEventQueue.dispatchTimeAvgNs,1784813999176000000,1784814059176000000,0.0
NonBlockingReadAction.failedExecutionsCount,1784813999176000000,1784814059176000000,0
AWTEventQueue.eventsDispatched,1784813999176000000,1784814059176000000,0
FlushQueue.queueSize90P,1784813999176000000,1784814059176000000,0
NonBlockingReadAction.finalizedExecutionTimeUs,1784813999176000000,1784814059176000000,0
FlushQueue.waitingTimeAvgNs,1784813999176000000,1784814059176000000,0.0
ReadAction.executionsCount,1784813999176000000,1784814059176000000,4
FlushQueue.waitingTime90PNs,1784813999176000000,1784814059176000000,0
DiskQueryRelay.tasksExecuted,1784813999176000000,1784814059176000000,0
DiskQueryRelay.taskExecutionTotalTimeUs,1784813999176000000,1784814059176000000,0
DiskQueryRelay.tasksRequested,1784813999176000000,1784814059176000000,0
LowMemory.gcOverloaded,1784813999176000000,1784814059176000000,0
writeAction.max.wait.ms,1784813999176000000,1784814059176000000,305
writeAction.count,1784813999176000000,1784814059176000000,0
LowMemory.gcLoad,1784813999176000000,1784814059176000000,2.781410108302397E-4
writeAction.median.wait.ms,1784813999176000000,1784814059176000000,300
DiskQueryRelay.taskWaitingTotalTimeUs,1784813999176000000,1784814059176000000,0
writeAction.wait.ms,1784813999176000000,1784814059176000000,0
compiler.ArtifactVirtualFileListener.filePathChanged.ms,1784813999176000000,1784814059176000000,0
compiler.ArtifactManagerBridge.getArtifactsByType.ms,1784813999176000000,1784814059176000000,0
compiler.ArtifactManagerBridge.addArtifact.ms,1784813999176000000,1784814059176000000,0
compiler.ArtifactManagerBridge.dropMappings.ms,1784813999176000000,1784814059176000000,0
compiler.ArtifactVirtualFileListener.propertyChanged.ms,1784813999176000000,1784814059176000000,0
compiler.ArtifactManagerBridge.commit.ms,1784813999176000000,1784814059176000000,0
compiler.ArtifactManagerBridge.initBridges.ms,1784813999176000000,1784814059176000000,0
compiler.ArtifactManagerBridge.getArtifacts.ms,1784813999176000000,1784814059176000000,0
compiler.ArtifactManagerBridge.findArtifact.ms,1784813999176000000,1784814059176000000,0
VFS.contentStorage.recordsDecompressionTimeUs,1784813999176000000,1784814059176000000,0
VFS.folderCaseSensitivityReads,1784813999176000000,1784814059176000000,0
VFS.fileByIdCache.misses,1784813999176000000,1784814059176000000,0
FileNameCache.queries,1784813999176000000,1784814059176000000,0
VFS.contentStorage.recordsUncompressedSize,1784813999176000000,1784814059176000000,0
VFS.contentStorage.recordsDeduplicated,1784813999176000000,1784814059176000000,0
VFS.contentStorage.recordsReadDecompressed,1784813999176000000,1784814059176000000,0
VFS.cache.filesCreated,1784813999176000000,1784814059176000000,0
VFS.cache.segments,1784813999176000000,1784814059176000000,335.0
VFS.fileChildByName,1784813999176000000,1784814059176000000,0
VFS.contentStorage.recordsStoredSize,1784813999176000000,1784814059176000000,0
VFS.contentStorage.recordsStored,1784813999176000000,1784814059176000000,0
VFS.invertedFileNameIndex.requests,1784813999176000000,1784814059176000000,0
VFS.fileByIdCache.hits,1784813999176000000,1784814059176000000,0
VFS.contentStorage.recordsReadSize,1784813999176000000,1784814059176000000,0
VFS.contentStorage.recordsStoredCompressed,1784813999176000000,1784814059176000000,0
VFS.cache.directoriesCreated,1784813999176000000,1784814059176000000,0
VFS.cache.segmentsCreated,1784813999176000000,1784814059176000000,0
VFS.rootsCount,1784813999176000000,1784814059176000000,336.0
FileNameCache.totalMisses,1784813999176000000,1784814059176000000,0
VFS.contentStorage.recordsRead,1784813999176000000,1784814059176000000,0
Indexes.entries.lookupDuration90PMs,1784813999176000000,1784814059176000000,0.0
Indexes.entries.lookups,1784813999176000000,1784814059176000000,0
Indexes.allKeys.lookupDurationAvgMs,1784813999176000000,1784814059176000000,0.0
Indexing.writer_1.totalTimeSpentWritingMs,1784813999176000000,1784814059176000000,0
Indexes.entries.lookupDurationAvgMs,1784813999176000000,1784814059176000000,0.0
Indexing.cache.totalCacheMisses,1784813999176000000,1784814059176000000,0
Indexes.stubs.lookupDuration90PMs,1784813999176000000,1784814059176000000,0.0
Indexing.writesQueuedMin,1784813999176000000,1784814059176000000,9223372036854775807
Indexing.writesQueuedMax,1784813999176000000,1784814059176000000,0
Indexes.stubs.lookups,1784813999176000000,1784814059176000000,0
Indexing.cache.totalCacheEvicted,1784813999176000000,1784814059176000000,0
Indexes.entries.lookupDurationMaxMs,1784813999176000000,1784814059176000000,0.0
Indexes.allKeys.lookups,1784813999176000000,1784814059176000000,0
Indexing.cache.totalCacheAccesses,1784813999176000000,1784814059176000000,0
Indexing.writer_3.totalTimeSpentWritingMs,1784813999176000000,1784814059176000000,0
Indexes.stubs.lookupDurationMaxMs,1784813999176000000,1784814059176000000,0.0
Indexing.writer_2.totalTimeSpentWritingMs,1784813999176000000,1784814059176000000,0
Indexing.totalTimeIndexersSleptMs,1784813999176000000,1784814059176000000,0
Indexes.stubs.lookupDurationAvgMs,1784813999176000000,1784814059176000000,0.0
Indexes.allKeys.lookupDurationMaxMs,1784813999176000000,1784814059176000000,0.0
Indexing.writer_0.totalTimeSpentWritingMs,1784813999176000000,1784814059176000000,0
Indexes.allKeys.lookupDuration90PMs,1784813999176000000,1784814059176000000,0.0
cacheStateStorage.get.counter,1784813999176000000,1784814059176000000,0
cacheStateStorage.set.duration,1784813999176000000,1784814059176000000,0
cacheStateStorage.set.counter,1784813999176000000,1784814059176000000,0
cacheStateStorage.get.duration,1784813999176000000,1784814059176000000,0
FileChannelInterruptsRetryer.totalRetriedAttempts,1784813999176000000,1784814059176000000,0
FilePageCache.totalPageLoadsUs,1784813999176000000,1784814059176000000,0
StreamlinedBlobStorage.totalLiveRecordsPayloadBytes,1784813999176000000,1784814059176000000,0
MappedFileStorage.totalBytesMapped,1784813999176000000,1784814059176000000,206831616
DirectByteBufferAllocator.totalSizeOfBuffersAllocatedInBytes,1784813999176000000,1784814059176000000,0
DirectByteBufferAllocator.hits,1784813999176000000,1784814059176000000,0
StreamlinedBlobStorage.totalLiveRecordsCapacityBytes,1784813999176000000,1784814059176000000,0
DirectByteBufferAllocator.disposed,1784813999176000000,1784814059176000000,0
FilePageCache.pageFastCacheHits,1784813999176000000,1784814059176000000,0
FilePageCache.pageLoads,1784813999176000000,1784814059176000000,0
StorageLockContext.competingThreads.avg,1784813999176000000,1784814059176000000,0.0
FilePageCache.pageLoadsAboveSizeThreshold,1784813999176000000,1784814059176000000,0
FilePageCache.pageHits,1784813999176000000,1784814059176000000,0
StreamlinedBlobStorage.recordsRelocated,1784813999176000000,1784814059176000000,0
StorageLockContext.competingThreads.max,1784813999176000000,1784814059176000000,0
DirectByteBufferAllocator.reclaimed,1784813999176000000,1784814059176000000,0
FilePageCache.maxRegisteredFiles,1784813999176000000,1784814059176000000,1661
StreamlinedBlobStorage.recordsAllocated,1784813999176000000,1784814059176000000,0
FilePageCache.totalPageDisposalsUs,1784813999176000000,1784814059176000000,0
MappedFileStorage.totalPagesMapped,1784813999176000000,1784814059176000000,17
DirectByteBufferAllocator.misses,1784813999176000000,1784814059176000000,0
StorageLockContext.competingThreads.90P,1784813999176000000,1784814059176000000,0
FilePageCache.uncachedFileAccess,1784813999176000000,1784814059176000000,0
FilePageCache.capacityInBytes,1784813999176000000,1784814059176000000,629145600
FilePageCache.disposedBuffers,1784813999176000000,1784814059176000000,0
FilePageCache.maxCacheSizeInBytes,1784813999176000000,1784814059176000000,629153792
StreamlinedBlobStorage.recordsDeleted,1784813999176000000,1784814059176000000,0
MappedFileStorage.storages,1784813999176000000,1784814059176000000,17
MappedFileStorage.totalTimeSpentOnMappingUs,1784813999176000000,1784814059176000000,10471
DirectByteBufferAllocator.totalSizeOfBuffersCachedInBytes,1784813999176000000,1784814059176000000,41967616
workspaceModel.global.apply.state.to.project.ms,1784813999176000000,1784814059176000000,0
workspaceModel.mutableEntityStorage.apply.changes.from.ms,1784813999176000000,1784814059176000000,0
workspaceModel.moduleManagerBridge.create.module.instance.ms,1784813999176000000,1784814059176000000,0
workspaceModel.mutableEntityStorage.add.entity.ms,1784813999176000000,1784814059176000000,0
workspaceModel.mutableEntityStorage.changeLog.addReplaceEventForRemovedChild.ms,1784813999176000000,1784814059176000000,0
workspaceModel.moduleManagerBridge.load.module.ms,1784813999176000000,1784814059176000000,0
jps.module.dependency.index.workspace.model.listener.on.changed.ms,1784813999176000000,1784814059176000000,0
workspaceModel.mutableEntityStorage.entities.ms,1784813999176000000,1784814059176000000,0
jps.save.global.entities.ms,1784813999176000000,1784814059176000000,0
workspaceModel.global.apply.state.to.project.builder.ms,1784813999176000000,1784814059176000000,0
workspaceModel.do.save.caches.ms,1784813999176000000,1784814059176000000,0
workspaceModel.load.cache.from.file.ms,1784813999176000000,1784814059176000000,0
jps.artifact.entities.serializer.load.entities.ms,1784813999176000000,1784814059176000000,0
jps.global.get.libraries.ms,1784813999176000000,1784814059176000000,0
workspaceModel.mutableEntityStorage.referrers.ms,1784813999176000000,1784814059176000000,0
jps.module.iml.entities.serializer.save.entities.ms,1784813999176000000,1784814059176000000,0
jps.global.handle.changed.events.ms,1784813999176000000,1784814059176000000,0
workspaceModel.delayed.project.synchronizer.sync.ms,1784813999176000000,1784814059176000000,0
workspaceModel.mutableEntityStorage.entities.by.source.ms,1784813999176000000,1784814059176000000,0
workspaceModel.global.updates.count,1784813999176000000,1784814059176000000,0
jps.storage.jps.conf.reader.load.component.ms,1784813999176000000,1784814059176000000,0
workspaceModel.global.updates.ms,1784813999176000000,1784814059176000000,0
workspaceModel.moduleManagerBridge.new.nonPersistent.module.ms,1784813999176000000,1784814059176000000,0
workspaceModel.mutableEntityStorage.has.same.entities.ms,1784813999176000000,1784814059176000000,0
jps.global.initialize.library.bridges.ms,1784813999176000000,1784814059176000000,0
workspaceModel.mutableEntityStorage.replace.by.source.ms,1784813999176000000,1784814059176000000,0
jps.load.initial.state.ms,1784813999176000000,1784814059176000000,0
workspaceModel.mutableEntityStorage.put.entity.ms,1784813999176000000,1784814059176000000,0
jps.global.get.library.ms,1784813999176000000,1784814059176000000,0
workspaceModel.moduleManagerBridge.build.module.graph.ms,1784813999176000000,1784814059176000000,0
workspaceModel.moduleManagerBridge.set.unloadedModules.ms,1784813999176000000,1784814059176000000,0
workspaceModel.mutableEntityStorage.to.snapshot.ms,1784813999176000000,1784814059176000000,0
jps.project.serializers.save.ms,1784813999176000000,1784814059176000000,0
jps.module.iml.entities.serializer.load.entities.ms,1784813999176000000,1784814059176000000,0
workspaceModel.moduleBridge.before.changed.ms,1784813999176000000,1784814059176000000,0
workspaceModel.mutableEntityStorage.changeLog.addReplaceEventForRemovedParent.ms,1784813999176000000,1784814059176000000,0
jps.apply.loaded.storage.ms,1784813999176000000,1784814059176000000,0
jps.app.storage.content.reader.load.component.ms,1784813999176000000,1784814059176000000,0
workspaceModel.mutableEntityStorage.remove.entity.ms,1784813999176000000,1784814059176000000,0
workspaceModel.mutableEntityStorage.resolve.ms,1784813999176000000,1784814059176000000,0
workspaceModel.sync.entities.ms,1784813999176000000,1784814059176000000,0
workspaceModel.mutableEntityStorage.mutable.ext.mapping.ms,1784813999176000000,1784814059176000000,0
workspaceModel.moduleManagerBridge.get.modules.ms,1784813999176000000,1784814059176000000,0
workspaceModel.moduleBridgeLoader.loading.modules.ms,1784813999176000000,1784814059176000000,0
jps.library.entities.serializer.save.entities.ms,1784813999176000000,1784814059176000000,0
jps.facet.change.listener.process.change.events.ms,1784813999176000000,1784814059176000000,0
workspaceModel.mutableEntityStorage.changeLog.addReplaceEventForNewChild.ms,1784813999176000000,1784814059176000000,0
workspaceModel.mutableEntityStorage.hasReferrers.ms,1784813999176000000,1784814059176000000,0
workspaceModel.moduleBridge.facet.initialization.ms,1784813999176000000,1784814059176000000,0
jps.global.handle.before.change.events.ms,1784813999176000000,1784814059176000000,0
jps.global.initialize.library.bridges.after.loading.ms,1784813999176000000,1784814059176000000,0
jps.reload.project.entities.ms,1784813999176000000,1784814059176000000,0
workspaceModel.orphan.listener.update.ms,1784813999176000000,1784814059176000000,0
workspaceModel.mutableEntityStorage.mutable.vfurl.index.ms,1784813999176000000,1784814059176000000,0
jps.project.serializers.load.ms,1784813999176000000,1784814059176000000,0
workspaceModel.load.cache.metadata.from.file.ms,1784813999176000000,1784814059176000000,0
jps.facet.change.listener.init.bridge.ms,1784813999176000000,1784814059176000000,0
jps.library.entities.serializer.load.entities.ms,1784813999176000000,1784814059176000000,0
jps.load.project.to.empty.storage.ms,1784813999176000000,1784814059176000000,0
jps.facet.change.listener.before.change.events.ms,1784813999176000000,1784814059176000000,0
workspaceModel.mutableEntityStorage.instances.count,1784813999176000000,1784814059176000000,0
workspaceModel.moduleBridge.update.option.ms,1784813999176000000,1784814059176000000,0
workspaceModel.mutableEntityStorage.modify.entity.ms,1784813999176000000,1784814059176000000,0
workspaceModel.moduleManagerBridge.load.all.modules.ms,1784813999176000000,1784814059176000000,0
jps.global.get.library.by.name.ms,1784813999176000000,1784814059176000000,0
workspaceModel.mutableEntityStorage.changeLog.addReplaceEventForNewParent.ms,1784813999176000000,1784814059176000000,0
workspaceModel.moduleManagerBridge.newModule.ms,1784813999176000000,1784814059176000000,0
jps.artifact.entities.serializer.save.entities.ms,1784813999176000000,1784814059176000000,0
workspaceModel.save.cache.to.file.ms,1784813999176000000,1784814059176000000,0
jps.save.changed.project.entities.ms,1784813999176000000,1784814059176000000,0
workspaceModel.mutableEntityStorage.collect.changes.ms,1784813999176000000,1784814059176000000,0
JVM.totalTimeAtSafepointsMs,1784814059176000000,1784814119175000000,77
MEM.ramPlusSwapMinusFileMappingsBytes,1784814059176000000,1784814119175000000,1725241320
JVM.maxHeapBytes,1784814059176000000,1784814119175000000,2147483648
JVM.usedNativeBytes,1784814059176000000,1784814119175000000,596157408
MEM.ramMinusFileMappingsBytes,1784814059176000000,1784814119175000000,691568640
JVM.GC.collectionTimesMs,1784814059176000000,1784814119175000000,77
JVM.committedHeapBytes,1784814059176000000,1784814119175000000,686817280
JVM.maxThreadCount,1784814059176000000,1784814119175000000,182
JVM.threadCount,1784814059176000000,1784814119175000000,60
MEM.fileMappingsRamBytes,1784814059176000000,1784814119175000000,240664576
JVM.GC.collections,1784814059176000000,1784814119175000000,1
OS.loadAverage,1784814059176000000,1784814119175000000,3.4609375
JVM.totalCpuTimeMs,1784814059176000000,1784814119175000000,1552
JVM.totalDirectByteBuffersBytes,1784814059176000000,1784814119175000000,4507656
JVM.totalTimeToSafepointsMs,1784814059176000000,1784814119175000000,0
JVM.totalBytesAllocated,1784814059176000000,1784814119175000000,15733616
JVM.usedHeapBytes,1784814059176000000,1784814119175000000,409733624
JVM.totalSafepointCount,1784814059176000000,1784814119175000000,1
MEM.ramBytes,1784814059176000000,1784814119175000000,932233216
JVM.newThreadsCount,1784814059176000000,1784814119175000000,1
workspaceModel.loading.from.cache.ms,1784814059176000000,1784814119175000000,0
workspaceModel.cachedValueWithParameters.from.cache.count,1784814059176000000,1784814119175000000,0
workspaceModel.workspaceFileIndexData.processFileSets.ms,1784814059176000000,1784814119175000000,0
workspaceModel.cachedValueWithParameters.calculated.count,1784814059176000000,1784814119175000000,0
workspaceModel.workspaceFileIndexData.markDirty.ms,1784814059176000000,1784814119175000000,0
workspaceModel.workspaceFileIndexContributor.registerFileSets.ms,1784814059176000000,1784814119175000000,0
workspaceModel.to.snapshot.ms,1784814059176000000,1784814119175000000,0
workspaceModel.updates.count,1784814059176000000,1784814119175000000,0
workspaceModel.cachedValueWithParameters.clear.count,1784814059176000000,1784814119175000000,0
workspaceModel.cachedValue.total.get.count,1784814059176000000,1784814119175000000,0
workspaceModel.workspaceFileIndexData.onEntitiesChanged.ms,1784814059176000000,1784814119175000000,0
workspaceModel.collect.changes.ms,1784814059176000000,1784814119175000000,0
workspaceModel.pre.handlers.ms,1784814059176000000,1784814119175000000,0
workspaceModel.entityStorageSnapshotImpl.instances.count,1784814059176000000,1784814119175000000,0
workspaceModel.cachedValueWithParameters.total.get.count,1784814059176000000,1784814119175000000,0
workspaceModel.init.bridges.ms,1784814059176000000,1784814119175000000,0
workspaceModel.update.unloaded.entities.ms,1784814059176000000,1784814119175000000,0
workspaceModel.loading.total.ms,1784814059176000000,1784814119175000000,0
workspaceModel.workspaceFileIndexData.updateDirtyEntities.ms,1784814059176000000,1784814119175000000,0
workspaceModel.check.recursive.update.ms,1784814059176000000,1784814119175000000,0
workspaceModel.full.replace.project.model.ms,1784814059176000000,1784814119175000000,0
workspaceModel.initializing.ms,1784814059176000000,1784814119175000000,0
workspaceModel.replace.project.model.ms,1784814059176000000,1784814119175000000,0
workspaceModel.workspaceFileIndexData.getDirectoriesByPackageName.ms,1784814059176000000,1784814119175000000,0
workspaceModel.cachedValue.calculated.count,1784814059176000000,1784814119175000000,0
workspaceModel.updates.precise.ms,1784814059176000000,1784814119175000000,0
workspaceModel.cachedValue.clear.count,1784814059176000000,1784814119175000000,0
workspaceModel.workspaceFileIndexData.getFileInfo.ms,1784814059176000000,1784814119175000000,0
workspaceModel.on.changed.ms,1784814059176000000,1784814119175000000,0
workspaceModel.workspaceFileIndexData.instances.count,1784814059176000000,1784814119175000000,0
workspaceModel.cachedValue.from.cache.count,1784814059176000000,1784814119175000000,0
workspaceModel.workspaceFileIndexData.init.ms,1784814059176000000,1784814119175000000,0
workspaceModel.on.before.changed.ms,1784814059176000000,1784814119175000000,0
workspaceModel.workspaceFileIndexData.visitFileSets.ms,1784814059176000000,1784814119175000000,0
workspaceModel.updates.ms,1784814059176000000,1784814119175000000,0
workspaceModel.workspaceFileIndexData.getPackageName.ms,1784814059176000000,1784814119175000000,0
FlushQueue.tasksExecuted,1784814059176000000,1784814119175000000,0
FlushQueue.executionTimeAvgNs,1784814059176000000,1784814119175000000,0.0
FlushQueue.queueSizeAvg,1784814059176000000,1784814119175000000,0.0
FlushQueue.executionTime90PNs,1784814059176000000,1784814119175000000,0
AWTEventQueue.dispatchTimeTotalNS,1784814059176000000,1784814119175000000,12047205
AWTEventQueue.dispatchTime90PNs,1784814059176000000,1784814119175000000,0
FlushQueue.queueSizeMax,1784814059176000000,1784814119175000000,0
WriteAction.executionsCount,1784814059176000000,1784814119175000000,0
NonBlockingReadAction.failedExecutionTimeUs,1784814059176000000,1784814119175000000,0
FlushQueue.executionTimeMaxNs,1784814059176000000,1784814119175000000,0
NonBlockingReadAction.finalizedExecutionsCount,1784814059176000000,1784814119175000000,0
FlushQueue.waitingTimeMaxNs,1784814059176000000,1784814119175000000,0
AWTEventQueue.dispatchTimeMaxNs,1784814059176000000,1784814119175000000,0
AWTEventQueue.dispatchTimeAvgNs,1784814059176000000,1784814119175000000,0.0
NonBlockingReadAction.failedExecutionsCount,1784814059176000000,1784814119175000000,0
AWTEventQueue.eventsDispatched,1784814059176000000,1784814119175000000,0
FlushQueue.queueSize90P,1784814059176000000,1784814119175000000,0
NonBlockingReadAction.finalizedExecutionTimeUs,1784814059176000000,1784814119175000000,0
FlushQueue.waitingTimeAvgNs,1784814059176000000,1784814119175000000,0.0
ReadAction.executionsCount,1784814059176000000,1784814119175000000,4
FlushQueue.waitingTime90PNs,1784814059176000000,1784814119175000000,0
DiskQueryRelay.tasksExecuted,1784814059176000000,1784814119175000000,0
DiskQueryRelay.taskExecutionTotalTimeUs,1784814059176000000,1784814119175000000,0
DiskQueryRelay.tasksRequested,1784814059176000000,1784814119175000000,0
LowMemory.gcOverloaded,1784814059176000000,1784814119175000000,0
writeAction.max.wait.ms,1784814059176000000,1784814119175000000,305
writeAction.count,1784814059176000000,1784814119175000000,0
LowMemory.gcLoad,1784814059176000000,1784814119175000000,1.427658671924503E-4
writeAction.median.wait.ms,1784814059176000000,1784814119175000000,300
DiskQueryRelay.taskWaitingTotalTimeUs,1784814059176000000,1784814119175000000,0
writeAction.wait.ms,1784814059176000000,1784814119175000000,0
compiler.ArtifactVirtualFileListener.filePathChanged.ms,1784814059176000000,1784814119175000000,0
compiler.ArtifactManagerBridge.getArtifactsByType.ms,1784814059176000000,1784814119175000000,0
compiler.ArtifactManagerBridge.addArtifact.ms,1784814059176000000,1784814119175000000,0
compiler.ArtifactManagerBridge.dropMappings.ms,1784814059176000000,1784814119175000000,0
compiler.ArtifactVirtualFileListener.propertyChanged.ms,1784814059176000000,1784814119175000000,0
compiler.ArtifactManagerBridge.commit.ms,1784814059176000000,1784814119175000000,0
compiler.ArtifactManagerBridge.initBridges.ms,1784814059176000000,1784814119175000000,0
compiler.ArtifactManagerBridge.getArtifacts.ms,1784814059176000000,1784814119175000000,0
compiler.ArtifactManagerBridge.findArtifact.ms,1784814059176000000,1784814119175000000,0
VFS.contentStorage.recordsDecompressionTimeUs,1784814059176000000,1784814119175000000,0
VFS.folderCaseSensitivityReads,1784814059176000000,1784814119175000000,0
VFS.fileByIdCache.misses,1784814059176000000,1784814119175000000,0
FileNameCache.queries,1784814059176000000,1784814119175000000,0
VFS.contentStorage.recordsUncompressedSize,1784814059176000000,1784814119175000000,0
VFS.contentStorage.recordsDeduplicated,1784814059176000000,1784814119175000000,0
VFS.contentStorage.recordsReadDecompressed,1784814059176000000,1784814119175000000,0
VFS.cache.filesCreated,1784814059176000000,1784814119175000000,0
VFS.cache.segments,1784814059176000000,1784814119175000000,335.0
VFS.fileChildByName,1784814059176000000,1784814119175000000,0
VFS.contentStorage.recordsStoredSize,1784814059176000000,1784814119175000000,0
VFS.contentStorage.recordsStored,1784814059176000000,1784814119175000000,0
VFS.invertedFileNameIndex.requests,1784814059176000000,1784814119175000000,0
VFS.fileByIdCache.hits,1784814059176000000,1784814119175000000,0
VFS.contentStorage.recordsReadSize,1784814059176000000,1784814119175000000,0
VFS.contentStorage.recordsStoredCompressed,1784814059176000000,1784814119175000000,0
VFS.cache.directoriesCreated,1784814059176000000,1784814119175000000,0
VFS.cache.segmentsCreated,1784814059176000000,1784814119175000000,0
VFS.rootsCount,1784814059176000000,1784814119175000000,336.0
FileNameCache.totalMisses,1784814059176000000,1784814119175000000,0
VFS.contentStorage.recordsRead,1784814059176000000,1784814119175000000,0
Indexes.entries.lookupDuration90PMs,1784814059176000000,1784814119175000000,0.0
Indexes.entries.lookups,1784814059176000000,1784814119175000000,0
Indexes.allKeys.lookupDurationAvgMs,1784814059176000000,1784814119175000000,0.0
Indexing.writer_1.totalTimeSpentWritingMs,1784814059176000000,1784814119175000000,0
Indexes.entries.lookupDurationAvgMs,1784814059176000000,1784814119175000000,0.0
Indexing.cache.totalCacheMisses,1784814059176000000,1784814119175000000,0
Indexes.stubs.lookupDuration90PMs,1784814059176000000,1784814119175000000,0.0
Indexing.writesQueuedMin,1784814059176000000,1784814119175000000,9223372036854775807
Indexing.writesQueuedMax,1784814059176000000,1784814119175000000,0
Indexes.stubs.lookups,1784814059176000000,1784814119175000000,0
Indexing.cache.totalCacheEvicted,1784814059176000000,1784814119175000000,0
Indexes.entries.lookupDurationMaxMs,1784814059176000000,1784814119175000000,0.0
Indexes.allKeys.lookups,1784814059176000000,1784814119175000000,0
Indexing.cache.totalCacheAccesses,1784814059176000000,1784814119175000000,0
Indexing.writer_3.totalTimeSpentWritingMs,1784814059176000000,1784814119175000000,0
Indexes.stubs.lookupDurationMaxMs,1784814059176000000,1784814119175000000,0.0
Indexing.writer_2.totalTimeSpentWritingMs,1784814059176000000,1784814119175000000,0
Indexing.totalTimeIndexersSleptMs,1784814059176000000,1784814119175000000,0
Indexes.stubs.lookupDurationAvgMs,1784814059176000000,1784814119175000000,0.0
Indexes.allKeys.lookupDurationMaxMs,1784814059176000000,1784814119175000000,0.0
Indexing.writer_0.totalTimeSpentWritingMs,1784814059176000000,1784814119175000000,0
Indexes.allKeys.lookupDuration90PMs,1784814059176000000,1784814119175000000,0.0
cacheStateStorage.get.counter,1784814059176000000,1784814119175000000,0
cacheStateStorage.set.duration,1784814059176000000,1784814119175000000,0
cacheStateStorage.set.counter,1784814059176000000,1784814119175000000,0
cacheStateStorage.get.duration,1784814059176000000,1784814119175000000,0
FileChannelInterruptsRetryer.totalRetriedAttempts,1784814059176000000,1784814119175000000,0
FilePageCache.totalPageLoadsUs,1784814059176000000,1784814119175000000,0
StreamlinedBlobStorage.totalLiveRecordsPayloadBytes,1784814059176000000,1784814119175000000,0
MappedFileStorage.totalBytesMapped,1784814059176000000,1784814119175000000,206831616
DirectByteBufferAllocator.totalSizeOfBuffersAllocatedInBytes,1784814059176000000,1784814119175000000,0
DirectByteBufferAllocator.hits,1784814059176000000,1784814119175000000,0
StreamlinedBlobStorage.totalLiveRecordsCapacityBytes,1784814059176000000,1784814119175000000,0
DirectByteBufferAllocator.disposed,1784814059176000000,1784814119175000000,0
FilePageCache.pageFastCacheHits,1784814059176000000,1784814119175000000,0
FilePageCache.pageLoads,1784814059176000000,1784814119175000000,0
StorageLockContext.competingThreads.avg,1784814059176000000,1784814119175000000,0.0
FilePageCache.pageLoadsAboveSizeThreshold,1784814059176000000,1784814119175000000,0
FilePageCache.pageHits,1784814059176000000,1784814119175000000,0
StreamlinedBlobStorage.recordsRelocated,1784814059176000000,1784814119175000000,0
StorageLockContext.competingThreads.max,1784814059176000000,1784814119175000000,0
DirectByteBufferAllocator.reclaimed,1784814059176000000,1784814119175000000,0
FilePageCache.maxRegisteredFiles,1784814059176000000,1784814119175000000,1661
StreamlinedBlobStorage.recordsAllocated,1784814059176000000,1784814119175000000,0
FilePageCache.totalPageDisposalsUs,1784814059176000000,1784814119175000000,0
MappedFileStorage.totalPagesMapped,1784814059176000000,1784814119175000000,17
DirectByteBufferAllocator.misses,1784814059176000000,1784814119175000000,0
StorageLockContext.competingThreads.90P,1784814059176000000,1784814119175000000,0
FilePageCache.uncachedFileAccess,1784814059176000000,1784814119175000000,0
FilePageCache.capacityInBytes,1784814059176000000,1784814119175000000,629145600
FilePageCache.disposedBuffers,1784814059176000000,1784814119175000000,0
FilePageCache.maxCacheSizeInBytes,1784814059176000000,1784814119175000000,629153792
StreamlinedBlobStorage.recordsDeleted,1784814059176000000,1784814119175000000,0
MappedFileStorage.storages,1784814059176000000,1784814119175000000,17
MappedFileStorage.totalTimeSpentOnMappingUs,1784814059176000000,1784814119175000000,10471
DirectByteBufferAllocator.totalSizeOfBuffersCachedInBytes,1784814059176000000,1784814119175000000,41967616
workspaceModel.global.apply.state.to.project.ms,1784814059176000000,1784814119175000000,0
workspaceModel.mutableEntityStorage.apply.changes.from.ms,1784814059176000000,1784814119175000000,0
workspaceModel.moduleManagerBridge.create.module.instance.ms,1784814059176000000,1784814119175000000,0
workspaceModel.mutableEntityStorage.add.entity.ms,1784814059176000000,1784814119175000000,0
workspaceModel.mutableEntityStorage.changeLog.addReplaceEventForRemovedChild.ms,1784814059176000000,1784814119175000000,0
workspaceModel.moduleManagerBridge.load.module.ms,1784814059176000000,1784814119175000000,0
jps.module.dependency.index.workspace.model.listener.on.changed.ms,1784814059176000000,1784814119175000000,0
workspaceModel.mutableEntityStorage.entities.ms,1784814059176000000,1784814119175000000,0
jps.save.global.entities.ms,1784814059176000000,1784814119175000000,0
workspaceModel.global.apply.state.to.project.builder.ms,1784814059176000000,1784814119175000000,0
workspaceModel.do.save.caches.ms,1784814059176000000,1784814119175000000,0
workspaceModel.load.cache.from.file.ms,1784814059176000000,1784814119175000000,0
jps.artifact.entities.serializer.load.entities.ms,1784814059176000000,1784814119175000000,0
jps.global.get.libraries.ms,1784814059176000000,1784814119175000000,0
workspaceModel.mutableEntityStorage.referrers.ms,1784814059176000000,1784814119175000000,0
jps.module.iml.entities.serializer.save.entities.ms,1784814059176000000,1784814119175000000,0
jps.global.handle.changed.events.ms,1784814059176000000,1784814119175000000,0
workspaceModel.delayed.project.synchronizer.sync.ms,1784814059176000000,1784814119175000000,0
workspaceModel.mutableEntityStorage.entities.by.source.ms,1784814059176000000,1784814119175000000,0
workspaceModel.global.updates.count,1784814059176000000,1784814119175000000,0
jps.storage.jps.conf.reader.load.component.ms,1784814059176000000,1784814119175000000,0
workspaceModel.global.updates.ms,1784814059176000000,1784814119175000000,0
workspaceModel.moduleManagerBridge.new.nonPersistent.module.ms,1784814059176000000,1784814119175000000,0
workspaceModel.mutableEntityStorage.has.same.entities.ms,1784814059176000000,1784814119175000000,0
jps.global.initialize.library.bridges.ms,1784814059176000000,1784814119175000000,0
workspaceModel.mutableEntityStorage.replace.by.source.ms,1784814059176000000,1784814119175000000,0
jps.load.initial.state.ms,1784814059176000000,1784814119175000000,0
workspaceModel.mutableEntityStorage.put.entity.ms,1784814059176000000,1784814119175000000,0
jps.global.get.library.ms,1784814059176000000,1784814119175000000,0
workspaceModel.moduleManagerBridge.build.module.graph.ms,1784814059176000000,1784814119175000000,0
workspaceModel.moduleManagerBridge.set.unloadedModules.ms,1784814059176000000,1784814119175000000,0
workspaceModel.mutableEntityStorage.to.snapshot.ms,1784814059176000000,1784814119175000000,0
jps.project.serializers.save.ms,1784814059176000000,1784814119175000000,0
jps.module.iml.entities.serializer.load.entities.ms,1784814059176000000,1784814119175000000,0
workspaceModel.moduleBridge.before.changed.ms,1784814059176000000,1784814119175000000,0
workspaceModel.mutableEntityStorage.changeLog.addReplaceEventForRemovedParent.ms,1784814059176000000,1784814119175000000,0
jps.apply.loaded.storage.ms,1784814059176000000,1784814119175000000,0
jps.app.storage.content.reader.load.component.ms,1784814059176000000,1784814119175000000,0
workspaceModel.mutableEntityStorage.remove.entity.ms,1784814059176000000,1784814119175000000,0
workspaceModel.mutableEntityStorage.resolve.ms,1784814059176000000,1784814119175000000,0
workspaceModel.sync.entities.ms,1784814059176000000,1784814119175000000,0
workspaceModel.mutableEntityStorage.mutable.ext.mapping.ms,1784814059176000000,1784814119175000000,0
workspaceModel.moduleManagerBridge.get.modules.ms,1784814059176000000,1784814119175000000,0
workspaceModel.moduleBridgeLoader.loading.modules.ms,1784814059176000000,1784814119175000000,0
jps.library.entities.serializer.save.entities.ms,1784814059176000000,1784814119175000000,0
jps.facet.change.listener.process.change.events.ms,1784814059176000000,1784814119175000000,0
workspaceModel.mutableEntityStorage.changeLog.addReplaceEventForNewChild.ms,1784814059176000000,1784814119175000000,0
workspaceModel.mutableEntityStorage.hasReferrers.ms,1784814059176000000,1784814119175000000,0
workspaceModel.moduleBridge.facet.initialization.ms,1784814059176000000,1784814119175000000,0
jps.global.handle.before.change.events.ms,1784814059176000000,1784814119175000000,0
jps.global.initialize.library.bridges.after.loading.ms,1784814059176000000,1784814119175000000,0
jps.reload.project.entities.ms,1784814059176000000,1784814119175000000,0
workspaceModel.orphan.listener.update.ms,1784814059176000000,1784814119175000000,0
workspaceModel.mutableEntityStorage.mutable.vfurl.index.ms,1784814059176000000,1784814119175000000,0
jps.project.serializers.load.ms,1784814059176000000,1784814119175000000,0
workspaceModel.load.cache.metadata.from.file.ms,1784814059176000000,1784814119175000000,0
jps.facet.change.listener.init.bridge.ms,1784814059176000000,1784814119175000000,0
jps.library.entities.serializer.load.entities.ms,1784814059176000000,1784814119175000000,0
jps.load.project.to.empty.storage.ms,1784814059176000000,1784814119175000000,0
jps.facet.change.listener.before.change.events.ms,1784814059176000000,1784814119175000000,0
workspaceModel.mutableEntityStorage.instances.count,1784814059176000000,1784814119175000000,0
workspaceModel.moduleBridge.update.option.ms,1784814059176000000,1784814119175000000,0
workspaceModel.mutableEntityStorage.modify.entity.ms,1784814059176000000,1784814119175000000,0
workspaceModel.moduleManagerBridge.load.all.modules.ms,1784814059176000000,1784814119175000000,0
jps.global.get.library.by.name.ms,1784814059176000000,1784814119175000000,0
workspaceModel.mutableEntityStorage.changeLog.addReplaceEventForNewParent.ms,1784814059176000000,1784814119175000000,0
workspaceModel.moduleManagerBridge.newModule.ms,1784814059176000000,1784814119175000000,0
jps.artifact.entities.serializer.save.entities.ms,1784814059176000000,1784814119175000000,0
workspaceModel.save.cache.to.file.ms,1784814059176000000,1784814119175000000,0
jps.save.changed.project.entities.ms,1784814059176000000,1784814119175000000,0
workspaceModel.mutableEntityStorage.collect.changes.ms,1784814059176000000,1784814119175000000,0
JVM.totalTimeAtSafepointsMs,1784814119175000000,1784814179184000000,0
MEM.ramPlusSwapMinusFileMappingsBytes,1784814119175000000,1784814179184000000,1730451432
JVM.maxHeapBytes,1784814119175000000,1784814179184000000,2147483648
JVM.usedNativeBytes,1784814119175000000,1784814179184000000,596569328
MEM.ramMinusFileMappingsBytes,1784814119175000000,1784814179184000000,210436096
JVM.GC.collectionTimesMs,1784814119175000000,1784814179184000000,0
JVM.committedHeapBytes,1784814119175000000,1784814179184000000,686817280
JVM.maxThreadCount,1784814119175000000,1784814179184000000,182
JVM.threadCount,1784814119175000000,1784814179184000000,60
MEM.fileMappingsRamBytes,1784814119175000000,1784814179184000000,241074176
JVM.GC.collections,1784814119175000000,1784814179184000000,0
OS.loadAverage,1784814119175000000,1784814179184000000,6.78173828125
JVM.totalCpuTimeMs,1784814119175000000,1784814179184000000,1107
JVM.totalDirectByteBuffersBytes,1784814119175000000,1784814179184000000,4507656
JVM.totalTimeToSafepointsMs,1784814119175000000,1784814179184000000,0
JVM.totalBytesAllocated,1784814119175000000,1784814179184000000,15874880
JVM.usedHeapBytes,1784814119175000000,1784814179184000000,425462264
JVM.totalSafepointCount,1784814119175000000,1784814179184000000,0
MEM.ramBytes,1784814119175000000,1784814179184000000,451510272
JVM.newThreadsCount,1784814119175000000,1784814179184000000,0
workspaceModel.loading.from.cache.ms,1784814119175000000,1784814179184000000,0
workspaceModel.cachedValueWithParameters.from.cache.count,1784814119175000000,1784814179184000000,0
workspaceModel.workspaceFileIndexData.processFileSets.ms,1784814119175000000,1784814179184000000,0
workspaceModel.cachedValueWithParameters.calculated.count,1784814119175000000,1784814179184000000,0
workspaceModel.workspaceFileIndexData.markDirty.ms,1784814119175000000,1784814179184000000,0
workspaceModel.workspaceFileIndexContributor.registerFileSets.ms,1784814119175000000,1784814179184000000,0
workspaceModel.to.snapshot.ms,1784814119175000000,1784814179184000000,0
workspaceModel.updates.count,1784814119175000000,1784814179184000000,0
workspaceModel.cachedValueWithParameters.clear.count,1784814119175000000,1784814179184000000,0
workspaceModel.cachedValue.total.get.count,1784814119175000000,1784814179184000000,0
workspaceModel.workspaceFileIndexData.onEntitiesChanged.ms,1784814119175000000,1784814179184000000,0
workspaceModel.collect.changes.ms,1784814119175000000,1784814179184000000,0
workspaceModel.pre.handlers.ms,1784814119175000000,1784814179184000000,0
workspaceModel.entityStorageSnapshotImpl.instances.count,1784814119175000000,1784814179184000000,0
workspaceModel.cachedValueWithParameters.total.get.count,1784814119175000000,1784814179184000000,0
workspaceModel.init.bridges.ms,1784814119175000000,1784814179184000000,0
workspaceModel.update.unloaded.entities.ms,1784814119175000000,1784814179184000000,0
workspaceModel.loading.total.ms,1784814119175000000,1784814179184000000,0
workspaceModel.workspaceFileIndexData.updateDirtyEntities.ms,1784814119175000000,1784814179184000000,0
workspaceModel.check.recursive.update.ms,1784814119175000000,1784814179184000000,0
workspaceModel.full.replace.project.model.ms,1784814119175000000,1784814179184000000,0
workspaceModel.initializing.ms,1784814119175000000,1784814179184000000,0
workspaceModel.replace.project.model.ms,1784814119175000000,1784814179184000000,0
workspaceModel.workspaceFileIndexData.getDirectoriesByPackageName.ms,1784814119175000000,1784814179184000000,0
workspaceModel.cachedValue.calculated.count,1784814119175000000,1784814179184000000,0
workspaceModel.updates.precise.ms,1784814119175000000,1784814179184000000,0
workspaceModel.cachedValue.clear.count,1784814119175000000,1784814179184000000,0
workspaceModel.workspaceFileIndexData.getFileInfo.ms,1784814119175000000,1784814179184000000,0
workspaceModel.on.changed.ms,1784814119175000000,1784814179184000000,0
workspaceModel.workspaceFileIndexData.instances.count,1784814119175000000,1784814179184000000,0
workspaceModel.cachedValue.from.cache.count,1784814119175000000,1784814179184000000,0
workspaceModel.workspaceFileIndexData.init.ms,1784814119175000000,1784814179184000000,0
workspaceModel.on.before.changed.ms,1784814119175000000,1784814179184000000,0
workspaceModel.workspaceFileIndexData.visitFileSets.ms,1784814119175000000,1784814179184000000,0
workspaceModel.updates.ms,1784814119175000000,1784814179184000000,0
workspaceModel.workspaceFileIndexData.getPackageName.ms,1784814119175000000,1784814179184000000,0
FlushQueue.tasksExecuted,1784814119175000000,1784814179184000000,0
FlushQueue.executionTimeAvgNs,1784814119175000000,1784814179184000000,0.0
FlushQueue.queueSizeAvg,1784814119175000000,1784814179184000000,0.0
FlushQueue.executionTime90PNs,1784814119175000000,1784814179184000000,0
AWTEventQueue.dispatchTimeTotalNS,1784814119175000000,1784814179184000000,10609539
AWTEventQueue.dispatchTime90PNs,1784814119175000000,1784814179184000000,0
FlushQueue.queueSizeMax,1784814119175000000,1784814179184000000,0
WriteAction.executionsCount,1784814119175000000,1784814179184000000,0
NonBlockingReadAction.failedExecutionTimeUs,1784814119175000000,1784814179184000000,0
FlushQueue.executionTimeMaxNs,1784814119175000000,1784814179184000000,0
NonBlockingReadAction.finalizedExecutionsCount,1784814119175000000,1784814179184000000,0
FlushQueue.waitingTimeMaxNs,1784814119175000000,1784814179184000000,0
AWTEventQueue.dispatchTimeMaxNs,1784814119175000000,1784814179184000000,0
AWTEventQueue.dispatchTimeAvgNs,1784814119175000000,1784814179184000000,0.0
NonBlockingReadAction.failedExecutionsCount,1784814119175000000,1784814179184000000,0
AWTEventQueue.eventsDispatched,1784814119175000000,1784814179184000000,0
FlushQueue.queueSize90P,1784814119175000000,1784814179184000000,0
NonBlockingReadAction.finalizedExecutionTimeUs,1784814119175000000,1784814179184000000,0
FlushQueue.waitingTimeAvgNs,1784814119175000000,1784814179184000000,0.0
ReadAction.executionsCount,1784814119175000000,1784814179184000000,4
FlushQueue.waitingTime90PNs,1784814119175000000,1784814179184000000,0
DiskQueryRelay.tasksExecuted,1784814119175000000,1784814179184000000,0
DiskQueryRelay.taskExecutionTotalTimeUs,1784814119175000000,1784814179184000000,0
DiskQueryRelay.tasksRequested,1784814119175000000,1784814179184000000,0
LowMemory.gcOverloaded,1784814119175000000,1784814179184000000,0
writeAction.max.wait.ms,1784814119175000000,1784814179184000000,305
writeAction.count,1784814119175000000,1784814179184000000,0
LowMemory.gcLoad,1784814119175000000,1784814179184000000,7.32829677482417E-5
writeAction.median.wait.ms,1784814119175000000,1784814179184000000,300
DiskQueryRelay.taskWaitingTotalTimeUs,1784814119175000000,1784814179184000000,0
writeAction.wait.ms,1784814119175000000,1784814179184000000,0
compiler.ArtifactVirtualFileListener.filePathChanged.ms,1784814119175000000,1784814179184000000,0
compiler.ArtifactManagerBridge.getArtifactsByType.ms,1784814119175000000,1784814179184000000,0
compiler.ArtifactManagerBridge.addArtifact.ms,1784814119175000000,1784814179184000000,0
compiler.ArtifactManagerBridge.dropMappings.ms,1784814119175000000,1784814179184000000,0
compiler.ArtifactVirtualFileListener.propertyChanged.ms,1784814119175000000,1784814179184000000,0
compiler.ArtifactManagerBridge.commit.ms,1784814119175000000,1784814179184000000,0
compiler.ArtifactManagerBridge.initBridges.ms,1784814119175000000,1784814179184000000,0
compiler.ArtifactManagerBridge.getArtifacts.ms,1784814119175000000,1784814179184000000,0
compiler.ArtifactManagerBridge.findArtifact.ms,1784814119175000000,1784814179184000000,0
VFS.contentStorage.recordsDecompressionTimeUs,1784814119175000000,1784814179184000000,0
VFS.folderCaseSensitivityReads,1784814119175000000,1784814179184000000,0
VFS.fileByIdCache.misses,1784814119175000000,1784814179184000000,0
FileNameCache.queries,1784814119175000000,1784814179184000000,0
VFS.contentStorage.recordsUncompressedSize,1784814119175000000,1784814179184000000,0
VFS.contentStorage.recordsDeduplicated,1784814119175000000,1784814179184000000,0
VFS.contentStorage.recordsReadDecompressed,1784814119175000000,1784814179184000000,0
VFS.cache.filesCreated,1784814119175000000,1784814179184000000,0
VFS.cache.segments,1784814119175000000,1784814179184000000,335.0
VFS.fileChildByName,1784814119175000000,1784814179184000000,0
VFS.contentStorage.recordsStoredSize,1784814119175000000,1784814179184000000,0
VFS.contentStorage.recordsStored,1784814119175000000,1784814179184000000,0
VFS.invertedFileNameIndex.requests,1784814119175000000,1784814179184000000,0
VFS.fileByIdCache.hits,1784814119175000000,1784814179184000000,0
VFS.contentStorage.recordsReadSize,1784814119175000000,1784814179184000000,0
VFS.contentStorage.recordsStoredCompressed,1784814119175000000,1784814179184000000,0
VFS.cache.directoriesCreated,1784814119175000000,1784814179184000000,0
VFS.cache.segmentsCreated,1784814119175000000,1784814179184000000,0
VFS.rootsCount,1784814119175000000,1784814179184000000,336.0
FileNameCache.totalMisses,1784814119175000000,1784814179184000000,0
VFS.contentStorage.recordsRead,1784814119175000000,1784814179184000000,0
Indexes.entries.lookupDuration90PMs,1784814119175000000,1784814179184000000,0.0
Indexes.entries.lookups,1784814119175000000,1784814179184000000,0
Indexes.allKeys.lookupDurationAvgMs,1784814119175000000,1784814179184000000,0.0
Indexing.writer_1.totalTimeSpentWritingMs,1784814119175000000,1784814179184000000,0
Indexes.entries.lookupDurationAvgMs,1784814119175000000,1784814179184000000,0.0
Indexing.cache.totalCacheMisses,1784814119175000000,1784814179184000000,0
Indexes.stubs.lookupDuration90PMs,1784814119175000000,1784814179184000000,0.0
Indexing.writesQueuedMin,1784814119175000000,1784814179184000000,9223372036854775807
Indexing.writesQueuedMax,1784814119175000000,1784814179184000000,0
Indexes.stubs.lookups,1784814119175000000,1784814179184000000,0
Indexing.cache.totalCacheEvicted,1784814119175000000,1784814179184000000,0
Indexes.entries.lookupDurationMaxMs,1784814119175000000,1784814179184000000,0.0
Indexes.allKeys.lookups,1784814119175000000,1784814179184000000,0
Indexing.cache.totalCacheAccesses,1784814119175000000,1784814179184000000,0
Indexing.writer_3.totalTimeSpentWritingMs,1784814119175000000,1784814179184000000,0
Indexes.stubs.lookupDurationMaxMs,1784814119175000000,1784814179184000000,0.0
Indexing.writer_2.totalTimeSpentWritingMs,1784814119175000000,1784814179184000000,0
Indexing.totalTimeIndexersSleptMs,1784814119175000000,1784814179184000000,0
Indexes.stubs.lookupDurationAvgMs,1784814119175000000,1784814179184000000,0.0
Indexes.allKeys.lookupDurationMaxMs,1784814119175000000,1784814179184000000,0.0
Indexing.writer_0.totalTimeSpentWritingMs,1784814119175000000,1784814179184000000,0
Indexes.allKeys.lookupDuration90PMs,1784814119175000000,1784814179184000000,0.0
cacheStateStorage.get.counter,1784814119175000000,1784814179184000000,0
cacheStateStorage.set.duration,1784814119175000000,1784814179184000000,0
cacheStateStorage.set.counter,1784814119175000000,1784814179184000000,0
cacheStateStorage.get.duration,1784814119175000000,1784814179184000000,0
FileChannelInterruptsRetryer.totalRetriedAttempts,1784814119175000000,1784814179184000000,0
FilePageCache.totalPageLoadsUs,1784814119175000000,1784814179184000000,0
StreamlinedBlobStorage.totalLiveRecordsPayloadBytes,1784814119175000000,1784814179184000000,0
MappedFileStorage.totalBytesMapped,1784814119175000000,1784814179184000000,206831616
DirectByteBufferAllocator.totalSizeOfBuffersAllocatedInBytes,1784814119175000000,1784814179184000000,0
DirectByteBufferAllocator.hits,1784814119175000000,1784814179184000000,0
StreamlinedBlobStorage.totalLiveRecordsCapacityBytes,1784814119175000000,1784814179184000000,0
DirectByteBufferAllocator.disposed,1784814119175000000,1784814179184000000,0
FilePageCache.pageFastCacheHits,1784814119175000000,1784814179184000000,0
FilePageCache.pageLoads,1784814119175000000,1784814179184000000,0
StorageLockContext.competingThreads.avg,1784814119175000000,1784814179184000000,0.0
FilePageCache.pageLoadsAboveSizeThreshold,1784814119175000000,1784814179184000000,0
FilePageCache.pageHits,1784814119175000000,1784814179184000000,0
StreamlinedBlobStorage.recordsRelocated,1784814119175000000,1784814179184000000,0
StorageLockContext.competingThreads.max,1784814119175000000,1784814179184000000,0
DirectByteBufferAllocator.reclaimed,1784814119175000000,1784814179184000000,0
FilePageCache.maxRegisteredFiles,1784814119175000000,1784814179184000000,1661
StreamlinedBlobStorage.recordsAllocated,1784814119175000000,1784814179184000000,0
FilePageCache.totalPageDisposalsUs,1784814119175000000,1784814179184000000,0
MappedFileStorage.totalPagesMapped,1784814119175000000,1784814179184000000,17
DirectByteBufferAllocator.misses,1784814119175000000,1784814179184000000,0
StorageLockContext.competingThreads.90P,1784814119175000000,1784814179184000000,0
FilePageCache.uncachedFileAccess,1784814119175000000,1784814179184000000,0
FilePageCache.capacityInBytes,1784814119175000000,1784814179184000000,629145600
FilePageCache.disposedBuffers,1784814119175000000,1784814179184000000,0
FilePageCache.maxCacheSizeInBytes,1784814119175000000,1784814179184000000,629153792
StreamlinedBlobStorage.recordsDeleted,1784814119175000000,1784814179184000000,0
MappedFileStorage.storages,1784814119175000000,1784814179184000000,17
MappedFileStorage.totalTimeSpentOnMappingUs,1784814119175000000,1784814179184000000,10471
DirectByteBufferAllocator.totalSizeOfBuffersCachedInBytes,1784814119175000000,1784814179184000000,41967616
workspaceModel.global.apply.state.to.project.ms,1784814119175000000,1784814179184000000,0
workspaceModel.mutableEntityStorage.apply.changes.from.ms,1784814119175000000,1784814179184000000,0
workspaceModel.moduleManagerBridge.create.module.instance.ms,1784814119175000000,1784814179184000000,0
workspaceModel.mutableEntityStorage.add.entity.ms,1784814119175000000,1784814179184000000,0
workspaceModel.mutableEntityStorage.changeLog.addReplaceEventForRemovedChild.ms,1784814119175000000,1784814179184000000,0
workspaceModel.moduleManagerBridge.load.module.ms,1784814119175000000,1784814179184000000,0
jps.module.dependency.index.workspace.model.listener.on.changed.ms,1784814119175000000,1784814179184000000,0
workspaceModel.mutableEntityStorage.entities.ms,1784814119175000000,1784814179184000000,0
jps.save.global.entities.ms,1784814119175000000,1784814179184000000,0
workspaceModel.global.apply.state.to.project.builder.ms,1784814119175000000,1784814179184000000,0
workspaceModel.do.save.caches.ms,1784814119175000000,1784814179184000000,0
workspaceModel.load.cache.from.file.ms,1784814119175000000,1784814179184000000,0
jps.artifact.entities.serializer.load.entities.ms,1784814119175000000,1784814179184000000,0
jps.global.get.libraries.ms,1784814119175000000,1784814179184000000,0
workspaceModel.mutableEntityStorage.referrers.ms,1784814119175000000,1784814179184000000,0
jps.module.iml.entities.serializer.save.entities.ms,1784814119175000000,1784814179184000000,0
jps.global.handle.changed.events.ms,1784814119175000000,1784814179184000000,0
workspaceModel.delayed.project.synchronizer.sync.ms,1784814119175000000,1784814179184000000,0
workspaceModel.mutableEntityStorage.entities.by.source.ms,1784814119175000000,1784814179184000000,0
workspaceModel.global.updates.count,1784814119175000000,1784814179184000000,0
jps.storage.jps.conf.reader.load.component.ms,1784814119175000000,1784814179184000000,0
workspaceModel.global.updates.ms,1784814119175000000,1784814179184000000,0
workspaceModel.moduleManagerBridge.new.nonPersistent.module.ms,1784814119175000000,1784814179184000000,0
workspaceModel.mutableEntityStorage.has.same.entities.ms,1784814119175000000,1784814179184000000,0
jps.global.initialize.library.bridges.ms,1784814119175000000,1784814179184000000,0
workspaceModel.mutableEntityStorage.replace.by.source.ms,1784814119175000000,1784814179184000000,0
jps.load.initial.state.ms,1784814119175000000,1784814179184000000,0
workspaceModel.mutableEntityStorage.put.entity.ms,1784814119175000000,1784814179184000000,0
jps.global.get.library.ms,1784814119175000000,1784814179184000000,0
workspaceModel.moduleManagerBridge.build.module.graph.ms,1784814119175000000,1784814179184000000,0
workspaceModel.moduleManagerBridge.set.unloadedModules.ms,1784814119175000000,1784814179184000000,0
workspaceModel.mutableEntityStorage.to.snapshot.ms,1784814119175000000,1784814179184000000,0
jps.project.serializers.save.ms,1784814119175000000,1784814179184000000,0
jps.module.iml.entities.serializer.load.entities.ms,1784814119175000000,1784814179184000000,0
workspaceModel.moduleBridge.before.changed.ms,1784814119175000000,1784814179184000000,0
workspaceModel.mutableEntityStorage.changeLog.addReplaceEventForRemovedParent.ms,1784814119175000000,1784814179184000000,0
jps.apply.loaded.storage.ms,1784814119175000000,1784814179184000000,0
jps.app.storage.content.reader.load.component.ms,1784814119175000000,1784814179184000000,0
workspaceModel.mutableEntityStorage.remove.entity.ms,1784814119175000000,1784814179184000000,0
workspaceModel.mutableEntityStorage.resolve.ms,1784814119175000000,1784814179184000000,0
workspaceModel.sync.entities.ms,1784814119175000000,1784814179184000000,0
workspaceModel.mutableEntityStorage.mutable.ext.mapping.ms,1784814119175000000,1784814179184000000,0
workspaceModel.moduleManagerBridge.get.modules.ms,1784814119175000000,1784814179184000000,0
workspaceModel.moduleBridgeLoader.loading.modules.ms,1784814119175000000,1784814179184000000,0
jps.library.entities.serializer.save.entities.ms,1784814119175000000,1784814179184000000,0
jps.facet.change.listener.process.change.events.ms,1784814119175000000,1784814179184000000,0
workspaceModel.mutableEntityStorage.changeLog.addReplaceEventForNewChild.ms,1784814119175000000,1784814179184000000,0
workspaceModel.mutableEntityStorage.hasReferrers.ms,1784814119175000000,1784814179184000000,0
workspaceModel.moduleBridge.facet.initialization.ms,1784814119175000000,1784814179184000000,0
jps.global.handle.before.change.events.ms,1784814119175000000,1784814179184000000,0
jps.global.initialize.library.bridges.after.loading.ms,1784814119175000000,1784814179184000000,0
jps.reload.project.entities.ms,1784814119175000000,1784814179184000000,0
workspaceModel.orphan.listener.update.ms,1784814119175000000,1784814179184000000,0
workspaceModel.mutableEntityStorage.mutable.vfurl.index.ms,1784814119175000000,1784814179184000000,0
jps.project.serializers.load.ms,1784814119175000000,1784814179184000000,0
workspaceModel.load.cache.metadata.from.file.ms,1784814119175000000,1784814179184000000,0
jps.facet.change.listener.init.bridge.ms,1784814119175000000,1784814179184000000,0
jps.library.entities.serializer.load.entities.ms,1784814119175000000,1784814179184000000,0
jps.load.project.to.empty.storage.ms,1784814119175000000,1784814179184000000,0
jps.facet.change.listener.before.change.events.ms,1784814119175000000,1784814179184000000,0
workspaceModel.mutableEntityStorage.instances.count,1784814119175000000,1784814179184000000,0
workspaceModel.moduleBridge.update.option.ms,1784814119175000000,1784814179184000000,0
workspaceModel.mutableEntityStorage.modify.entity.ms,1784814119175000000,1784814179184000000,0
workspaceModel.moduleManagerBridge.load.all.modules.ms,1784814119175000000,1784814179184000000,0
jps.global.get.library.by.name.ms,1784814119175000000,1784814179184000000,0
workspaceModel.mutableEntityStorage.changeLog.addReplaceEventForNewParent.ms,1784814119175000000,1784814179184000000,0
workspaceModel.moduleManagerBridge.newModule.ms,1784814119175000000,1784814179184000000,0
jps.artifact.entities.serializer.save.entities.ms,1784814119175000000,1784814179184000000,0
workspaceModel.save.cache.to.file.ms,1784814119175000000,1784814179184000000,0
jps.save.changed.project.entities.ms,1784814119175000000,1784814179184000000,0
workspaceModel.mutableEntityStorage.collect.changes.ms,1784814119175000000,1784814179184000000,0
JVM.totalTimeAtSafepointsMs,1784814179184000000,1784814239179000000,0
MEM.ramPlusSwapMinusFileMappingsBytes,1784814179184000000,1784814239179000000,1730549736
JVM.maxHeapBytes,1784814179184000000,1784814239179000000,2147483648
JVM.usedNativeBytes,1784814179184000000,1784814239179000000,597269984
MEM.ramMinusFileMappingsBytes,1784814179184000000,1784814239179000000,217432064
JVM.GC.collectionTimesMs,1784814179184000000,1784814239179000000,0
JVM.committedHeapBytes,1784814179184000000,1784814239179000000,686817280
JVM.maxThreadCount,1784814179184000000,1784814239179000000,182
JVM.threadCount,1784814179184000000,1784814239179000000,60
MEM.fileMappingsRamBytes,1784814179184000000,1784814239179000000,241074176
JVM.GC.collections,1784814179184000000,1784814239179000000,0
OS.loadAverage,1784814179184000000,1784814239179000000,4.00048828125
JVM.totalCpuTimeMs,1784814179184000000,1784814239179000000,1215
JVM.totalDirectByteBuffersBytes,1784814179184000000,1784814239179000000,4507656
JVM.totalTimeToSafepointsMs,1784814179184000000,1784814239179000000,0
JVM.totalBytesAllocated,1784814179184000000,1784814239179000000,16298608
JVM.usedHeapBytes,1784814179184000000,1784814239179000000,443288056
JVM.totalSafepointCount,1784814179184000000,1784814239179000000,0
MEM.ramBytes,1784814179184000000,1784814239179000000,458506240
JVM.newThreadsCount,1784814179184000000,1784814239179000000,0
workspaceModel.loading.from.cache.ms,1784814179184000000,1784814239179000000,0
workspaceModel.cachedValueWithParameters.from.cache.count,1784814179184000000,1784814239179000000,0
workspaceModel.workspaceFileIndexData.processFileSets.ms,1784814179184000000,1784814239179000000,0
workspaceModel.cachedValueWithParameters.calculated.count,1784814179184000000,1784814239179000000,0
workspaceModel.workspaceFileIndexData.markDirty.ms,1784814179184000000,1784814239179000000,0
workspaceModel.workspaceFileIndexContributor.registerFileSets.ms,1784814179184000000,1784814239179000000,0
workspaceModel.to.snapshot.ms,1784814179184000000,1784814239179000000,0
workspaceModel.updates.count,1784814179184000000,1784814239179000000,0
workspaceModel.cachedValueWithParameters.clear.count,1784814179184000000,1784814239179000000,0
workspaceModel.cachedValue.total.get.count,1784814179184000000,1784814239179000000,0
workspaceModel.workspaceFileIndexData.onEntitiesChanged.ms,1784814179184000000,1784814239179000000,0
workspaceModel.collect.changes.ms,1784814179184000000,1784814239179000000,0
workspaceModel.pre.handlers.ms,1784814179184000000,1784814239179000000,0
workspaceModel.entityStorageSnapshotImpl.instances.count,1784814179184000000,1784814239179000000,0
workspaceModel.cachedValueWithParameters.total.get.count,1784814179184000000,1784814239179000000,0
workspaceModel.init.bridges.ms,1784814179184000000,1784814239179000000,0
workspaceModel.update.unloaded.entities.ms,1784814179184000000,1784814239179000000,0
workspaceModel.loading.total.ms,1784814179184000000,1784814239179000000,0
workspaceModel.workspaceFileIndexData.updateDirtyEntities.ms,1784814179184000000,1784814239179000000,0
workspaceModel.check.recursive.update.ms,1784814179184000000,1784814239179000000,0
workspaceModel.full.replace.project.model.ms,1784814179184000000,1784814239179000000,0
workspaceModel.initializing.ms,1784814179184000000,1784814239179000000,0
workspaceModel.replace.project.model.ms,1784814179184000000,1784814239179000000,0
workspaceModel.workspaceFileIndexData.getDirectoriesByPackageName.ms,1784814179184000000,1784814239179000000,0
workspaceModel.cachedValue.calculated.count,1784814179184000000,1784814239179000000,0
workspaceModel.updates.precise.ms,1784814179184000000,1784814239179000000,0
workspaceModel.cachedValue.clear.count,1784814179184000000,1784814239179000000,0
workspaceModel.workspaceFileIndexData.getFileInfo.ms,1784814179184000000,1784814239179000000,0
workspaceModel.on.changed.ms,1784814179184000000,1784814239179000000,0
workspaceModel.workspaceFileIndexData.instances.count,1784814179184000000,1784814239179000000,0
workspaceModel.cachedValue.from.cache.count,1784814179184000000,1784814239179000000,0
workspaceModel.workspaceFileIndexData.init.ms,1784814179184000000,1784814239179000000,0
workspaceModel.on.before.changed.ms,1784814179184000000,1784814239179000000,0
workspaceModel.workspaceFileIndexData.visitFileSets.ms,1784814179184000000,1784814239179000000,0
workspaceModel.updates.ms,1784814179184000000,1784814239179000000,0
workspaceModel.workspaceFileIndexData.getPackageName.ms,1784814179184000000,1784814239179000000,0
FlushQueue.tasksExecuted,1784814179184000000,1784814239179000000,0
FlushQueue.executionTimeAvgNs,1784814179184000000,1784814239179000000,0.0
FlushQueue.queueSizeAvg,1784814179184000000,1784814239179000000,0.0
FlushQueue.executionTime90PNs,1784814179184000000,1784814239179000000,0
AWTEventQueue.dispatchTimeTotalNS,1784814179184000000,1784814239179000000,9719997
AWTEventQueue.dispatchTime90PNs,1784814179184000000,1784814239179000000,0
FlushQueue.queueSizeMax,1784814179184000000,1784814239179000000,0
WriteAction.executionsCount,1784814179184000000,1784814239179000000,0
NonBlockingReadAction.failedExecutionTimeUs,1784814179184000000,1784814239179000000,0
FlushQueue.executionTimeMaxNs,1784814179184000000,1784814239179000000,0
NonBlockingReadAction.finalizedExecutionsCount,1784814179184000000,1784814239179000000,0
FlushQueue.waitingTimeMaxNs,1784814179184000000,1784814239179000000,0
AWTEventQueue.dispatchTimeMaxNs,1784814179184000000,1784814239179000000,0
AWTEventQueue.dispatchTimeAvgNs,1784814179184000000,1784814239179000000,0.0
NonBlockingReadAction.failedExecutionsCount,1784814179184000000,1784814239179000000,0
AWTEventQueue.eventsDispatched,1784814179184000000,1784814239179000000,0
FlushQueue.queueSize90P,1784814179184000000,1784814239179000000,0
NonBlockingReadAction.finalizedExecutionTimeUs,1784814179184000000,1784814239179000000,0
FlushQueue.waitingTimeAvgNs,1784814179184000000,1784814239179000000,0.0
ReadAction.executionsCount,1784814179184000000,1784814239179000000,40
FlushQueue.waitingTime90PNs,1784814179184000000,1784814239179000000,0
DiskQueryRelay.tasksExecuted,1784814179184000000,1784814239179000000,13
DiskQueryRelay.taskExecutionTotalTimeUs,1784814179184000000,1784814239179000000,4804
DiskQueryRelay.tasksRequested,1784814179184000000,1784814239179000000,13
LowMemory.gcOverloaded,1784814179184000000,1784814239179000000,0
writeAction.max.wait.ms,1784814179184000000,1784814239179000000,305
writeAction.count,1784814179184000000,1784814239179000000,0
LowMemory.gcLoad,1784814179184000000,1784814239179000000,3.761804192906893E-5
writeAction.median.wait.ms,1784814179184000000,1784814239179000000,300
DiskQueryRelay.taskWaitingTotalTimeUs,1784814179184000000,1784814239179000000,4873
writeAction.wait.ms,1784814179184000000,1784814239179000000,0
compiler.ArtifactVirtualFileListener.filePathChanged.ms,1784814179184000000,1784814239179000000,0
compiler.ArtifactManagerBridge.getArtifactsByType.ms,1784814179184000000,1784814239179000000,0
compiler.ArtifactManagerBridge.addArtifact.ms,1784814179184000000,1784814239179000000,0
compiler.ArtifactManagerBridge.dropMappings.ms,1784814179184000000,1784814239179000000,0
compiler.ArtifactVirtualFileListener.propertyChanged.ms,1784814179184000000,1784814239179000000,0
compiler.ArtifactManagerBridge.commit.ms,1784814179184000000,1784814239179000000,0
compiler.ArtifactManagerBridge.initBridges.ms,1784814179184000000,1784814239179000000,0
compiler.ArtifactManagerBridge.getArtifacts.ms,1784814179184000000,1784814239179000000,0
compiler.ArtifactManagerBridge.findArtifact.ms,1784814179184000000,1784814239179000000,0
VFS.contentStorage.recordsDecompressionTimeUs,1784814179184000000,1784814239179000000,0
VFS.folderCaseSensitivityReads,1784814179184000000,1784814239179000000,0
VFS.fileByIdCache.misses,1784814179184000000,1784814239179000000,0
FileNameCache.queries,1784814179184000000,1784814239179000000,0
VFS.contentStorage.recordsUncompressedSize,1784814179184000000,1784814239179000000,0
VFS.contentStorage.recordsDeduplicated,1784814179184000000,1784814239179000000,0
VFS.contentStorage.recordsReadDecompressed,1784814179184000000,1784814239179000000,0
VFS.cache.filesCreated,1784814179184000000,1784814239179000000,0
VFS.cache.segments,1784814179184000000,1784814239179000000,335.0
VFS.fileChildByName,1784814179184000000,1784814239179000000,0
VFS.contentStorage.recordsStoredSize,1784814179184000000,1784814239179000000,0
VFS.contentStorage.recordsStored,1784814179184000000,1784814239179000000,0
VFS.invertedFileNameIndex.requests,1784814179184000000,1784814239179000000,0
VFS.fileByIdCache.hits,1784814179184000000,1784814239179000000,0
VFS.contentStorage.recordsReadSize,1784814179184000000,1784814239179000000,0
VFS.contentStorage.recordsStoredCompressed,1784814179184000000,1784814239179000000,0
VFS.cache.directoriesCreated,1784814179184000000,1784814239179000000,0
VFS.cache.segmentsCreated,1784814179184000000,1784814239179000000,0
VFS.rootsCount,1784814179184000000,1784814239179000000,336.0
FileNameCache.totalMisses,1784814179184000000,1784814239179000000,0
VFS.contentStorage.recordsRead,1784814179184000000,1784814239179000000,0
Indexes.entries.lookupDuration90PMs,1784814179184000000,1784814239179000000,0.0
Indexes.entries.lookups,1784814179184000000,1784814239179000000,0
Indexes.allKeys.lookupDurationAvgMs,1784814179184000000,1784814239179000000,0.0
Indexing.writer_1.totalTimeSpentWritingMs,1784814179184000000,1784814239179000000,0
Indexes.entries.lookupDurationAvgMs,1784814179184000000,1784814239179000000,0.0
Indexing.cache.totalCacheMisses,1784814179184000000,1784814239179000000,0
Indexes.stubs.lookupDuration90PMs,1784814179184000000,1784814239179000000,0.0
Indexing.writesQueuedMin,1784814179184000000,1784814239179000000,9223372036854775807
Indexing.writesQueuedMax,1784814179184000000,1784814239179000000,0
Indexes.stubs.lookups,1784814179184000000,1784814239179000000,0
Indexing.cache.totalCacheEvicted,1784814179184000000,1784814239179000000,0
Indexes.entries.lookupDurationMaxMs,1784814179184000000,1784814239179000000,0.0
Indexes.allKeys.lookups,1784814179184000000,1784814239179000000,0
Indexing.cache.totalCacheAccesses,1784814179184000000,1784814239179000000,0
Indexing.writer_3.totalTimeSpentWritingMs,1784814179184000000,1784814239179000000,0
Indexes.stubs.lookupDurationMaxMs,1784814179184000000,1784814239179000000,0.0
Indexing.writer_2.totalTimeSpentWritingMs,1784814179184000000,1784814239179000000,0
Indexing.totalTimeIndexersSleptMs,1784814179184000000,1784814239179000000,0
Indexes.stubs.lookupDurationAvgMs,1784814179184000000,1784814239179000000,0.0
Indexes.allKeys.lookupDurationMaxMs,1784814179184000000,1784814239179000000,0.0
Indexing.writer_0.totalTimeSpentWritingMs,1784814179184000000,1784814239179000000,0
Indexes.allKeys.lookupDuration90PMs,1784814179184000000,1784814239179000000,0.0
cacheStateStorage.get.counter,1784814179184000000,1784814239179000000,0
cacheStateStorage.set.duration,1784814179184000000,1784814239179000000,0
cacheStateStorage.set.counter,1784814179184000000,1784814239179000000,0
cacheStateStorage.get.duration,1784814179184000000,1784814239179000000,0
FileChannelInterruptsRetryer.totalRetriedAttempts,1784814179184000000,1784814239179000000,0
FilePageCache.totalPageLoadsUs,1784814179184000000,1784814239179000000,0
StreamlinedBlobStorage.totalLiveRecordsPayloadBytes,1784814179184000000,1784814239179000000,0
MappedFileStorage.totalBytesMapped,1784814179184000000,1784814239179000000,206831616
DirectByteBufferAllocator.totalSizeOfBuffersAllocatedInBytes,1784814179184000000,1784814239179000000,0
DirectByteBufferAllocator.hits,1784814179184000000,1784814239179000000,0
StreamlinedBlobStorage.totalLiveRecordsCapacityBytes,1784814179184000000,1784814239179000000,0
DirectByteBufferAllocator.disposed,1784814179184000000,1784814239179000000,0
FilePageCache.pageFastCacheHits,1784814179184000000,1784814239179000000,0
FilePageCache.pageLoads,1784814179184000000,1784814239179000000,0
StorageLockContext.competingThreads.avg,1784814179184000000,1784814239179000000,0.0
FilePageCache.pageLoadsAboveSizeThreshold,1784814179184000000,1784814239179000000,0
FilePageCache.pageHits,1784814179184000000,1784814239179000000,0
StreamlinedBlobStorage.recordsRelocated,1784814179184000000,1784814239179000000,0
StorageLockContext.competingThreads.max,1784814179184000000,1784814239179000000,0
DirectByteBufferAllocator.reclaimed,1784814179184000000,1784814239179000000,0
FilePageCache.maxRegisteredFiles,1784814179184000000,1784814239179000000,1661
StreamlinedBlobStorage.recordsAllocated,1784814179184000000,1784814239179000000,0
FilePageCache.totalPageDisposalsUs,1784814179184000000,1784814239179000000,0
MappedFileStorage.totalPagesMapped,1784814179184000000,1784814239179000000,17
DirectByteBufferAllocator.misses,1784814179184000000,1784814239179000000,0
StorageLockContext.competingThreads.90P,1784814179184000000,1784814239179000000,0
FilePageCache.uncachedFileAccess,1784814179184000000,1784814239179000000,0
FilePageCache.capacityInBytes,1784814179184000000,1784814239179000000,629145600
FilePageCache.disposedBuffers,1784814179184000000,1784814239179000000,0
FilePageCache.maxCacheSizeInBytes,1784814179184000000,1784814239179000000,629153792
StreamlinedBlobStorage.recordsDeleted,1784814179184000000,1784814239179000000,0
MappedFileStorage.storages,1784814179184000000,1784814239179000000,17
MappedFileStorage.totalTimeSpentOnMappingUs,1784814179184000000,1784814239179000000,10471
DirectByteBufferAllocator.totalSizeOfBuffersCachedInBytes,1784814179184000000,1784814239179000000,41967616
workspaceModel.global.apply.state.to.project.ms,1784814179184000000,1784814239179000000,0
workspaceModel.mutableEntityStorage.apply.changes.from.ms,1784814179184000000,1784814239179000000,0
workspaceModel.moduleManagerBridge.create.module.instance.ms,1784814179184000000,1784814239179000000,0
workspaceModel.mutableEntityStorage.add.entity.ms,1784814179184000000,1784814239179000000,0
workspaceModel.mutableEntityStorage.changeLog.addReplaceEventForRemovedChild.ms,1784814179184000000,1784814239179000000,0
workspaceModel.moduleManagerBridge.load.module.ms,1784814179184000000,1784814239179000000,0
jps.module.dependency.index.workspace.model.listener.on.changed.ms,1784814179184000000,1784814239179000000,0
workspaceModel.mutableEntityStorage.entities.ms,1784814179184000000,1784814239179000000,0
jps.save.global.entities.ms,1784814179184000000,1784814239179000000,0
workspaceModel.global.apply.state.to.project.builder.ms,1784814179184000000,1784814239179000000,0
workspaceModel.do.save.caches.ms,1784814179184000000,1784814239179000000,0
workspaceModel.load.cache.from.file.ms,1784814179184000000,1784814239179000000,0
jps.artifact.entities.serializer.load.entities.ms,1784814179184000000,1784814239179000000,0
jps.global.get.libraries.ms,1784814179184000000,1784814239179000000,0
workspaceModel.mutableEntityStorage.referrers.ms,1784814179184000000,1784814239179000000,0
jps.module.iml.entities.serializer.save.entities.ms,1784814179184000000,1784814239179000000,0
jps.global.handle.changed.events.ms,1784814179184000000,1784814239179000000,0
workspaceModel.delayed.project.synchronizer.sync.ms,1784814179184000000,1784814239179000000,0
workspaceModel.mutableEntityStorage.entities.by.source.ms,1784814179184000000,1784814239179000000,0
workspaceModel.global.updates.count,1784814179184000000,1784814239179000000,0
jps.storage.jps.conf.reader.load.component.ms,1784814179184000000,1784814239179000000,0
workspaceModel.global.updates.ms,1784814179184000000,1784814239179000000,0
workspaceModel.moduleManagerBridge.new.nonPersistent.module.ms,1784814179184000000,1784814239179000000,0
workspaceModel.mutableEntityStorage.has.same.entities.ms,1784814179184000000,1784814239179000000,0
jps.global.initialize.library.bridges.ms,1784814179184000000,1784814239179000000,0
workspaceModel.mutableEntityStorage.replace.by.source.ms,1784814179184000000,1784814239179000000,0
jps.load.initial.state.ms,1784814179184000000,1784814239179000000,0
workspaceModel.mutableEntityStorage.put.entity.ms,1784814179184000000,1784814239179000000,0
jps.global.get.library.ms,1784814179184000000,1784814239179000000,0
workspaceModel.moduleManagerBridge.build.module.graph.ms,1784814179184000000,1784814239179000000,0
workspaceModel.moduleManagerBridge.set.unloadedModules.ms,1784814179184000000,1784814239179000000,0
workspaceModel.mutableEntityStorage.to.snapshot.ms,1784814179184000000,1784814239179000000,0
jps.project.serializers.save.ms,1784814179184000000,1784814239179000000,0
jps.module.iml.entities.serializer.load.entities.ms,1784814179184000000,1784814239179000000,0
workspaceModel.moduleBridge.before.changed.ms,1784814179184000000,1784814239179000000,0
workspaceModel.mutableEntityStorage.changeLog.addReplaceEventForRemovedParent.ms,1784814179184000000,1784814239179000000,0
jps.apply.loaded.storage.ms,1784814179184000000,1784814239179000000,0
jps.app.storage.content.reader.load.component.ms,1784814179184000000,1784814239179000000,0
workspaceModel.mutableEntityStorage.remove.entity.ms,1784814179184000000,1784814239179000000,0
workspaceModel.mutableEntityStorage.resolve.ms,1784814179184000000,1784814239179000000,0
workspaceModel.sync.entities.ms,1784814179184000000,1784814239179000000,0
workspaceModel.mutableEntityStorage.mutable.ext.mapping.ms,1784814179184000000,1784814239179000000,0
workspaceModel.moduleManagerBridge.get.modules.ms,1784814179184000000,1784814239179000000,0
workspaceModel.moduleBridgeLoader.loading.modules.ms,1784814179184000000,1784814239179000000,0
jps.library.entities.serializer.save.entities.ms,1784814179184000000,1784814239179000000,0
jps.facet.change.listener.process.change.events.ms,1784814179184000000,1784814239179000000,0
workspaceModel.mutableEntityStorage.changeLog.addReplaceEventForNewChild.ms,1784814179184000000,1784814239179000000,0
workspaceModel.mutableEntityStorage.hasReferrers.ms,1784814179184000000,1784814239179000000,0
workspaceModel.moduleBridge.facet.initialization.ms,1784814179184000000,1784814239179000000,0
jps.global.handle.before.change.events.ms,1784814179184000000,1784814239179000000,0
jps.global.initialize.library.bridges.after.loading.ms,1784814179184000000,1784814239179000000,0
jps.reload.project.entities.ms,1784814179184000000,1784814239179000000,0
workspaceModel.orphan.listener.update.ms,1784814179184000000,1784814239179000000,0
workspaceModel.mutableEntityStorage.mutable.vfurl.index.ms,1784814179184000000,1784814239179000000,0
jps.project.serializers.load.ms,1784814179184000000,1784814239179000000,0
workspaceModel.load.cache.metadata.from.file.ms,1784814179184000000,1784814239179000000,0
jps.facet.change.listener.init.bridge.ms,1784814179184000000,1784814239179000000,0
jps.library.entities.serializer.load.entities.ms,1784814179184000000,1784814239179000000,0
jps.load.project.to.empty.storage.ms,1784814179184000000,1784814239179000000,0
jps.facet.change.listener.before.change.events.ms,1784814179184000000,1784814239179000000,0
workspaceModel.mutableEntityStorage.instances.count,1784814179184000000,1784814239179000000,0
workspaceModel.moduleBridge.update.option.ms,1784814179184000000,1784814239179000000,0
workspaceModel.mutableEntityStorage.modify.entity.ms,1784814179184000000,1784814239179000000,0
workspaceModel.moduleManagerBridge.load.all.modules.ms,1784814179184000000,1784814239179000000,0
jps.global.get.library.by.name.ms,1784814179184000000,1784814239179000000,0
workspaceModel.mutableEntityStorage.changeLog.addReplaceEventForNewParent.ms,1784814179184000000,1784814239179000000,0
workspaceModel.moduleManagerBridge.newModule.ms,1784814179184000000,1784814239179000000,0
jps.artifact.entities.serializer.save.entities.ms,1784814179184000000,1784814239179000000,0
workspaceModel.save.cache.to.file.ms,1784814179184000000,1784814239179000000,0
jps.save.changed.project.entities.ms,1784814179184000000,1784814239179000000,0
workspaceModel.mutableEntityStorage.collect.changes.ms,1784814179184000000,1784814239179000000,0
JVM.totalTimeAtSafepointsMs,1784814239179000000,1784814299178000000,0
MEM.ramPlusSwapMinusFileMappingsBytes,1784814239179000000,1784814299178000000,1733679080
JVM.maxHeapBytes,1784814239179000000,1784814299178000000,2147483648
JVM.usedNativeBytes,1784814239179000000,1784814299178000000,601115504
MEM.ramMinusFileMappingsBytes,1784814239179000000,1784814299178000000,211419136
JVM.GC.collectionTimesMs,1784814239179000000,1784814299178000000,0
JVM.committedHeapBytes,1784814239179000000,1784814299178000000,686817280
JVM.maxThreadCount,1784814239179000000,1784814299178000000,182
JVM.threadCount,1784814239179000000,1784814299178000000,68
MEM.fileMappingsRamBytes,1784814239179000000,1784814299178000000,244301824
JVM.GC.collections,1784814239179000000,1784814299178000000,0
OS.loadAverage,1784814239179000000,1784814299178000000,3.09033203125
JVM.totalCpuTimeMs,1784814239179000000,1784814299178000000,1626
JVM.totalDirectByteBuffersBytes,1784814239179000000,1784814299178000000,4507656
JVM.totalTimeToSafepointsMs,1784814239179000000,1784814299178000000,0
JVM.totalBytesAllocated,1784814239179000000,1784814299178000000,60500056
JVM.usedHeapBytes,1784814239179000000,1784814299178000000,504105464
JVM.totalSafepointCount,1784814239179000000,1784814299178000000,0
MEM.ramBytes,1784814239179000000,1784814299178000000,455933952
JVM.newThreadsCount,1784814239179000000,1784814299178000000,8
workspaceModel.loading.from.cache.ms,1784814239179000000,1784814299178000000,0
workspaceModel.cachedValueWithParameters.from.cache.count,1784814239179000000,1784814299178000000,0
workspaceModel.workspaceFileIndexData.processFileSets.ms,1784814239179000000,1784814299178000000,0
workspaceModel.cachedValueWithParameters.calculated.count,1784814239179000000,1784814299178000000,0
workspaceModel.workspaceFileIndexData.markDirty.ms,1784814239179000000,1784814299178000000,0
workspaceModel.workspaceFileIndexContributor.registerFileSets.ms,1784814239179000000,1784814299178000000,0
workspaceModel.to.snapshot.ms,1784814239179000000,1784814299178000000,0
workspaceModel.updates.count,1784814239179000000,1784814299178000000,0
workspaceModel.cachedValueWithParameters.clear.count,1784814239179000000,1784814299178000000,0
workspaceModel.cachedValue.total.get.count,1784814239179000000,1784814299178000000,0
workspaceModel.workspaceFileIndexData.onEntitiesChanged.ms,1784814239179000000,1784814299178000000,0
workspaceModel.collect.changes.ms,1784814239179000000,1784814299178000000,0
workspaceModel.pre.handlers.ms,1784814239179000000,1784814299178000000,0
workspaceModel.entityStorageSnapshotImpl.instances.count,1784814239179000000,1784814299178000000,0
workspaceModel.cachedValueWithParameters.total.get.count,1784814239179000000,1784814299178000000,0
workspaceModel.init.bridges.ms,1784814239179000000,1784814299178000000,0
workspaceModel.update.unloaded.entities.ms,1784814239179000000,1784814299178000000,0
workspaceModel.loading.total.ms,1784814239179000000,1784814299178000000,0
workspaceModel.workspaceFileIndexData.updateDirtyEntities.ms,1784814239179000000,1784814299178000000,0
workspaceModel.check.recursive.update.ms,1784814239179000000,1784814299178000000,0
workspaceModel.full.replace.project.model.ms,1784814239179000000,1784814299178000000,0
workspaceModel.initializing.ms,1784814239179000000,1784814299178000000,0
workspaceModel.replace.project.model.ms,1784814239179000000,1784814299178000000,0
workspaceModel.workspaceFileIndexData.getDirectoriesByPackageName.ms,1784814239179000000,1784814299178000000,0
workspaceModel.cachedValue.calculated.count,1784814239179000000,1784814299178000000,0
workspaceModel.updates.precise.ms,1784814239179000000,1784814299178000000,0
workspaceModel.cachedValue.clear.count,1784814239179000000,1784814299178000000,0
workspaceModel.workspaceFileIndexData.getFileInfo.ms,1784814239179000000,1784814299178000000,0
workspaceModel.on.changed.ms,1784814239179000000,1784814299178000000,0
workspaceModel.workspaceFileIndexData.instances.count,1784814239179000000,1784814299178000000,0
workspaceModel.cachedValue.from.cache.count,1784814239179000000,1784814299178000000,0
workspaceModel.workspaceFileIndexData.init.ms,1784814239179000000,1784814299178000000,0
workspaceModel.on.before.changed.ms,1784814239179000000,1784814299178000000,0
workspaceModel.workspaceFileIndexData.visitFileSets.ms,1784814239179000000,1784814299178000000,0
workspaceModel.updates.ms,1784814239179000000,1784814299178000000,0
workspaceModel.workspaceFileIndexData.getPackageName.ms,1784814239179000000,1784814299178000000,0
FlushQueue.tasksExecuted,1784814239179000000,1784814299178000000,0
FlushQueue.executionTimeAvgNs,1784814239179000000,1784814299178000000,0.0
FlushQueue.queueSizeAvg,1784814239179000000,1784814299178000000,0.0
FlushQueue.executionTime90PNs,1784814239179000000,1784814299178000000,0
AWTEventQueue.dispatchTimeTotalNS,1784814239179000000,1784814299178000000,12688959
AWTEventQueue.dispatchTime90PNs,1784814239179000000,1784814299178000000,0
FlushQueue.queueSizeMax,1784814239179000000,1784814299178000000,0
WriteAction.executionsCount,1784814239179000000,1784814299178000000,0
NonBlockingReadAction.failedExecutionTimeUs,1784814239179000000,1784814299178000000,0
FlushQueue.executionTimeMaxNs,1784814239179000000,1784814299178000000,0
NonBlockingReadAction.finalizedExecutionsCount,1784814239179000000,1784814299178000000,0
FlushQueue.waitingTimeMaxNs,1784814239179000000,1784814299178000000,0
AWTEventQueue.dispatchTimeMaxNs,1784814239179000000,1784814299178000000,0
AWTEventQueue.dispatchTimeAvgNs,1784814239179000000,1784814299178000000,0.0
NonBlockingReadAction.failedExecutionsCount,1784814239179000000,1784814299178000000,0
AWTEventQueue.eventsDispatched,1784814239179000000,1784814299178000000,0
FlushQueue.queueSize90P,1784814239179000000,1784814299178000000,0
NonBlockingReadAction.finalizedExecutionTimeUs,1784814239179000000,1784814299178000000,0
FlushQueue.waitingTimeAvgNs,1784814239179000000,1784814299178000000,0.0
ReadAction.executionsCount,1784814239179000000,1784814299178000000,5
FlushQueue.waitingTime90PNs,1784814239179000000,1784814299178000000,0
DiskQueryRelay.tasksExecuted,1784814239179000000,1784814299178000000,0
DiskQueryRelay.taskExecutionTotalTimeUs,1784814239179000000,1784814299178000000,0
DiskQueryRelay.tasksRequested,1784814239179000000,1784814299178000000,0
LowMemory.gcOverloaded,1784814239179000000,1784814299178000000,0
writeAction.max.wait.ms,1784814239179000000,1784814299178000000,305
writeAction.count,1784814239179000000,1784814299178000000,0
LowMemory.gcLoad,1784814239179000000,1784814299178000000,1.9310957148929247E-5
writeAction.median.wait.ms,1784814239179000000,1784814299178000000,300
DiskQueryRelay.taskWaitingTotalTimeUs,1784814239179000000,1784814299178000000,0
writeAction.wait.ms,1784814239179000000,1784814299178000000,0
compiler.ArtifactVirtualFileListener.filePathChanged.ms,1784814239179000000,1784814299178000000,0
compiler.ArtifactManagerBridge.getArtifactsByType.ms,1784814239179000000,1784814299178000000,0
compiler.ArtifactManagerBridge.addArtifact.ms,1784814239179000000,1784814299178000000,0
compiler.ArtifactManagerBridge.dropMappings.ms,1784814239179000000,1784814299178000000,0
compiler.ArtifactVirtualFileListener.propertyChanged.ms,1784814239179000000,1784814299178000000,0
compiler.ArtifactManagerBridge.commit.ms,1784814239179000000,1784814299178000000,0
compiler.ArtifactManagerBridge.initBridges.ms,1784814239179000000,1784814299178000000,0
compiler.ArtifactManagerBridge.getArtifacts.ms,1784814239179000000,1784814299178000000,0
compiler.ArtifactManagerBridge.findArtifact.ms,1784814239179000000,1784814299178000000,0
VFS.contentStorage.recordsDecompressionTimeUs,1784814239179000000,1784814299178000000,0
VFS.folderCaseSensitivityReads,1784814239179000000,1784814299178000000,0
VFS.fileByIdCache.misses,1784814239179000000,1784814299178000000,0
FileNameCache.queries,1784814239179000000,1784814299178000000,0
VFS.contentStorage.recordsUncompressedSize,1784814239179000000,1784814299178000000,0
VFS.contentStorage.recordsDeduplicated,1784814239179000000,1784814299178000000,0
VFS.contentStorage.recordsReadDecompressed,1784814239179000000,1784814299178000000,0
VFS.cache.filesCreated,1784814239179000000,1784814299178000000,0
VFS.cache.segments,1784814239179000000,1784814299178000000,335.0
VFS.fileChildByName,1784814239179000000,1784814299178000000,0
VFS.contentStorage.recordsStoredSize,1784814239179000000,1784814299178000000,0
VFS.contentStorage.recordsStored,1784814239179000000,1784814299178000000,0
VFS.invertedFileNameIndex.requests,1784814239179000000,1784814299178000000,0
VFS.fileByIdCache.hits,1784814239179000000,1784814299178000000,0
VFS.contentStorage.recordsReadSize,1784814239179000000,1784814299178000000,0
VFS.contentStorage.recordsStoredCompressed,1784814239179000000,1784814299178000000,0
VFS.cache.directoriesCreated,1784814239179000000,1784814299178000000,0
VFS.cache.segmentsCreated,1784814239179000000,1784814299178000000,0
VFS.rootsCount,1784814239179000000,1784814299178000000,336.0
FileNameCache.totalMisses,1784814239179000000,1784814299178000000,0
VFS.contentStorage.recordsRead,1784814239179000000,1784814299178000000,0
Indexes.entries.lookupDuration90PMs,1784814239179000000,1784814299178000000,0.0
Indexes.entries.lookups,1784814239179000000,1784814299178000000,0
Indexes.allKeys.lookupDurationAvgMs,1784814239179000000,1784814299178000000,0.0
Indexing.writer_1.totalTimeSpentWritingMs,1784814239179000000,1784814299178000000,0
Indexes.entries.lookupDurationAvgMs,1784814239179000000,1784814299178000000,0.0
Indexing.cache.totalCacheMisses,1784814239179000000,1784814299178000000,0
Indexes.stubs.lookupDuration90PMs,1784814239179000000,1784814299178000000,0.0
Indexing.writesQueuedMin,1784814239179000000,1784814299178000000,9223372036854775807
Indexing.writesQueuedMax,1784814239179000000,1784814299178000000,0
Indexes.stubs.lookups,1784814239179000000,1784814299178000000,0
Indexing.cache.totalCacheEvicted,1784814239179000000,1784814299178000000,0
Indexes.entries.lookupDurationMaxMs,1784814239179000000,1784814299178000000,0.0
Indexes.allKeys.lookups,1784814239179000000,1784814299178000000,0
Indexing.cache.totalCacheAccesses,1784814239179000000,1784814299178000000,0
Indexing.writer_3.totalTimeSpentWritingMs,1784814239179000000,1784814299178000000,0
Indexes.stubs.lookupDurationMaxMs,1784814239179000000,1784814299178000000,0.0
Indexing.writer_2.totalTimeSpentWritingMs,1784814239179000000,1784814299178000000,0
Indexing.totalTimeIndexersSleptMs,1784814239179000000,1784814299178000000,0
Indexes.stubs.lookupDurationAvgMs,1784814239179000000,1784814299178000000,0.0
Indexes.allKeys.lookupDurationMaxMs,1784814239179000000,1784814299178000000,0.0
Indexing.writer_0.totalTimeSpentWritingMs,1784814239179000000,1784814299178000000,0
Indexes.allKeys.lookupDuration90PMs,1784814239179000000,1784814299178000000,0.0
cacheStateStorage.get.counter,1784814239179000000,1784814299178000000,0
cacheStateStorage.set.duration,1784814239179000000,1784814299178000000,0
cacheStateStorage.set.counter,1784814239179000000,1784814299178000000,0
cacheStateStorage.get.duration,1784814239179000000,1784814299178000000,0
FileChannelInterruptsRetryer.totalRetriedAttempts,1784814239179000000,1784814299178000000,0
FilePageCache.totalPageLoadsUs,1784814239179000000,1784814299178000000,0
StreamlinedBlobStorage.totalLiveRecordsPayloadBytes,1784814239179000000,1784814299178000000,0
MappedFileStorage.totalBytesMapped,1784814239179000000,1784814299178000000,206831616
DirectByteBufferAllocator.totalSizeOfBuffersAllocatedInBytes,1784814239179000000,1784814299178000000,0
DirectByteBufferAllocator.hits,1784814239179000000,1784814299178000000,0
StreamlinedBlobStorage.totalLiveRecordsCapacityBytes,1784814239179000000,1784814299178000000,0
DirectByteBufferAllocator.disposed,1784814239179000000,1784814299178000000,0
FilePageCache.pageFastCacheHits,1784814239179000000,1784814299178000000,0
FilePageCache.pageLoads,1784814239179000000,1784814299178000000,0
StorageLockContext.competingThreads.avg,1784814239179000000,1784814299178000000,0.0
FilePageCache.pageLoadsAboveSizeThreshold,1784814239179000000,1784814299178000000,0
FilePageCache.pageHits,1784814239179000000,1784814299178000000,0
StreamlinedBlobStorage.recordsRelocated,1784814239179000000,1784814299178000000,0
StorageLockContext.competingThreads.max,1784814239179000000,1784814299178000000,0
DirectByteBufferAllocator.reclaimed,1784814239179000000,1784814299178000000,0
FilePageCache.maxRegisteredFiles,1784814239179000000,1784814299178000000,1661
StreamlinedBlobStorage.recordsAllocated,1784814239179000000,1784814299178000000,0
FilePageCache.totalPageDisposalsUs,1784814239179000000,1784814299178000000,0
MappedFileStorage.totalPagesMapped,1784814239179000000,1784814299178000000,17
DirectByteBufferAllocator.misses,1784814239179000000,1784814299178000000,0
StorageLockContext.competingThreads.90P,1784814239179000000,1784814299178000000,0
FilePageCache.uncachedFileAccess,1784814239179000000,1784814299178000000,0
FilePageCache.capacityInBytes,1784814239179000000,1784814299178000000,629145600
FilePageCache.disposedBuffers,1784814239179000000,1784814299178000000,0
FilePageCache.maxCacheSizeInBytes,1784814239179000000,1784814299178000000,629153792
StreamlinedBlobStorage.recordsDeleted,1784814239179000000,1784814299178000000,0
MappedFileStorage.storages,1784814239179000000,1784814299178000000,17
MappedFileStorage.totalTimeSpentOnMappingUs,1784814239179000000,1784814299178000000,10471
DirectByteBufferAllocator.totalSizeOfBuffersCachedInBytes,1784814239179000000,1784814299178000000,41967616
workspaceModel.global.apply.state.to.project.ms,1784814239179000000,1784814299178000000,0
workspaceModel.mutableEntityStorage.apply.changes.from.ms,1784814239179000000,1784814299178000000,0
workspaceModel.moduleManagerBridge.create.module.instance.ms,1784814239179000000,1784814299178000000,0
workspaceModel.mutableEntityStorage.add.entity.ms,1784814239179000000,1784814299178000000,0
workspaceModel.mutableEntityStorage.changeLog.addReplaceEventForRemovedChild.ms,1784814239179000000,1784814299178000000,0
workspaceModel.moduleManagerBridge.load.module.ms,1784814239179000000,1784814299178000000,0
jps.module.dependency.index.workspace.model.listener.on.changed.ms,1784814239179000000,1784814299178000000,0
workspaceModel.mutableEntityStorage.entities.ms,1784814239179000000,1784814299178000000,0
jps.save.global.entities.ms,1784814239179000000,1784814299178000000,0
workspaceModel.global.apply.state.to.project.builder.ms,1784814239179000000,1784814299178000000,0
workspaceModel.do.save.caches.ms,1784814239179000000,1784814299178000000,0
workspaceModel.load.cache.from.file.ms,1784814239179000000,1784814299178000000,0
jps.artifact.entities.serializer.load.entities.ms,1784814239179000000,1784814299178000000,0
jps.global.get.libraries.ms,1784814239179000000,1784814299178000000,0
workspaceModel.mutableEntityStorage.referrers.ms,1784814239179000000,1784814299178000000,0
jps.module.iml.entities.serializer.save.entities.ms,1784814239179000000,1784814299178000000,0
jps.global.handle.changed.events.ms,1784814239179000000,1784814299178000000,0
workspaceModel.delayed.project.synchronizer.sync.ms,1784814239179000000,1784814299178000000,0
workspaceModel.mutableEntityStorage.entities.by.source.ms,1784814239179000000,1784814299178000000,0
workspaceModel.global.updates.count,1784814239179000000,1784814299178000000,0
jps.storage.jps.conf.reader.load.component.ms,1784814239179000000,1784814299178000000,0
workspaceModel.global.updates.ms,1784814239179000000,1784814299178000000,0
workspaceModel.moduleManagerBridge.new.nonPersistent.module.ms,1784814239179000000,1784814299178000000,0
workspaceModel.mutableEntityStorage.has.same.entities.ms,1784814239179000000,1784814299178000000,0
jps.global.initialize.library.bridges.ms,1784814239179000000,1784814299178000000,0
workspaceModel.mutableEntityStorage.replace.by.source.ms,1784814239179000000,1784814299178000000,0
jps.load.initial.state.ms,1784814239179000000,1784814299178000000,0
workspaceModel.mutableEntityStorage.put.entity.ms,1784814239179000000,1784814299178000000,0
jps.global.get.library.ms,1784814239179000000,1784814299178000000,0
workspaceModel.moduleManagerBridge.build.module.graph.ms,1784814239179000000,1784814299178000000,0
workspaceModel.moduleManagerBridge.set.unloadedModules.ms,1784814239179000000,1784814299178000000,0
workspaceModel.mutableEntityStorage.to.snapshot.ms,1784814239179000000,1784814299178000000,0
jps.project.serializers.save.ms,1784814239179000000,1784814299178000000,0
jps.module.iml.entities.serializer.load.entities.ms,1784814239179000000,1784814299178000000,0
workspaceModel.moduleBridge.before.changed.ms,1784814239179000000,1784814299178000000,0
workspaceModel.mutableEntityStorage.changeLog.addReplaceEventForRemovedParent.ms,1784814239179000000,1784814299178000000,0
jps.apply.loaded.storage.ms,1784814239179000000,1784814299178000000,0
jps.app.storage.content.reader.load.component.ms,1784814239179000000,1784814299178000000,0
workspaceModel.mutableEntityStorage.remove.entity.ms,1784814239179000000,1784814299178000000,0
workspaceModel.mutableEntityStorage.resolve.ms,1784814239179000000,1784814299178000000,0
workspaceModel.sync.entities.ms,1784814239179000000,1784814299178000000,0
workspaceModel.mutableEntityStorage.mutable.ext.mapping.ms,1784814239179000000,1784814299178000000,0
workspaceModel.moduleManagerBridge.get.modules.ms,1784814239179000000,1784814299178000000,0
workspaceModel.moduleBridgeLoader.loading.modules.ms,1784814239179000000,1784814299178000000,0
jps.library.entities.serializer.save.entities.ms,1784814239179000000,1784814299178000000,0
jps.facet.change.listener.process.change.events.ms,1784814239179000000,1784814299178000000,0
workspaceModel.mutableEntityStorage.changeLog.addReplaceEventForNewChild.ms,1784814239179000000,1784814299178000000,0
workspaceModel.mutableEntityStorage.hasReferrers.ms,1784814239179000000,1784814299178000000,0
workspaceModel.moduleBridge.facet.initialization.ms,1784814239179000000,1784814299178000000,0
jps.global.handle.before.change.events.ms,1784814239179000000,1784814299178000000,0
jps.global.initialize.library.bridges.after.loading.ms,1784814239179000000,1784814299178000000,0
jps.reload.project.entities.ms,1784814239179000000,1784814299178000000,0
workspaceModel.orphan.listener.update.ms,1784814239179000000,1784814299178000000,0
workspaceModel.mutableEntityStorage.mutable.vfurl.index.ms,1784814239179000000,1784814299178000000,0
jps.project.serializers.load.ms,1784814239179000000,1784814299178000000,0
workspaceModel.load.cache.metadata.from.file.ms,1784814239179000000,1784814299178000000,0
jps.facet.change.listener.init.bridge.ms,1784814239179000000,1784814299178000000,0
jps.library.entities.serializer.load.entities.ms,1784814239179000000,1784814299178000000,0
jps.load.project.to.empty.storage.ms,1784814239179000000,1784814299178000000,0
jps.facet.change.listener.before.change.events.ms,1784814239179000000,1784814299178000000,0
workspaceModel.mutableEntityStorage.instances.count,1784814239179000000,1784814299178000000,0
workspaceModel.moduleBridge.update.option.ms,1784814239179000000,1784814299178000000,0
workspaceModel.mutableEntityStorage.modify.entity.ms,1784814239179000000,1784814299178000000,0
workspaceModel.moduleManagerBridge.load.all.modules.ms,1784814239179000000,1784814299178000000,0
jps.global.get.library.by.name.ms,1784814239179000000,1784814299178000000,0
workspaceModel.mutableEntityStorage.changeLog.addReplaceEventForNewParent.ms,1784814239179000000,1784814299178000000,0
workspaceModel.moduleManagerBridge.newModule.ms,1784814239179000000,1784814299178000000,0
jps.artifact.entities.serializer.save.entities.ms,1784814239179000000,1784814299178000000,0
workspaceModel.save.cache.to.file.ms,1784814239179000000,1784814299178000000,0
jps.save.changed.project.entities.ms,1784814239179000000,1784814299178000000,0
workspaceModel.mutableEntityStorage.collect.changes.ms,1784814239179000000,1784814299178000000,0
JVM.totalTimeAtSafepointsMs,1784814299178000000,1784814359177000000,105
MEM.ramPlusSwapMinusFileMappingsBytes,1784814299178000000,1784814359177000000,1745639400
JVM.maxHeapBytes,1784814299178000000,1784814359177000000,2147483648
JVM.usedNativeBytes,1784814299178000000,1784814359177000000,562271440
MEM.ramMinusFileMappingsBytes,1784814299178000000,1784814359177000000,187990016
JVM.GC.collectionTimesMs,1784814299178000000,1784814359177000000,104
JVM.committedHeapBytes,1784814299178000000,1784814359177000000,696254464
JVM.maxThreadCount,1784814299178000000,1784814359177000000,182
JVM.threadCount,1784814299178000000,1784814359177000000,60
MEM.fileMappingsRamBytes,1784814299178000000,1784814359177000000,252051456
JVM.GC.collections,1784814299178000000,1784814359177000000,4
OS.loadAverage,1784814299178000000,1784814359177000000,3.2861328125
JVM.totalCpuTimeMs,1784814299178000000,1784814359177000000,2499
JVM.totalDirectByteBuffersBytes,1784814299178000000,1784814359177000000,4261896
JVM.totalTimeToSafepointsMs,1784814299178000000,1784814359177000000,0
JVM.totalBytesAllocated,1784814299178000000,1784814359177000000,266969256
JVM.usedHeapBytes,1784814299178000000,1784814359177000000,429776560
JVM.totalSafepointCount,1784814299178000000,1784814359177000000,4
MEM.ramBytes,1784814299178000000,1784814359177000000,440041472
JVM.newThreadsCount,1784814299178000000,1784814359177000000,0
workspaceModel.loading.from.cache.ms,1784814299178000000,1784814359177000000,0
workspaceModel.cachedValueWithParameters.from.cache.count,1784814299178000000,1784814359177000000,0
workspaceModel.workspaceFileIndexData.processFileSets.ms,1784814299178000000,1784814359177000000,0
workspaceModel.cachedValueWithParameters.calculated.count,1784814299178000000,1784814359177000000,0
workspaceModel.workspaceFileIndexData.markDirty.ms,1784814299178000000,1784814359177000000,0
workspaceModel.workspaceFileIndexContributor.registerFileSets.ms,1784814299178000000,1784814359177000000,0
workspaceModel.to.snapshot.ms,1784814299178000000,1784814359177000000,0
workspaceModel.updates.count,1784814299178000000,1784814359177000000,0
workspaceModel.cachedValueWithParameters.clear.count,1784814299178000000,1784814359177000000,0
workspaceModel.cachedValue.total.get.count,1784814299178000000,1784814359177000000,0
workspaceModel.workspaceFileIndexData.onEntitiesChanged.ms,1784814299178000000,1784814359177000000,0
workspaceModel.collect.changes.ms,1784814299178000000,1784814359177000000,0
workspaceModel.pre.handlers.ms,1784814299178000000,1784814359177000000,0
workspaceModel.entityStorageSnapshotImpl.instances.count,1784814299178000000,1784814359177000000,0
workspaceModel.cachedValueWithParameters.total.get.count,1784814299178000000,1784814359177000000,0
workspaceModel.init.bridges.ms,1784814299178000000,1784814359177000000,0
workspaceModel.update.unloaded.entities.ms,1784814299178000000,1784814359177000000,0
workspaceModel.loading.total.ms,1784814299178000000,1784814359177000000,0
workspaceModel.workspaceFileIndexData.updateDirtyEntities.ms,1784814299178000000,1784814359177000000,0
workspaceModel.check.recursive.update.ms,1784814299178000000,1784814359177000000,0
workspaceModel.full.replace.project.model.ms,1784814299178000000,1784814359177000000,0
workspaceModel.initializing.ms,1784814299178000000,1784814359177000000,0
workspaceModel.replace.project.model.ms,1784814299178000000,1784814359177000000,0
workspaceModel.workspaceFileIndexData.getDirectoriesByPackageName.ms,1784814299178000000,1784814359177000000,0
workspaceModel.cachedValue.calculated.count,1784814299178000000,1784814359177000000,0
workspaceModel.updates.precise.ms,1784814299178000000,1784814359177000000,0
workspaceModel.cachedValue.clear.count,1784814299178000000,1784814359177000000,0
workspaceModel.workspaceFileIndexData.getFileInfo.ms,1784814299178000000,1784814359177000000,0
workspaceModel.on.changed.ms,1784814299178000000,1784814359177000000,0
workspaceModel.workspaceFileIndexData.instances.count,1784814299178000000,1784814359177000000,0
workspaceModel.cachedValue.from.cache.count,1784814299178000000,1784814359177000000,0
workspaceModel.workspaceFileIndexData.init.ms,1784814299178000000,1784814359177000000,0
workspaceModel.on.before.changed.ms,1784814299178000000,1784814359177000000,0
workspaceModel.workspaceFileIndexData.visitFileSets.ms,1784814299178000000,1784814359177000000,0
workspaceModel.updates.ms,1784814299178000000,1784814359177000000,0
workspaceModel.workspaceFileIndexData.getPackageName.ms,1784814299178000000,1784814359177000000,0
FlushQueue.tasksExecuted,1784814299178000000,1784814359177000000,0
FlushQueue.executionTimeAvgNs,1784814299178000000,1784814359177000000,0.0
FlushQueue.queueSizeAvg,1784814299178000000,1784814359177000000,0.0
FlushQueue.executionTime90PNs,1784814299178000000,1784814359177000000,0
AWTEventQueue.dispatchTimeTotalNS,1784814299178000000,1784814359177000000,12273411
AWTEventQueue.dispatchTime90PNs,1784814299178000000,1784814359177000000,0
FlushQueue.queueSizeMax,1784814299178000000,1784814359177000000,0
WriteAction.executionsCount,1784814299178000000,1784814359177000000,0
NonBlockingReadAction.failedExecutionTimeUs,1784814299178000000,1784814359177000000,0
FlushQueue.executionTimeMaxNs,1784814299178000000,1784814359177000000,0
NonBlockingReadAction.finalizedExecutionsCount,1784814299178000000,1784814359177000000,0
FlushQueue.waitingTimeMaxNs,1784814299178000000,1784814359177000000,0
AWTEventQueue.dispatchTimeMaxNs,1784814299178000000,1784814359177000000,0
AWTEventQueue.dispatchTimeAvgNs,1784814299178000000,1784814359177000000,0.0
NonBlockingReadAction.failedExecutionsCount,1784814299178000000,1784814359177000000,0
AWTEventQueue.eventsDispatched,1784814299178000000,1784814359177000000,0
FlushQueue.queueSize90P,1784814299178000000,1784814359177000000,0
NonBlockingReadAction.finalizedExecutionTimeUs,1784814299178000000,1784814359177000000,0
FlushQueue.waitingTimeAvgNs,1784814299178000000,1784814359177000000,0.0
ReadAction.executionsCount,1784814299178000000,1784814359177000000,6393
FlushQueue.waitingTime90PNs,1784814299178000000,1784814359177000000,0
DiskQueryRelay.tasksExecuted,1784814299178000000,1784814359177000000,0
DiskQueryRelay.taskExecutionTotalTimeUs,1784814299178000000,1784814359177000000,0
DiskQueryRelay.tasksRequested,1784814299178000000,1784814359177000000,0
LowMemory.gcOverloaded,1784814299178000000,1784814359177000000,0
writeAction.max.wait.ms,1784814299178000000,1784814359177000000,305
writeAction.count,1784814299178000000,1784814359177000000,0
LowMemory.gcLoad,1784814299178000000,1784814359177000000,9.913474426810003E-6
writeAction.median.wait.ms,1784814299178000000,1784814359177000000,300
DiskQueryRelay.taskWaitingTotalTimeUs,1784814299178000000,1784814359177000000,0
writeAction.wait.ms,1784814299178000000,1784814359177000000,0
compiler.ArtifactVirtualFileListener.filePathChanged.ms,1784814299178000000,1784814359177000000,0
compiler.ArtifactManagerBridge.getArtifactsByType.ms,1784814299178000000,1784814359177000000,0
compiler.ArtifactManagerBridge.addArtifact.ms,1784814299178000000,1784814359177000000,0
compiler.ArtifactManagerBridge.dropMappings.ms,1784814299178000000,1784814359177000000,0
compiler.ArtifactVirtualFileListener.propertyChanged.ms,1784814299178000000,1784814359177000000,0
compiler.ArtifactManagerBridge.commit.ms,1784814299178000000,1784814359177000000,0
compiler.ArtifactManagerBridge.initBridges.ms,1784814299178000000,1784814359177000000,0
compiler.ArtifactManagerBridge.getArtifacts.ms,1784814299178000000,1784814359177000000,0
compiler.ArtifactManagerBridge.findArtifact.ms,1784814299178000000,1784814359177000000,0
VFS.contentStorage.recordsDecompressionTimeUs,1784814299178000000,1784814359177000000,0
VFS.folderCaseSensitivityReads,1784814299178000000,1784814359177000000,0
VFS.fileByIdCache.misses,1784814299178000000,1784814359177000000,0
FileNameCache.queries,1784814299178000000,1784814359177000000,0
VFS.contentStorage.recordsUncompressedSize,1784814299178000000,1784814359177000000,0
VFS.contentStorage.recordsDeduplicated,1784814299178000000,1784814359177000000,0
VFS.contentStorage.recordsReadDecompressed,1784814299178000000,1784814359177000000,0
VFS.cache.filesCreated,1784814299178000000,1784814359177000000,0
VFS.cache.segments,1784814299178000000,1784814359177000000,335.0
VFS.fileChildByName,1784814299178000000,1784814359177000000,0
VFS.contentStorage.recordsStoredSize,1784814299178000000,1784814359177000000,0
VFS.contentStorage.recordsStored,1784814299178000000,1784814359177000000,0
VFS.invertedFileNameIndex.requests,1784814299178000000,1784814359177000000,0
VFS.fileByIdCache.hits,1784814299178000000,1784814359177000000,0
VFS.contentStorage.recordsReadSize,1784814299178000000,1784814359177000000,0
VFS.contentStorage.recordsStoredCompressed,1784814299178000000,1784814359177000000,0
VFS.cache.directoriesCreated,1784814299178000000,1784814359177000000,0
VFS.cache.segmentsCreated,1784814299178000000,1784814359177000000,0
VFS.rootsCount,1784814299178000000,1784814359177000000,336.0
FileNameCache.totalMisses,1784814299178000000,1784814359177000000,0
VFS.contentStorage.recordsRead,1784814299178000000,1784814359177000000,0
Indexes.entries.lookupDuration90PMs,1784814299178000000,1784814359177000000,0.0
Indexes.entries.lookups,1784814299178000000,1784814359177000000,0
Indexes.allKeys.lookupDurationAvgMs,1784814299178000000,1784814359177000000,0.0
Indexing.writer_1.totalTimeSpentWritingMs,1784814299178000000,1784814359177000000,0
Indexes.entries.lookupDurationAvgMs,1784814299178000000,1784814359177000000,0.0
Indexing.cache.totalCacheMisses,1784814299178000000,1784814359177000000,0
Indexes.stubs.lookupDuration90PMs,1784814299178000000,1784814359177000000,0.0
Indexing.writesQueuedMin,1784814299178000000,1784814359177000000,9223372036854775807
Indexing.writesQueuedMax,1784814299178000000,1784814359177000000,0
Indexes.stubs.lookups,1784814299178000000,1784814359177000000,0
Indexing.cache.totalCacheEvicted,1784814299178000000,1784814359177000000,0
Indexes.entries.lookupDurationMaxMs,1784814299178000000,1784814359177000000,0.0
Indexes.allKeys.lookups,1784814299178000000,1784814359177000000,0
Indexing.cache.totalCacheAccesses,1784814299178000000,1784814359177000000,0
Indexing.writer_3.totalTimeSpentWritingMs,1784814299178000000,1784814359177000000,0
Indexes.stubs.lookupDurationMaxMs,1784814299178000000,1784814359177000000,0.0
Indexing.writer_2.totalTimeSpentWritingMs,1784814299178000000,1784814359177000000,0
Indexing.totalTimeIndexersSleptMs,1784814299178000000,1784814359177000000,0
Indexes.stubs.lookupDurationAvgMs,1784814299178000000,1784814359177000000,0.0
Indexes.allKeys.lookupDurationMaxMs,1784814299178000000,1784814359177000000,0.0
Indexing.writer_0.totalTimeSpentWritingMs,1784814299178000000,1784814359177000000,0
Indexes.allKeys.lookupDuration90PMs,1784814299178000000,1784814359177000000,0.0
cacheStateStorage.get.counter,1784814299178000000,1784814359177000000,0
cacheStateStorage.set.duration,1784814299178000000,1784814359177000000,0
cacheStateStorage.set.counter,1784814299178000000,1784814359177000000,0
cacheStateStorage.get.duration,1784814299178000000,1784814359177000000,0
FileChannelInterruptsRetryer.totalRetriedAttempts,1784814299178000000,1784814359177000000,0
FilePageCache.totalPageLoadsUs,1784814299178000000,1784814359177000000,0
StreamlinedBlobStorage.totalLiveRecordsPayloadBytes,1784814299178000000,1784814359177000000,0
MappedFileStorage.totalBytesMapped,1784814299178000000,1784814359177000000,206831616
DirectByteBufferAllocator.totalSizeOfBuffersAllocatedInBytes,1784814299178000000,1784814359177000000,0
DirectByteBufferAllocator.hits,1784814299178000000,1784814359177000000,0
StreamlinedBlobStorage.totalLiveRecordsCapacityBytes,1784814299178000000,1784814359177000000,0
DirectByteBufferAllocator.disposed,1784814299178000000,1784814359177000000,0
FilePageCache.pageFastCacheHits,1784814299178000000,1784814359177000000,0
FilePageCache.pageLoads,1784814299178000000,1784814359177000000,0
StorageLockContext.competingThreads.avg,1784814299178000000,1784814359177000000,0.0
FilePageCache.pageLoadsAboveSizeThreshold,1784814299178000000,1784814359177000000,0
FilePageCache.pageHits,1784814299178000000,1784814359177000000,0
StreamlinedBlobStorage.recordsRelocated,1784814299178000000,1784814359177000000,0
StorageLockContext.competingThreads.max,1784814299178000000,1784814359177000000,0
DirectByteBufferAllocator.reclaimed,1784814299178000000,1784814359177000000,0
FilePageCache.maxRegisteredFiles,1784814299178000000,1784814359177000000,1661
StreamlinedBlobStorage.recordsAllocated,1784814299178000000,1784814359177000000,0
FilePageCache.totalPageDisposalsUs,1784814299178000000,1784814359177000000,0
MappedFileStorage.totalPagesMapped,1784814299178000000,1784814359177000000,17
DirectByteBufferAllocator.misses,1784814299178000000,1784814359177000000,0
StorageLockContext.competingThreads.90P,1784814299178000000,1784814359177000000,0
FilePageCache.uncachedFileAccess,1784814299178000000,1784814359177000000,0
FilePageCache.capacityInBytes,1784814299178000000,1784814359177000000,629145600
FilePageCache.disposedBuffers,1784814299178000000,1784814359177000000,0
FilePageCache.maxCacheSizeInBytes,1784814299178000000,1784814359177000000,629153792
StreamlinedBlobStorage.recordsDeleted,1784814299178000000,1784814359177000000,0
MappedFileStorage.storages,1784814299178000000,1784814359177000000,17
MappedFileStorage.totalTimeSpentOnMappingUs,1784814299178000000,1784814359177000000,10471
DirectByteBufferAllocator.totalSizeOfBuffersCachedInBytes,1784814299178000000,1784814359177000000,41967616
workspaceModel.global.apply.state.to.project.ms,1784814299178000000,1784814359177000000,0
workspaceModel.mutableEntityStorage.apply.changes.from.ms,1784814299178000000,1784814359177000000,0
workspaceModel.moduleManagerBridge.create.module.instance.ms,1784814299178000000,1784814359177000000,0
workspaceModel.mutableEntityStorage.add.entity.ms,1784814299178000000,1784814359177000000,0
workspaceModel.mutableEntityStorage.changeLog.addReplaceEventForRemovedChild.ms,1784814299178000000,1784814359177000000,0
workspaceModel.moduleManagerBridge.load.module.ms,1784814299178000000,1784814359177000000,0
jps.module.dependency.index.workspace.model.listener.on.changed.ms,1784814299178000000,1784814359177000000,0
workspaceModel.mutableEntityStorage.entities.ms,1784814299178000000,1784814359177000000,0
jps.save.global.entities.ms,1784814299178000000,1784814359177000000,0
workspaceModel.global.apply.state.to.project.builder.ms,1784814299178000000,1784814359177000000,0
workspaceModel.do.save.caches.ms,1784814299178000000,1784814359177000000,0
workspaceModel.load.cache.from.file.ms,1784814299178000000,1784814359177000000,0
jps.artifact.entities.serializer.load.entities.ms,1784814299178000000,1784814359177000000,0
jps.global.get.libraries.ms,1784814299178000000,1784814359177000000,0
workspaceModel.mutableEntityStorage.referrers.ms,1784814299178000000,1784814359177000000,0
jps.module.iml.entities.serializer.save.entities.ms,1784814299178000000,1784814359177000000,0
jps.global.handle.changed.events.ms,1784814299178000000,1784814359177000000,0
workspaceModel.delayed.project.synchronizer.sync.ms,1784814299178000000,1784814359177000000,0
workspaceModel.mutableEntityStorage.entities.by.source.ms,1784814299178000000,1784814359177000000,0
workspaceModel.global.updates.count,1784814299178000000,1784814359177000000,0
jps.storage.jps.conf.reader.load.component.ms,1784814299178000000,1784814359177000000,0
workspaceModel.global.updates.ms,1784814299178000000,1784814359177000000,0
workspaceModel.moduleManagerBridge.new.nonPersistent.module.ms,1784814299178000000,1784814359177000000,0
workspaceModel.mutableEntityStorage.has.same.entities.ms,1784814299178000000,1784814359177000000,0
jps.global.initialize.library.bridges.ms,1784814299178000000,1784814359177000000,0
workspaceModel.mutableEntityStorage.replace.by.source.ms,1784814299178000000,1784814359177000000,0
jps.load.initial.state.ms,1784814299178000000,1784814359177000000,0
workspaceModel.mutableEntityStorage.put.entity.ms,1784814299178000000,1784814359177000000,0
jps.global.get.library.ms,1784814299178000000,1784814359177000000,0
workspaceModel.moduleManagerBridge.build.module.graph.ms,1784814299178000000,1784814359177000000,0
workspaceModel.moduleManagerBridge.set.unloadedModules.ms,1784814299178000000,1784814359177000000,0
workspaceModel.mutableEntityStorage.to.snapshot.ms,1784814299178000000,1784814359177000000,0
jps.project.serializers.save.ms,1784814299178000000,1784814359177000000,0
jps.module.iml.entities.serializer.load.entities.ms,1784814299178000000,1784814359177000000,0
workspaceModel.moduleBridge.before.changed.ms,1784814299178000000,1784814359177000000,0
workspaceModel.mutableEntityStorage.changeLog.addReplaceEventForRemovedParent.ms,1784814299178000000,1784814359177000000,0
jps.apply.loaded.storage.ms,1784814299178000000,1784814359177000000,0
jps.app.storage.content.reader.load.component.ms,1784814299178000000,1784814359177000000,0
workspaceModel.mutableEntityStorage.remove.entity.ms,1784814299178000000,1784814359177000000,0
workspaceModel.mutableEntityStorage.resolve.ms,1784814299178000000,1784814359177000000,0
workspaceModel.sync.entities.ms,1784814299178000000,1784814359177000000,0
workspaceModel.mutableEntityStorage.mutable.ext.mapping.ms,1784814299178000000,1784814359177000000,0
workspaceModel.moduleManagerBridge.get.modules.ms,1784814299178000000,1784814359177000000,0
workspaceModel.moduleBridgeLoader.loading.modules.ms,1784814299178000000,1784814359177000000,0
jps.library.entities.serializer.save.entities.ms,1784814299178000000,1784814359177000000,0
jps.facet.change.listener.process.change.events.ms,1784814299178000000,1784814359177000000,0
workspaceModel.mutableEntityStorage.changeLog.addReplaceEventForNewChild.ms,1784814299178000000,1784814359177000000,0
workspaceModel.mutableEntityStorage.hasReferrers.ms,1784814299178000000,1784814359177000000,0
workspaceModel.moduleBridge.facet.initialization.ms,1784814299178000000,1784814359177000000,0
jps.global.handle.before.change.events.ms,1784814299178000000,1784814359177000000,0
jps.global.initialize.library.bridges.after.loading.ms,1784814299178000000,1784814359177000000,0
jps.reload.project.entities.ms,1784814299178000000,1784814359177000000,0
workspaceModel.orphan.listener.update.ms,1784814299178000000,1784814359177000000,0
workspaceModel.mutableEntityStorage.mutable.vfurl.index.ms,1784814299178000000,1784814359177000000,0
jps.project.serializers.load.ms,1784814299178000000,1784814359177000000,0
workspaceModel.load.cache.metadata.from.file.ms,1784814299178000000,1784814359177000000,0
jps.facet.change.listener.init.bridge.ms,1784814299178000000,1784814359177000000,0
jps.library.entities.serializer.load.entities.ms,1784814299178000000,1784814359177000000,0
jps.load.project.to.empty.storage.ms,1784814299178000000,1784814359177000000,0
jps.facet.change.listener.before.change.events.ms,1784814299178000000,1784814359177000000,0
workspaceModel.mutableEntityStorage.instances.count,1784814299178000000,1784814359177000000,0
workspaceModel.moduleBridge.update.option.ms,1784814299178000000,1784814359177000000,0
workspaceModel.mutableEntityStorage.modify.entity.ms,1784814299178000000,1784814359177000000,0
workspaceModel.moduleManagerBridge.load.all.modules.ms,1784814299178000000,1784814359177000000,0
jps.global.get.library.by.name.ms,1784814299178000000,1784814359177000000,0
workspaceModel.mutableEntityStorage.changeLog.addReplaceEventForNewParent.ms,1784814299178000000,1784814359177000000,0
workspaceModel.moduleManagerBridge.newModule.ms,1784814299178000000,1784814359177000000,0
jps.artifact.entities.serializer.save.entities.ms,1784814299178000000,1784814359177000000,0
workspaceModel.save.cache.to.file.ms,1784814299178000000,1784814359177000000,0
jps.save.changed.project.entities.ms,1784814299178000000,1784814359177000000,0
workspaceModel.mutableEntityStorage.collect.changes.ms,1784814299178000000,1784814359177000000,0
JVM.totalTimeAtSafepointsMs,1784814359177000000,1784814419178000000,0
MEM.ramPlusSwapMinusFileMappingsBytes,1784814359177000000,1784814419178000000,1744820200
JVM.maxHeapBytes,1784814359177000000,1784814419178000000,2147483648
JVM.usedNativeBytes,1784814359177000000,1784814419178000000,562662096
MEM.ramMinusFileMappingsBytes,1784814359177000000,1784814419178000000,216498176
JVM.GC.collectionTimesMs,1784814359177000000,1784814419178000000,0
JVM.committedHeapBytes,1784814359177000000,1784814419178000000,696254464
JVM.maxThreadCount,1784814359177000000,1784814419178000000,182
JVM.threadCount,1784814359177000000,1784814419178000000,60
MEM.fileMappingsRamBytes,1784814359177000000,1784814419178000000,252067840
JVM.GC.collections,1784814359177000000,1784814419178000000,0
OS.loadAverage,1784814359177000000,1784814419178000000,4.30517578125
JVM.totalCpuTimeMs,1784814359177000000,1784814419178000000,1011
JVM.totalDirectByteBuffersBytes,1784814359177000000,1784814419178000000,4261896
JVM.totalTimeToSafepointsMs,1784814359177000000,1784814419178000000,0
JVM.totalBytesAllocated,1784814359177000000,1784814419178000000,15251120
JVM.usedHeapBytes,1784814359177000000,1784814419178000000,445505200
JVM.totalSafepointCount,1784814359177000000,1784814419178000000,0
MEM.ramBytes,1784814359177000000,1784814419178000000,468631552
JVM.newThreadsCount,1784814359177000000,1784814419178000000,0
workspaceModel.loading.from.cache.ms,1784814359177000000,1784814419178000000,0
workspaceModel.cachedValueWithParameters.from.cache.count,1784814359177000000,1784814419178000000,0
workspaceModel.workspaceFileIndexData.processFileSets.ms,1784814359177000000,1784814419178000000,0
workspaceModel.cachedValueWithParameters.calculated.count,1784814359177000000,1784814419178000000,0
workspaceModel.workspaceFileIndexData.markDirty.ms,1784814359177000000,1784814419178000000,0
workspaceModel.workspaceFileIndexContributor.registerFileSets.ms,1784814359177000000,1784814419178000000,0
workspaceModel.to.snapshot.ms,1784814359177000000,1784814419178000000,0
workspaceModel.updates.count,1784814359177000000,1784814419178000000,0
workspaceModel.cachedValueWithParameters.clear.count,1784814359177000000,1784814419178000000,0
workspaceModel.cachedValue.total.get.count,1784814359177000000,1784814419178000000,0
workspaceModel.workspaceFileIndexData.onEntitiesChanged.ms,1784814359177000000,1784814419178000000,0
workspaceModel.collect.changes.ms,1784814359177000000,1784814419178000000,0
workspaceModel.pre.handlers.ms,1784814359177000000,1784814419178000000,0
workspaceModel.entityStorageSnapshotImpl.instances.count,1784814359177000000,1784814419178000000,0
workspaceModel.cachedValueWithParameters.total.get.count,1784814359177000000,1784814419178000000,0
workspaceModel.init.bridges.ms,1784814359177000000,1784814419178000000,0
workspaceModel.update.unloaded.entities.ms,1784814359177000000,1784814419178000000,0
workspaceModel.loading.total.ms,1784814359177000000,1784814419178000000,0
workspaceModel.workspaceFileIndexData.updateDirtyEntities.ms,1784814359177000000,1784814419178000000,0
workspaceModel.check.recursive.update.ms,1784814359177000000,1784814419178000000,0
workspaceModel.full.replace.project.model.ms,1784814359177000000,1784814419178000000,0
workspaceModel.initializing.ms,1784814359177000000,1784814419178000000,0
workspaceModel.replace.project.model.ms,1784814359177000000,1784814419178000000,0
workspaceModel.workspaceFileIndexData.getDirectoriesByPackageName.ms,1784814359177000000,1784814419178000000,0
workspaceModel.cachedValue.calculated.count,1784814359177000000,1784814419178000000,0
workspaceModel.updates.precise.ms,1784814359177000000,1784814419178000000,0
workspaceModel.cachedValue.clear.count,1784814359177000000,1784814419178000000,0
workspaceModel.workspaceFileIndexData.getFileInfo.ms,1784814359177000000,1784814419178000000,0
workspaceModel.on.changed.ms,1784814359177000000,1784814419178000000,0
workspaceModel.workspaceFileIndexData.instances.count,1784814359177000000,1784814419178000000,0
workspaceModel.cachedValue.from.cache.count,1784814359177000000,1784814419178000000,0
workspaceModel.workspaceFileIndexData.init.ms,1784814359177000000,1784814419178000000,0
workspaceModel.on.before.changed.ms,1784814359177000000,1784814419178000000,0
workspaceModel.workspaceFileIndexData.visitFileSets.ms,1784814359177000000,1784814419178000000,0
workspaceModel.updates.ms,1784814359177000000,1784814419178000000,0
workspaceModel.workspaceFileIndexData.getPackageName.ms,1784814359177000000,1784814419178000000,0
FlushQueue.tasksExecuted,1784814359177000000,1784814419178000000,0
FlushQueue.executionTimeAvgNs,1784814359177000000,1784814419178000000,0.0
FlushQueue.queueSizeAvg,1784814359177000000,1784814419178000000,0.0
FlushQueue.executionTime90PNs,1784814359177000000,1784814419178000000,0
AWTEventQueue.dispatchTimeTotalNS,1784814359177000000,1784814419178000000,9439457
AWTEventQueue.dispatchTime90PNs,1784814359177000000,1784814419178000000,0
FlushQueue.queueSizeMax,1784814359177000000,1784814419178000000,0
WriteAction.executionsCount,1784814359177000000,1784814419178000000,0
NonBlockingReadAction.failedExecutionTimeUs,1784814359177000000,1784814419178000000,0
FlushQueue.executionTimeMaxNs,1784814359177000000,1784814419178000000,0
NonBlockingReadAction.finalizedExecutionsCount,1784814359177000000,1784814419178000000,0
FlushQueue.waitingTimeMaxNs,1784814359177000000,1784814419178000000,0
AWTEventQueue.dispatchTimeMaxNs,1784814359177000000,1784814419178000000,0
AWTEventQueue.dispatchTimeAvgNs,1784814359177000000,1784814419178000000,0.0
NonBlockingReadAction.failedExecutionsCount,1784814359177000000,1784814419178000000,0
AWTEventQueue.eventsDispatched,1784814359177000000,1784814419178000000,0
FlushQueue.queueSize90P,1784814359177000000,1784814419178000000,0
NonBlockingReadAction.finalizedExecutionTimeUs,1784814359177000000,1784814419178000000,0
FlushQueue.waitingTimeAvgNs,1784814359177000000,1784814419178000000,0.0
ReadAction.executionsCount,1784814359177000000,1784814419178000000,4
FlushQueue.waitingTime90PNs,1784814359177000000,1784814419178000000,0
DiskQueryRelay.tasksExecuted,1784814359177000000,1784814419178000000,0
DiskQueryRelay.taskExecutionTotalTimeUs,1784814359177000000,1784814419178000000,0
DiskQueryRelay.tasksRequested,1784814359177000000,1784814419178000000,0
LowMemory.gcOverloaded,1784814359177000000,1784814419178000000,0
writeAction.max.wait.ms,1784814359177000000,1784814419178000000,305
writeAction.count,1784814359177000000,1784814419178000000,0
LowMemory.gcLoad,1784814359177000000,1784814419178000000,5.0887861738627454E-6
writeAction.median.wait.ms,1784814359177000000,1784814419178000000,300
DiskQueryRelay.taskWaitingTotalTimeUs,1784814359177000000,1784814419178000000,0
writeAction.wait.ms,1784814359177000000,1784814419178000000,0
compiler.ArtifactVirtualFileListener.filePathChanged.ms,1784814359177000000,1784814419178000000,0
compiler.ArtifactManagerBridge.getArtifactsByType.ms,1784814359177000000,1784814419178000000,0
compiler.ArtifactManagerBridge.addArtifact.ms,1784814359177000000,1784814419178000000,0
compiler.ArtifactManagerBridge.dropMappings.ms,1784814359177000000,1784814419178000000,0
compiler.ArtifactVirtualFileListener.propertyChanged.ms,1784814359177000000,1784814419178000000,0
compiler.ArtifactManagerBridge.commit.ms,1784814359177000000,1784814419178000000,0
compiler.ArtifactManagerBridge.initBridges.ms,1784814359177000000,1784814419178000000,0
compiler.ArtifactManagerBridge.getArtifacts.ms,1784814359177000000,1784814419178000000,0
compiler.ArtifactManagerBridge.findArtifact.ms,1784814359177000000,1784814419178000000,0
VFS.contentStorage.recordsDecompressionTimeUs,1784814359177000000,1784814419178000000,0
VFS.folderCaseSensitivityReads,1784814359177000000,1784814419178000000,0
VFS.fileByIdCache.misses,1784814359177000000,1784814419178000000,0
FileNameCache.queries,1784814359177000000,1784814419178000000,0
VFS.contentStorage.recordsUncompressedSize,1784814359177000000,1784814419178000000,0
VFS.contentStorage.recordsDeduplicated,1784814359177000000,1784814419178000000,0
VFS.contentStorage.recordsReadDecompressed,1784814359177000000,1784814419178000000,0
VFS.cache.filesCreated,1784814359177000000,1784814419178000000,0
VFS.cache.segments,1784814359177000000,1784814419178000000,335.0
VFS.fileChildByName,1784814359177000000,1784814419178000000,0
VFS.contentStorage.recordsStoredSize,1784814359177000000,1784814419178000000,0
VFS.contentStorage.recordsStored,1784814359177000000,1784814419178000000,0
VFS.invertedFileNameIndex.requests,1784814359177000000,1784814419178000000,0
VFS.fileByIdCache.hits,1784814359177000000,1784814419178000000,0
VFS.contentStorage.recordsReadSize,1784814359177000000,1784814419178000000,0
VFS.contentStorage.recordsStoredCompressed,1784814359177000000,1784814419178000000,0
VFS.cache.directoriesCreated,1784814359177000000,1784814419178000000,0
VFS.cache.segmentsCreated,1784814359177000000,1784814419178000000,0
VFS.rootsCount,1784814359177000000,1784814419178000000,336.0
FileNameCache.totalMisses,1784814359177000000,1784814419178000000,0
VFS.contentStorage.recordsRead,1784814359177000000,1784814419178000000,0
Indexes.entries.lookupDuration90PMs,1784814359177000000,1784814419178000000,0.0
Indexes.entries.lookups,1784814359177000000,1784814419178000000,0
Indexes.allKeys.lookupDurationAvgMs,1784814359177000000,1784814419178000000,0.0
Indexing.writer_1.totalTimeSpentWritingMs,1784814359177000000,1784814419178000000,0
Indexes.entries.lookupDurationAvgMs,1784814359177000000,1784814419178000000,0.0
Indexing.cache.totalCacheMisses,1784814359177000000,1784814419178000000,0
Indexes.stubs.lookupDuration90PMs,1784814359177000000,1784814419178000000,0.0
Indexing.writesQueuedMin,1784814359177000000,1784814419178000000,9223372036854775807
Indexing.writesQueuedMax,1784814359177000000,1784814419178000000,0
Indexes.stubs.lookups,1784814359177000000,1784814419178000000,0
Indexing.cache.totalCacheEvicted,1784814359177000000,1784814419178000000,0
Indexes.entries.lookupDurationMaxMs,1784814359177000000,1784814419178000000,0.0
Indexes.allKeys.lookups,1784814359177000000,1784814419178000000,0
Indexing.cache.totalCacheAccesses,1784814359177000000,1784814419178000000,0
Indexing.writer_3.totalTimeSpentWritingMs,1784814359177000000,1784814419178000000,0
Indexes.stubs.lookupDurationMaxMs,1784814359177000000,1784814419178000000,0.0
Indexing.writer_2.totalTimeSpentWritingMs,1784814359177000000,1784814419178000000,0
Indexing.totalTimeIndexersSleptMs,1784814359177000000,1784814419178000000,0
Indexes.stubs.lookupDurationAvgMs,1784814359177000000,1784814419178000000,0.0
Indexes.allKeys.lookupDurationMaxMs,1784814359177000000,1784814419178000000,0.0
Indexing.writer_0.totalTimeSpentWritingMs,1784814359177000000,1784814419178000000,0
Indexes.allKeys.lookupDuration90PMs,1784814359177000000,1784814419178000000,0.0
cacheStateStorage.get.counter,1784814359177000000,1784814419178000000,0
cacheStateStorage.set.duration,1784814359177000000,1784814419178000000,0
cacheStateStorage.set.counter,1784814359177000000,1784814419178000000,0
cacheStateStorage.get.duration,1784814359177000000,1784814419178000000,0
FileChannelInterruptsRetryer.totalRetriedAttempts,1784814359177000000,1784814419178000000,0
FilePageCache.totalPageLoadsUs,1784814359177000000,1784814419178000000,0
StreamlinedBlobStorage.totalLiveRecordsPayloadBytes,1784814359177000000,1784814419178000000,0
MappedFileStorage.totalBytesMapped,1784814359177000000,1784814419178000000,206831616
DirectByteBufferAllocator.totalSizeOfBuffersAllocatedInBytes,1784814359177000000,1784814419178000000,0
DirectByteBufferAllocator.hits,1784814359177000000,1784814419178000000,0
StreamlinedBlobStorage.totalLiveRecordsCapacityBytes,1784814359177000000,1784814419178000000,0
DirectByteBufferAllocator.disposed,1784814359177000000,1784814419178000000,0
FilePageCache.pageFastCacheHits,1784814359177000000,1784814419178000000,0
FilePageCache.pageLoads,1784814359177000000,1784814419178000000,0
StorageLockContext.competingThreads.avg,1784814359177000000,1784814419178000000,0.0
FilePageCache.pageLoadsAboveSizeThreshold,1784814359177000000,1784814419178000000,0
FilePageCache.pageHits,1784814359177000000,1784814419178000000,0
StreamlinedBlobStorage.recordsRelocated,1784814359177000000,1784814419178000000,0
StorageLockContext.competingThreads.max,1784814359177000000,1784814419178000000,0
DirectByteBufferAllocator.reclaimed,1784814359177000000,1784814419178000000,0
FilePageCache.maxRegisteredFiles,1784814359177000000,1784814419178000000,1661
StreamlinedBlobStorage.recordsAllocated,1784814359177000000,1784814419178000000,0
FilePageCache.totalPageDisposalsUs,1784814359177000000,1784814419178000000,0
MappedFileStorage.totalPagesMapped,1784814359177000000,1784814419178000000,17
DirectByteBufferAllocator.misses,1784814359177000000,1784814419178000000,0
StorageLockContext.competingThreads.90P,1784814359177000000,1784814419178000000,0
FilePageCache.uncachedFileAccess,1784814359177000000,1784814419178000000,0
FilePageCache.capacityInBytes,1784814359177000000,1784814419178000000,629145600
FilePageCache.disposedBuffers,1784814359177000000,1784814419178000000,0
FilePageCache.maxCacheSizeInBytes,1784814359177000000,1784814419178000000,629153792
StreamlinedBlobStorage.recordsDeleted,1784814359177000000,1784814419178000000,0
MappedFileStorage.storages,1784814359177000000,1784814419178000000,17
MappedFileStorage.totalTimeSpentOnMappingUs,1784814359177000000,1784814419178000000,10471
DirectByteBufferAllocator.totalSizeOfBuffersCachedInBytes,1784814359177000000,1784814419178000000,41967616
workspaceModel.global.apply.state.to.project.ms,1784814359177000000,1784814419178000000,0
workspaceModel.mutableEntityStorage.apply.changes.from.ms,1784814359177000000,1784814419178000000,0
workspaceModel.moduleManagerBridge.create.module.instance.ms,1784814359177000000,1784814419178000000,0
workspaceModel.mutableEntityStorage.add.entity.ms,1784814359177000000,1784814419178000000,0
workspaceModel.mutableEntityStorage.changeLog.addReplaceEventForRemovedChild.ms,1784814359177000000,1784814419178000000,0
workspaceModel.moduleManagerBridge.load.module.ms,1784814359177000000,1784814419178000000,0
jps.module.dependency.index.workspace.model.listener.on.changed.ms,1784814359177000000,1784814419178000000,0
workspaceModel.mutableEntityStorage.entities.ms,1784814359177000000,1784814419178000000,0
jps.save.global.entities.ms,1784814359177000000,1784814419178000000,0
workspaceModel.global.apply.state.to.project.builder.ms,1784814359177000000,1784814419178000000,0
workspaceModel.do.save.caches.ms,1784814359177000000,1784814419178000000,0
workspaceModel.load.cache.from.file.ms,1784814359177000000,1784814419178000000,0
jps.artifact.entities.serializer.load.entities.ms,1784814359177000000,1784814419178000000,0
jps.global.get.libraries.ms,1784814359177000000,1784814419178000000,0
workspaceModel.mutableEntityStorage.referrers.ms,1784814359177000000,1784814419178000000,0
jps.module.iml.entities.serializer.save.entities.ms,1784814359177000000,1784814419178000000,0
jps.global.handle.changed.events.ms,1784814359177000000,1784814419178000000,0
workspaceModel.delayed.project.synchronizer.sync.ms,1784814359177000000,1784814419178000000,0
workspaceModel.mutableEntityStorage.entities.by.source.ms,1784814359177000000,1784814419178000000,0
workspaceModel.global.updates.count,1784814359177000000,1784814419178000000,0
jps.storage.jps.conf.reader.load.component.ms,1784814359177000000,1784814419178000000,0
workspaceModel.global.updates.ms,1784814359177000000,1784814419178000000,0
workspaceModel.moduleManagerBridge.new.nonPersistent.module.ms,1784814359177000000,1784814419178000000,0
workspaceModel.mutableEntityStorage.has.same.entities.ms,1784814359177000000,1784814419178000000,0
jps.global.initialize.library.bridges.ms,1784814359177000000,1784814419178000000,0
workspaceModel.mutableEntityStorage.replace.by.source.ms,1784814359177000000,1784814419178000000,0
jps.load.initial.state.ms,1784814359177000000,1784814419178000000,0
workspaceModel.mutableEntityStorage.put.entity.ms,1784814359177000000,1784814419178000000,0
jps.global.get.library.ms,1784814359177000000,1784814419178000000,0
workspaceModel.moduleManagerBridge.build.module.graph.ms,1784814359177000000,1784814419178000000,0
workspaceModel.moduleManagerBridge.set.unloadedModules.ms,1784814359177000000,1784814419178000000,0
workspaceModel.mutableEntityStorage.to.snapshot.ms,1784814359177000000,1784814419178000000,0
jps.project.serializers.save.ms,1784814359177000000,1784814419178000000,0
jps.module.iml.entities.serializer.load.entities.ms,1784814359177000000,1784814419178000000,0
workspaceModel.moduleBridge.before.changed.ms,1784814359177000000,1784814419178000000,0
workspaceModel.mutableEntityStorage.changeLog.addReplaceEventForRemovedParent.ms,1784814359177000000,1784814419178000000,0
jps.apply.loaded.storage.ms,1784814359177000000,1784814419178000000,0
jps.app.storage.content.reader.load.component.ms,1784814359177000000,1784814419178000000,0
workspaceModel.mutableEntityStorage.remove.entity.ms,1784814359177000000,1784814419178000000,0
workspaceModel.mutableEntityStorage.resolve.ms,1784814359177000000,1784814419178000000,0
workspaceModel.sync.entities.ms,1784814359177000000,1784814419178000000,0
workspaceModel.mutableEntityStorage.mutable.ext.mapping.ms,1784814359177000000,1784814419178000000,0
workspaceModel.moduleManagerBridge.get.modules.ms,1784814359177000000,1784814419178000000,0
workspaceModel.moduleBridgeLoader.loading.modules.ms,1784814359177000000,1784814419178000000,0
jps.library.entities.serializer.save.entities.ms,1784814359177000000,1784814419178000000,0
jps.facet.change.listener.process.change.events.ms,1784814359177000000,1784814419178000000,0
workspaceModel.mutableEntityStorage.changeLog.addReplaceEventForNewChild.ms,1784814359177000000,1784814419178000000,0
workspaceModel.mutableEntityStorage.hasReferrers.ms,1784814359177000000,1784814419178000000,0
workspaceModel.moduleBridge.facet.initialization.ms,1784814359177000000,1784814419178000000,0
jps.global.handle.before.change.events.ms,1784814359177000000,1784814419178000000,0
jps.global.initialize.library.bridges.after.loading.ms,1784814359177000000,1784814419178000000,0
jps.reload.project.entities.ms,1784814359177000000,1784814419178000000,0
workspaceModel.orphan.listener.update.ms,1784814359177000000,1784814419178000000,0
workspaceModel.mutableEntityStorage.mutable.vfurl.index.ms,1784814359177000000,1784814419178000000,0
jps.project.serializers.load.ms,1784814359177000000,1784814419178000000,0
workspaceModel.load.cache.metadata.from.file.ms,1784814359177000000,1784814419178000000,0
jps.facet.change.listener.init.bridge.ms,1784814359177000000,1784814419178000000,0
jps.library.entities.serializer.load.entities.ms,1784814359177000000,1784814419178000000,0
jps.load.project.to.empty.storage.ms,1784814359177000000,1784814419178000000,0
jps.facet.change.listener.before.change.events.ms,1784814359177000000,1784814419178000000,0
workspaceModel.mutableEntityStorage.instances.count,1784814359177000000,1784814419178000000,0
workspaceModel.moduleBridge.update.option.ms,1784814359177000000,1784814419178000000,0
workspaceModel.mutableEntityStorage.modify.entity.ms,1784814359177000000,1784814419178000000,0
workspaceModel.moduleManagerBridge.load.all.modules.ms,1784814359177000000,1784814419178000000,0
jps.global.get.library.by.name.ms,1784814359177000000,1784814419178000000,0
workspaceModel.mutableEntityStorage.changeLog.addReplaceEventForNewParent.ms,1784814359177000000,1784814419178000000,0
workspaceModel.moduleManagerBridge.newModule.ms,1784814359177000000,1784814419178000000,0
jps.artifact.entities.serializer.save.entities.ms,1784814359177000000,1784814419178000000,0
workspaceModel.save.cache.to.file.ms,1784814359177000000,1784814419178000000,0
jps.save.changed.project.entities.ms,1784814359177000000,1784814419178000000,0
workspaceModel.mutableEntityStorage.collect.changes.ms,1784814359177000000,1784814419178000000,0
JVM.totalTimeAtSafepointsMs,1784814419178000000,1784814479180000000,0
MEM.ramPlusSwapMinusFileMappingsBytes,1784814419178000000,1784814479180000000,1748359144
JVM.maxHeapBytes,1784814419178000000,1784814479180000000,2147483648
JVM.usedNativeBytes,1784814419178000000,1784814479180000000,562917032
MEM.ramMinusFileMappingsBytes,1784814419178000000,1784814479180000000,241139712
JVM.GC.collectionTimesMs,1784814419178000000,1784814479180000000,0
JVM.committedHeapBytes,1784814419178000000,1784814479180000000,696254464
JVM.maxThreadCount,1784814419178000000,1784814479180000000,182
JVM.threadCount,1784814419178000000,1784814479180000000,60
MEM.fileMappingsRamBytes,1784814419178000000,1784814479180000000,252084224
JVM.GC.collections,1784814419178000000,1784814479180000000,0
OS.loadAverage,1784814419178000000,1784814479180000000,6.8310546875
JVM.totalCpuTimeMs,1784814419178000000,1784814479180000000,1051
JVM.totalDirectByteBuffersBytes,1784814419178000000,1784814479180000000,4261896
JVM.totalTimeToSafepointsMs,1784814419178000000,1784814479180000000,0
JVM.totalBytesAllocated,1784814419178000000,1784814479180000000,15532544
JVM.usedHeapBytes,1784814419178000000,1784814479180000000,461233840
JVM.totalSafepointCount,1784814419178000000,1784814479180000000,0
MEM.ramBytes,1784814419178000000,1784814479180000000,504250368
JVM.newThreadsCount,1784814419178000000,1784814479180000000,0
workspaceModel.loading.from.cache.ms,1784814419178000000,1784814479180000000,0
workspaceModel.cachedValueWithParameters.from.cache.count,1784814419178000000,1784814479180000000,0
workspaceModel.workspaceFileIndexData.processFileSets.ms,1784814419178000000,1784814479180000000,0
workspaceModel.cachedValueWithParameters.calculated.count,1784814419178000000,1784814479180000000,0
workspaceModel.workspaceFileIndexData.markDirty.ms,1784814419178000000,1784814479180000000,0
workspaceModel.workspaceFileIndexContributor.registerFileSets.ms,1784814419178000000,1784814479180000000,0
workspaceModel.to.snapshot.ms,1784814419178000000,1784814479180000000,0
workspaceModel.updates.count,1784814419178000000,1784814479180000000,0
workspaceModel.cachedValueWithParameters.clear.count,1784814419178000000,1784814479180000000,0
workspaceModel.cachedValue.total.get.count,1784814419178000000,1784814479180000000,0
workspaceModel.workspaceFileIndexData.onEntitiesChanged.ms,1784814419178000000,1784814479180000000,0
workspaceModel.collect.changes.ms,1784814419178000000,1784814479180000000,0
workspaceModel.pre.handlers.ms,1784814419178000000,1784814479180000000,0
workspaceModel.entityStorageSnapshotImpl.instances.count,1784814419178000000,1784814479180000000,0
workspaceModel.cachedValueWithParameters.total.get.count,1784814419178000000,1784814479180000000,0
workspaceModel.init.bridges.ms,1784814419178000000,1784814479180000000,0
workspaceModel.update.unloaded.entities.ms,1784814419178000000,1784814479180000000,0
workspaceModel.loading.total.ms,1784814419178000000,1784814479180000000,0
workspaceModel.workspaceFileIndexData.updateDirtyEntities.ms,1784814419178000000,1784814479180000000,0
workspaceModel.check.recursive.update.ms,1784814419178000000,1784814479180000000,0
workspaceModel.full.replace.project.model.ms,1784814419178000000,1784814479180000000,0
workspaceModel.initializing.ms,1784814419178000000,1784814479180000000,0
workspaceModel.replace.project.model.ms,1784814419178000000,1784814479180000000,0
workspaceModel.workspaceFileIndexData.getDirectoriesByPackageName.ms,1784814419178000000,1784814479180000000,0
workspaceModel.cachedValue.calculated.count,1784814419178000000,1784814479180000000,0
workspaceModel.updates.precise.ms,1784814419178000000,1784814479180000000,0
workspaceModel.cachedValue.clear.count,1784814419178000000,1784814479180000000,0
workspaceModel.workspaceFileIndexData.getFileInfo.ms,1784814419178000000,1784814479180000000,0
workspaceModel.on.changed.ms,1784814419178000000,1784814479180000000,0
workspaceModel.workspaceFileIndexData.instances.count,1784814419178000000,1784814479180000000,0
workspaceModel.cachedValue.from.cache.count,1784814419178000000,1784814479180000000,0
workspaceModel.workspaceFileIndexData.init.ms,1784814419178000000,1784814479180000000,0
workspaceModel.on.before.changed.ms,1784814419178000000,1784814479180000000,0
workspaceModel.workspaceFileIndexData.visitFileSets.ms,1784814419178000000,1784814479180000000,0
workspaceModel.updates.ms,1784814419178000000,1784814479180000000,0
workspaceModel.workspaceFileIndexData.getPackageName.ms,1784814419178000000,1784814479180000000,0
FlushQueue.tasksExecuted,1784814419178000000,1784814479180000000,0
FlushQueue.executionTimeAvgNs,1784814419178000000,1784814479180000000,0.0
FlushQueue.queueSizeAvg,1784814419178000000,1784814479180000000,0.0
FlushQueue.executionTime90PNs,1784814419178000000,1784814479180000000,0
AWTEventQueue.dispatchTimeTotalNS,1784814419178000000,1784814479180000000,9304460
AWTEventQueue.dispatchTime90PNs,1784814419178000000,1784814479180000000,0
FlushQueue.queueSizeMax,1784814419178000000,1784814479180000000,0
WriteAction.executionsCount,1784814419178000000,1784814479180000000,0
NonBlockingReadAction.failedExecutionTimeUs,1784814419178000000,1784814479180000000,0
FlushQueue.executionTimeMaxNs,1784814419178000000,1784814479180000000,0
NonBlockingReadAction.finalizedExecutionsCount,1784814419178000000,1784814479180000000,0
FlushQueue.waitingTimeMaxNs,1784814419178000000,1784814479180000000,0
AWTEventQueue.dispatchTimeMaxNs,1784814419178000000,1784814479180000000,0
AWTEventQueue.dispatchTimeAvgNs,1784814419178000000,1784814479180000000,0.0
NonBlockingReadAction.failedExecutionsCount,1784814419178000000,1784814479180000000,0
AWTEventQueue.eventsDispatched,1784814419178000000,1784814479180000000,0
FlushQueue.queueSize90P,1784814419178000000,1784814479180000000,0
NonBlockingReadAction.finalizedExecutionTimeUs,1784814419178000000,1784814479180000000,0
FlushQueue.waitingTimeAvgNs,1784814419178000000,1784814479180000000,0.0
ReadAction.executionsCount,1784814419178000000,1784814479180000000,4
FlushQueue.waitingTime90PNs,1784814419178000000,1784814479180000000,0
DiskQueryRelay.tasksExecuted,1784814419178000000,1784814479180000000,0
DiskQueryRelay.taskExecutionTotalTimeUs,1784814419178000000,1784814479180000000,0
DiskQueryRelay.tasksRequested,1784814419178000000,1784814479180000000,0
LowMemory.gcOverloaded,1784814419178000000,1784814479180000000,0
writeAction.max.wait.ms,1784814419178000000,1784814479180000000,305
writeAction.count,1784814419178000000,1784814479180000000,0
LowMemory.gcLoad,1784814419178000000,1784814479180000000,2.6122635530424433E-6
writeAction.median.wait.ms,1784814419178000000,1784814479180000000,300
DiskQueryRelay.taskWaitingTotalTimeUs,1784814419178000000,1784814479180000000,0
writeAction.wait.ms,1784814419178000000,1784814479180000000,0
compiler.ArtifactVirtualFileListener.filePathChanged.ms,1784814419178000000,1784814479180000000,0
compiler.ArtifactManagerBridge.getArtifactsByType.ms,1784814419178000000,1784814479180000000,0
compiler.ArtifactManagerBridge.addArtifact.ms,1784814419178000000,1784814479180000000,0
compiler.ArtifactManagerBridge.dropMappings.ms,1784814419178000000,1784814479180000000,0
compiler.ArtifactVirtualFileListener.propertyChanged.ms,1784814419178000000,1784814479180000000,0
compiler.ArtifactManagerBridge.commit.ms,1784814419178000000,1784814479180000000,0
compiler.ArtifactManagerBridge.initBridges.ms,1784814419178000000,1784814479180000000,0
compiler.ArtifactManagerBridge.getArtifacts.ms,1784814419178000000,1784814479180000000,0
compiler.ArtifactManagerBridge.findArtifact.ms,1784814419178000000,1784814479180000000,0
VFS.contentStorage.recordsDecompressionTimeUs,1784814419178000000,1784814479180000000,0
VFS.folderCaseSensitivityReads,1784814419178000000,1784814479180000000,0
VFS.fileByIdCache.misses,1784814419178000000,1784814479180000000,0
FileNameCache.queries,1784814419178000000,1784814479180000000,0
VFS.contentStorage.recordsUncompressedSize,1784814419178000000,1784814479180000000,0
VFS.contentStorage.recordsDeduplicated,1784814419178000000,1784814479180000000,0
VFS.contentStorage.recordsReadDecompressed,1784814419178000000,1784814479180000000,0
VFS.cache.filesCreated,1784814419178000000,1784814479180000000,0
VFS.cache.segments,1784814419178000000,1784814479180000000,335.0
VFS.fileChildByName,1784814419178000000,1784814479180000000,0
VFS.contentStorage.recordsStoredSize,1784814419178000000,1784814479180000000,0
VFS.contentStorage.recordsStored,1784814419178000000,1784814479180000000,0
VFS.invertedFileNameIndex.requests,1784814419178000000,1784814479180000000,0
VFS.fileByIdCache.hits,1784814419178000000,1784814479180000000,0
VFS.contentStorage.recordsReadSize,1784814419178000000,1784814479180000000,0
VFS.contentStorage.recordsStoredCompressed,1784814419178000000,1784814479180000000,0
VFS.cache.directoriesCreated,1784814419178000000,1784814479180000000,0
VFS.cache.segmentsCreated,1784814419178000000,1784814479180000000,0
VFS.rootsCount,1784814419178000000,1784814479180000000,336.0
FileNameCache.totalMisses,1784814419178000000,1784814479180000000,0
VFS.contentStorage.recordsRead,1784814419178000000,1784814479180000000,0
Indexes.entries.lookupDuration90PMs,1784814419178000000,1784814479180000000,0.0
Indexes.entries.lookups,1784814419178000000,1784814479180000000,0
Indexes.allKeys.lookupDurationAvgMs,1784814419178000000,1784814479180000000,0.0
Indexing.writer_1.totalTimeSpentWritingMs,1784814419178000000,1784814479180000000,0
Indexes.entries.lookupDurationAvgMs,1784814419178000000,1784814479180000000,0.0
Indexing.cache.totalCacheMisses,1784814419178000000,1784814479180000000,0
Indexes.stubs.lookupDuration90PMs,1784814419178000000,1784814479180000000,0.0
Indexing.writesQueuedMin,1784814419178000000,1784814479180000000,9223372036854775807
Indexing.writesQueuedMax,1784814419178000000,1784814479180000000,0
Indexes.stubs.lookups,1784814419178000000,1784814479180000000,0
Indexing.cache.totalCacheEvicted,1784814419178000000,1784814479180000000,0
Indexes.entries.lookupDurationMaxMs,1784814419178000000,1784814479180000000,0.0
Indexes.allKeys.lookups,1784814419178000000,1784814479180000000,0
Indexing.cache.totalCacheAccesses,1784814419178000000,1784814479180000000,0
Indexing.writer_3.totalTimeSpentWritingMs,1784814419178000000,1784814479180000000,0
Indexes.stubs.lookupDurationMaxMs,1784814419178000000,1784814479180000000,0.0
Indexing.writer_2.totalTimeSpentWritingMs,1784814419178000000,1784814479180000000,0
Indexing.totalTimeIndexersSleptMs,1784814419178000000,1784814479180000000,0
Indexes.stubs.lookupDurationAvgMs,1784814419178000000,1784814479180000000,0.0
Indexes.allKeys.lookupDurationMaxMs,1784814419178000000,1784814479180000000,0.0
Indexing.writer_0.totalTimeSpentWritingMs,1784814419178000000,1784814479180000000,0
Indexes.allKeys.lookupDuration90PMs,1784814419178000000,1784814479180000000,0.0
cacheStateStorage.get.counter,1784814419178000000,1784814479180000000,0
cacheStateStorage.set.duration,1784814419178000000,1784814479180000000,0
cacheStateStorage.set.counter,1784814419178000000,1784814479180000000,0
cacheStateStorage.get.duration,1784814419178000000,1784814479180000000,0
FileChannelInterruptsRetryer.totalRetriedAttempts,1784814419178000000,1784814479180000000,0
FilePageCache.totalPageLoadsUs,1784814419178000000,1784814479180000000,0
StreamlinedBlobStorage.totalLiveRecordsPayloadBytes,1784814419178000000,1784814479180000000,0
MappedFileStorage.totalBytesMapped,1784814419178000000,1784814479180000000,206831616
DirectByteBufferAllocator.totalSizeOfBuffersAllocatedInBytes,1784814419178000000,1784814479180000000,0
DirectByteBufferAllocator.hits,1784814419178000000,1784814479180000000,0
StreamlinedBlobStorage.totalLiveRecordsCapacityBytes,1784814419178000000,1784814479180000000,0
DirectByteBufferAllocator.disposed,1784814419178000000,1784814479180000000,0
FilePageCache.pageFastCacheHits,1784814419178000000,1784814479180000000,0
FilePageCache.pageLoads,1784814419178000000,1784814479180000000,0
StorageLockContext.competingThreads.avg,1784814419178000000,1784814479180000000,0.0
FilePageCache.pageLoadsAboveSizeThreshold,1784814419178000000,1784814479180000000,0
FilePageCache.pageHits,1784814419178000000,1784814479180000000,0
StreamlinedBlobStorage.recordsRelocated,1784814419178000000,1784814479180000000,0
StorageLockContext.competingThreads.max,1784814419178000000,1784814479180000000,0
DirectByteBufferAllocator.reclaimed,1784814419178000000,1784814479180000000,0
FilePageCache.maxRegisteredFiles,1784814419178000000,1784814479180000000,1661
StreamlinedBlobStorage.recordsAllocated,1784814419178000000,1784814479180000000,0
FilePageCache.totalPageDisposalsUs,1784814419178000000,1784814479180000000,0
MappedFileStorage.totalPagesMapped,1784814419178000000,1784814479180000000,17
DirectByteBufferAllocator.misses,1784814419178000000,1784814479180000000,0
StorageLockContext.competingThreads.90P,1784814419178000000,1784814479180000000,0
FilePageCache.uncachedFileAccess,1784814419178000000,1784814479180000000,0
FilePageCache.capacityInBytes,1784814419178000000,1784814479180000000,629145600
FilePageCache.disposedBuffers,1784814419178000000,1784814479180000000,0
FilePageCache.maxCacheSizeInBytes,1784814419178000000,1784814479180000000,629153792
StreamlinedBlobStorage.recordsDeleted,1784814419178000000,1784814479180000000,0
MappedFileStorage.storages,1784814419178000000,1784814479180000000,17
MappedFileStorage.totalTimeSpentOnMappingUs,1784814419178000000,1784814479180000000,10471
DirectByteBufferAllocator.totalSizeOfBuffersCachedInBytes,1784814419178000000,1784814479180000000,41967616
workspaceModel.global.apply.state.to.project.ms,1784814419178000000,1784814479180000000,0
workspaceModel.mutableEntityStorage.apply.changes.from.ms,1784814419178000000,1784814479180000000,0
workspaceModel.moduleManagerBridge.create.module.instance.ms,1784814419178000000,1784814479180000000,0
workspaceModel.mutableEntityStorage.add.entity.ms,1784814419178000000,1784814479180000000,0
workspaceModel.mutableEntityStorage.changeLog.addReplaceEventForRemovedChild.ms,1784814419178000000,1784814479180000000,0
workspaceModel.moduleManagerBridge.load.module.ms,1784814419178000000,1784814479180000000,0
jps.module.dependency.index.workspace.model.listener.on.changed.ms,1784814419178000000,1784814479180000000,0
workspaceModel.mutableEntityStorage.entities.ms,1784814419178000000,1784814479180000000,0
jps.save.global.entities.ms,1784814419178000000,1784814479180000000,0
workspaceModel.global.apply.state.to.project.builder.ms,1784814419178000000,1784814479180000000,0
workspaceModel.do.save.caches.ms,1784814419178000000,1784814479180000000,0
workspaceModel.load.cache.from.file.ms,1784814419178000000,1784814479180000000,0
jps.artifact.entities.serializer.load.entities.ms,1784814419178000000,1784814479180000000,0
jps.global.get.libraries.ms,1784814419178000000,1784814479180000000,0
workspaceModel.mutableEntityStorage.referrers.ms,1784814419178000000,1784814479180000000,0
jps.module.iml.entities.serializer.save.entities.ms,1784814419178000000,1784814479180000000,0
jps.global.handle.changed.events.ms,1784814419178000000,1784814479180000000,0
workspaceModel.delayed.project.synchronizer.sync.ms,1784814419178000000,1784814479180000000,0
workspaceModel.mutableEntityStorage.entities.by.source.ms,1784814419178000000,1784814479180000000,0
workspaceModel.global.updates.count,1784814419178000000,1784814479180000000,0
jps.storage.jps.conf.reader.load.component.ms,1784814419178000000,1784814479180000000,0
workspaceModel.global.updates.ms,1784814419178000000,1784814479180000000,0
workspaceModel.moduleManagerBridge.new.nonPersistent.module.ms,1784814419178000000,1784814479180000000,0
workspaceModel.mutableEntityStorage.has.same.entities.ms,1784814419178000000,1784814479180000000,0
jps.global.initialize.library.bridges.ms,1784814419178000000,1784814479180000000,0
workspaceModel.mutableEntityStorage.replace.by.source.ms,1784814419178000000,1784814479180000000,0
jps.load.initial.state.ms,1784814419178000000,1784814479180000000,0
workspaceModel.mutableEntityStorage.put.entity.ms,1784814419178000000,1784814479180000000,0
jps.global.get.library.ms,1784814419178000000,1784814479180000000,0
workspaceModel.moduleManagerBridge.build.module.graph.ms,1784814419178000000,1784814479180000000,0
workspaceModel.moduleManagerBridge.set.unloadedModules.ms,1784814419178000000,1784814479180000000,0
workspaceModel.mutableEntityStorage.to.snapshot.ms,1784814419178000000,1784814479180000000,0
jps.project.serializers.save.ms,1784814419178000000,1784814479180000000,0
jps.module.iml.entities.serializer.load.entities.ms,1784814419178000000,1784814479180000000,0
workspaceModel.moduleBridge.before.changed.ms,1784814419178000000,1784814479180000000,0
workspaceModel.mutableEntityStorage.changeLog.addReplaceEventForRemovedParent.ms,1784814419178000000,1784814479180000000,0
jps.apply.loaded.storage.ms,1784814419178000000,1784814479180000000,0
jps.app.storage.content.reader.load.component.ms,1784814419178000000,1784814479180000000,0
workspaceModel.mutableEntityStorage.remove.entity.ms,1784814419178000000,1784814479180000000,0
workspaceModel.mutableEntityStorage.resolve.ms,1784814419178000000,1784814479180000000,0
workspaceModel.sync.entities.ms,1784814419178000000,1784814479180000000,0
workspaceModel.mutableEntityStorage.mutable.ext.mapping.ms,1784814419178000000,1784814479180000000,0
workspaceModel.moduleManagerBridge.get.modules.ms,1784814419178000000,1784814479180000000,0
workspaceModel.moduleBridgeLoader.loading.modules.ms,1784814419178000000,1784814479180000000,0
jps.library.entities.serializer.save.entities.ms,1784814419178000000,1784814479180000000,0
jps.facet.change.listener.process.change.events.ms,1784814419178000000,1784814479180000000,0
workspaceModel.mutableEntityStorage.changeLog.addReplaceEventForNewChild.ms,1784814419178000000,1784814479180000000,0
workspaceModel.mutableEntityStorage.hasReferrers.ms,1784814419178000000,1784814479180000000,0
workspaceModel.moduleBridge.facet.initialization.ms,1784814419178000000,1784814479180000000,0
jps.global.handle.before.change.events.ms,1784814419178000000,1784814479180000000,0
jps.global.initialize.library.bridges.after.loading.ms,1784814419178000000,1784814479180000000,0
jps.reload.project.entities.ms,1784814419178000000,1784814479180000000,0
workspaceModel.orphan.listener.update.ms,1784814419178000000,1784814479180000000,0
workspaceModel.mutableEntityStorage.mutable.vfurl.index.ms,1784814419178000000,1784814479180000000,0
jps.project.serializers.load.ms,1784814419178000000,1784814479180000000,0
workspaceModel.load.cache.metadata.from.file.ms,1784814419178000000,1784814479180000000,0
jps.facet.change.listener.init.bridge.ms,1784814419178000000,1784814479180000000,0
jps.library.entities.serializer.load.entities.ms,1784814419178000000,1784814479180000000,0
jps.load.project.to.empty.storage.ms,1784814419178000000,1784814479180000000,0
jps.facet.change.listener.before.change.events.ms,1784814419178000000,1784814479180000000,0
workspaceModel.mutableEntityStorage.instances.count,1784814419178000000,1784814479180000000,0
workspaceModel.moduleBridge.update.option.ms,1784814419178000000,1784814479180000000,0
workspaceModel.mutableEntityStorage.modify.entity.ms,1784814419178000000,1784814479180000000,0
workspaceModel.moduleManagerBridge.load.all.modules.ms,1784814419178000000,1784814479180000000,0
jps.global.get.library.by.name.ms,1784814419178000000,1784814479180000000,0
workspaceModel.mutableEntityStorage.changeLog.addReplaceEventForNewParent.ms,1784814419178000000,1784814479180000000,0
workspaceModel.moduleManagerBridge.newModule.ms,1784814419178000000,1784814479180000000,0
jps.artifact.entities.serializer.save.entities.ms,1784814419178000000,1784814479180000000,0
workspaceModel.save.cache.to.file.ms,1784814419178000000,1784814479180000000,0
jps.save.changed.project.entities.ms,1784814419178000000,1784814479180000000,0
workspaceModel.mutableEntityStorage.collect.changes.ms,1784814419178000000,1784814479180000000,0
JVM.totalTimeAtSafepointsMs,1784814479180000000,1784814539177000000,0
MEM.ramPlusSwapMinusFileMappingsBytes,1784814479180000000,1784814539177000000,1748342760
JVM.maxHeapBytes,1784814479180000000,1784814539177000000,2147483648
JVM.usedNativeBytes,1784814479180000000,1784814539177000000,563325728
MEM.ramMinusFileMappingsBytes,1784814479180000000,1784814539177000000,189693952
JVM.GC.collectionTimesMs,1784814479180000000,1784814539177000000,0
JVM.committedHeapBytes,1784814479180000000,1784814539177000000,696254464
JVM.maxThreadCount,1784814479180000000,1784814539177000000,182
JVM.threadCount,1784814479180000000,1784814539177000000,60
MEM.fileMappingsRamBytes,1784814479180000000,1784814539177000000,244793344
JVM.GC.collections,1784814479180000000,1784814539177000000,0
OS.loadAverage,1784814479180000000,1784814539177000000,4.244140625
JVM.totalCpuTimeMs,1784814479180000000,1784814539177000000,948
JVM.totalDirectByteBuffersBytes,1784814479180000000,1784814539177000000,4261896
JVM.totalTimeToSafepointsMs,1784814479180000000,1784814539177000000,0
JVM.totalBytesAllocated,1784814479180000000,1784814539177000000,15133064
JVM.usedHeapBytes,1784814479180000000,1784814539177000000,476962480
JVM.totalSafepointCount,1784814479180000000,1784814539177000000,0
MEM.ramBytes,1784814479180000000,1784814539177000000,434487296
JVM.newThreadsCount,1784814479180000000,1784814539177000000,0
workspaceModel.loading.from.cache.ms,1784814479180000000,1784814539177000000,0
workspaceModel.cachedValueWithParameters.from.cache.count,1784814479180000000,1784814539177000000,0
workspaceModel.workspaceFileIndexData.processFileSets.ms,1784814479180000000,1784814539177000000,0
workspaceModel.cachedValueWithParameters.calculated.count,1784814479180000000,1784814539177000000,0
workspaceModel.workspaceFileIndexData.markDirty.ms,1784814479180000000,1784814539177000000,0
workspaceModel.workspaceFileIndexContributor.registerFileSets.ms,1784814479180000000,1784814539177000000,0
workspaceModel.to.snapshot.ms,1784814479180000000,1784814539177000000,0
workspaceModel.updates.count,1784814479180000000,1784814539177000000,0
workspaceModel.cachedValueWithParameters.clear.count,1784814479180000000,1784814539177000000,0
workspaceModel.cachedValue.total.get.count,1784814479180000000,1784814539177000000,0
workspaceModel.workspaceFileIndexData.onEntitiesChanged.ms,1784814479180000000,1784814539177000000,0
workspaceModel.collect.changes.ms,1784814479180000000,1784814539177000000,0
workspaceModel.pre.handlers.ms,1784814479180000000,1784814539177000000,0
workspaceModel.entityStorageSnapshotImpl.instances.count,1784814479180000000,1784814539177000000,0
workspaceModel.cachedValueWithParameters.total.get.count,1784814479180000000,1784814539177000000,0
workspaceModel.init.bridges.ms,1784814479180000000,1784814539177000000,0
workspaceModel.update.unloaded.entities.ms,1784814479180000000,1784814539177000000,0
workspaceModel.loading.total.ms,1784814479180000000,1784814539177000000,0
workspaceModel.workspaceFileIndexData.updateDirtyEntities.ms,1784814479180000000,1784814539177000000,0
workspaceModel.check.recursive.update.ms,1784814479180000000,1784814539177000000,0
workspaceModel.full.replace.project.model.ms,1784814479180000000,1784814539177000000,0
workspaceModel.initializing.ms,1784814479180000000,1784814539177000000,0
workspaceModel.replace.project.model.ms,1784814479180000000,1784814539177000000,0
workspaceModel.workspaceFileIndexData.getDirectoriesByPackageName.ms,1784814479180000000,1784814539177000000,0
workspaceModel.cachedValue.calculated.count,1784814479180000000,1784814539177000000,0
workspaceModel.updates.precise.ms,1784814479180000000,1784814539177000000,0
workspaceModel.cachedValue.clear.count,1784814479180000000,1784814539177000000,0
workspaceModel.workspaceFileIndexData.getFileInfo.ms,1784814479180000000,1784814539177000000,0
workspaceModel.on.changed.ms,1784814479180000000,1784814539177000000,0
workspaceModel.workspaceFileIndexData.instances.count,1784814479180000000,1784814539177000000,0
workspaceModel.cachedValue.from.cache.count,1784814479180000000,1784814539177000000,0
workspaceModel.workspaceFileIndexData.init.ms,1784814479180000000,1784814539177000000,0
workspaceModel.on.before.changed.ms,1784814479180000000,1784814539177000000,0
workspaceModel.workspaceFileIndexData.visitFileSets.ms,1784814479180000000,1784814539177000000,0
workspaceModel.updates.ms,1784814479180000000,1784814539177000000,0
workspaceModel.workspaceFileIndexData.getPackageName.ms,1784814479180000000,1784814539177000000,0
FlushQueue.tasksExecuted,1784814479180000000,1784814539177000000,0
FlushQueue.executionTimeAvgNs,1784814479180000000,1784814539177000000,0.0
FlushQueue.queueSizeAvg,1784814479180000000,1784814539177000000,0.0
FlushQueue.executionTime90PNs,1784814479180000000,1784814539177000000,0
AWTEventQueue.dispatchTimeTotalNS,1784814479180000000,1784814539177000000,15869545
AWTEventQueue.dispatchTime90PNs,1784814479180000000,1784814539177000000,0
FlushQueue.queueSizeMax,1784814479180000000,1784814539177000000,0
WriteAction.executionsCount,1784814479180000000,1784814539177000000,0
NonBlockingReadAction.failedExecutionTimeUs,1784814479180000000,1784814539177000000,0
FlushQueue.executionTimeMaxNs,1784814479180000000,1784814539177000000,0
NonBlockingReadAction.finalizedExecutionsCount,1784814479180000000,1784814539177000000,0
FlushQueue.waitingTimeMaxNs,1784814479180000000,1784814539177000000,0
AWTEventQueue.dispatchTimeMaxNs,1784814479180000000,1784814539177000000,0
AWTEventQueue.dispatchTimeAvgNs,1784814479180000000,1784814539177000000,0.0
NonBlockingReadAction.failedExecutionsCount,1784814479180000000,1784814539177000000,0
AWTEventQueue.eventsDispatched,1784814479180000000,1784814539177000000,0
FlushQueue.queueSize90P,1784814479180000000,1784814539177000000,0
NonBlockingReadAction.finalizedExecutionTimeUs,1784814479180000000,1784814539177000000,0
FlushQueue.waitingTimeAvgNs,1784814479180000000,1784814539177000000,0.0
ReadAction.executionsCount,1784814479180000000,1784814539177000000,4
FlushQueue.waitingTime90PNs,1784814479180000000,1784814539177000000,0
DiskQueryRelay.tasksExecuted,1784814479180000000,1784814539177000000,0
DiskQueryRelay.taskExecutionTotalTimeUs,1784814479180000000,1784814539177000000,0
DiskQueryRelay.tasksRequested,1784814479180000000,1784814539177000000,0
LowMemory.gcOverloaded,1784814479180000000,1784814539177000000,0
writeAction.max.wait.ms,1784814479180000000,1784814539177000000,305
writeAction.count,1784814479180000000,1784814539177000000,0
LowMemory.gcLoad,1784814479180000000,1784814539177000000,1.3408381251370259E-6
writeAction.median.wait.ms,1784814479180000000,1784814539177000000,300
DiskQueryRelay.taskWaitingTotalTimeUs,1784814479180000000,1784814539177000000,0
writeAction.wait.ms,1784814479180000000,1784814539177000000,0
compiler.ArtifactVirtualFileListener.filePathChanged.ms,1784814479180000000,1784814539177000000,0
compiler.ArtifactManagerBridge.getArtifactsByType.ms,1784814479180000000,1784814539177000000,0
compiler.ArtifactManagerBridge.addArtifact.ms,1784814479180000000,1784814539177000000,0
compiler.ArtifactManagerBridge.dropMappings.ms,1784814479180000000,1784814539177000000,0
compiler.ArtifactVirtualFileListener.propertyChanged.ms,1784814479180000000,1784814539177000000,0
compiler.ArtifactManagerBridge.commit.ms,1784814479180000000,1784814539177000000,0
compiler.ArtifactManagerBridge.initBridges.ms,1784814479180000000,1784814539177000000,0
compiler.ArtifactManagerBridge.getArtifacts.ms,1784814479180000000,1784814539177000000,0
compiler.ArtifactManagerBridge.findArtifact.ms,1784814479180000000,1784814539177000000,0
VFS.contentStorage.recordsDecompressionTimeUs,1784814479180000000,1784814539177000000,0
VFS.folderCaseSensitivityReads,1784814479180000000,1784814539177000000,0
VFS.fileByIdCache.misses,1784814479180000000,1784814539177000000,0
FileNameCache.queries,1784814479180000000,1784814539177000000,0
VFS.contentStorage.recordsUncompressedSize,1784814479180000000,1784814539177000000,0
VFS.contentStorage.recordsDeduplicated,1784814479180000000,1784814539177000000,0
VFS.contentStorage.recordsReadDecompressed,1784814479180000000,1784814539177000000,0
VFS.cache.filesCreated,1784814479180000000,1784814539177000000,0
VFS.cache.segments,1784814479180000000,1784814539177000000,335.0
VFS.fileChildByName,1784814479180000000,1784814539177000000,0
VFS.contentStorage.recordsStoredSize,1784814479180000000,1784814539177000000,0
VFS.contentStorage.recordsStored,1784814479180000000,1784814539177000000,0
VFS.invertedFileNameIndex.requests,1784814479180000000,1784814539177000000,0
VFS.fileByIdCache.hits,1784814479180000000,1784814539177000000,0
VFS.contentStorage.recordsReadSize,1784814479180000000,1784814539177000000,0
VFS.contentStorage.recordsStoredCompressed,1784814479180000000,1784814539177000000,0
VFS.cache.directoriesCreated,1784814479180000000,1784814539177000000,0
VFS.cache.segmentsCreated,1784814479180000000,1784814539177000000,0
VFS.rootsCount,1784814479180000000,1784814539177000000,336.0
FileNameCache.totalMisses,1784814479180000000,1784814539177000000,0
VFS.contentStorage.recordsRead,1784814479180000000,1784814539177000000,0
Indexes.entries.lookupDuration90PMs,1784814479180000000,1784814539177000000,0.0
Indexes.entries.lookups,1784814479180000000,1784814539177000000,0
Indexes.allKeys.lookupDurationAvgMs,1784814479180000000,1784814539177000000,0.0
Indexing.writer_1.totalTimeSpentWritingMs,1784814479180000000,1784814539177000000,0
Indexes.entries.lookupDurationAvgMs,1784814479180000000,1784814539177000000,0.0
Indexing.cache.totalCacheMisses,1784814479180000000,1784814539177000000,0
Indexes.stubs.lookupDuration90PMs,1784814479180000000,1784814539177000000,0.0
Indexing.writesQueuedMin,1784814479180000000,1784814539177000000,9223372036854775807
Indexing.writesQueuedMax,1784814479180000000,1784814539177000000,0
Indexes.stubs.lookups,1784814479180000000,1784814539177000000,0
Indexing.cache.totalCacheEvicted,1784814479180000000,1784814539177000000,0
Indexes.entries.lookupDurationMaxMs,1784814479180000000,1784814539177000000,0.0
Indexes.allKeys.lookups,1784814479180000000,1784814539177000000,0
Indexing.cache.totalCacheAccesses,1784814479180000000,1784814539177000000,0
Indexing.writer_3.totalTimeSpentWritingMs,1784814479180000000,1784814539177000000,0
Indexes.stubs.lookupDurationMaxMs,1784814479180000000,1784814539177000000,0.0
Indexing.writer_2.totalTimeSpentWritingMs,1784814479180000000,1784814539177000000,0
Indexing.totalTimeIndexersSleptMs,1784814479180000000,1784814539177000000,0
Indexes.stubs.lookupDurationAvgMs,1784814479180000000,1784814539177000000,0.0
Indexes.allKeys.lookupDurationMaxMs,1784814479180000000,1784814539177000000,0.0
Indexing.writer_0.totalTimeSpentWritingMs,1784814479180000000,1784814539177000000,0
Indexes.allKeys.lookupDuration90PMs,1784814479180000000,1784814539177000000,0.0
cacheStateStorage.get.counter,1784814479180000000,1784814539177000000,0
cacheStateStorage.set.duration,1784814479180000000,1784814539177000000,0
cacheStateStorage.set.counter,1784814479180000000,1784814539177000000,0
cacheStateStorage.get.duration,1784814479180000000,1784814539177000000,0
FileChannelInterruptsRetryer.totalRetriedAttempts,1784814479180000000,1784814539177000000,0
FilePageCache.totalPageLoadsUs,1784814479180000000,1784814539177000000,0
StreamlinedBlobStorage.totalLiveRecordsPayloadBytes,1784814479180000000,1784814539177000000,0
MappedFileStorage.totalBytesMapped,1784814479180000000,1784814539177000000,206831616
DirectByteBufferAllocator.totalSizeOfBuffersAllocatedInBytes,1784814479180000000,1784814539177000000,0
DirectByteBufferAllocator.hits,1784814479180000000,1784814539177000000,0
StreamlinedBlobStorage.totalLiveRecordsCapacityBytes,1784814479180000000,1784814539177000000,0
DirectByteBufferAllocator.disposed,1784814479180000000,1784814539177000000,0
FilePageCache.pageFastCacheHits,1784814479180000000,1784814539177000000,0
FilePageCache.pageLoads,1784814479180000000,1784814539177000000,0
StorageLockContext.competingThreads.avg,1784814479180000000,1784814539177000000,0.0
FilePageCache.pageLoadsAboveSizeThreshold,1784814479180000000,1784814539177000000,0
FilePageCache.pageHits,1784814479180000000,1784814539177000000,0
StreamlinedBlobStorage.recordsRelocated,1784814479180000000,1784814539177000000,0
StorageLockContext.competingThreads.max,1784814479180000000,1784814539177000000,0
DirectByteBufferAllocator.reclaimed,1784814479180000000,1784814539177000000,0
FilePageCache.maxRegisteredFiles,1784814479180000000,1784814539177000000,1661
StreamlinedBlobStorage.recordsAllocated,1784814479180000000,1784814539177000000,0
FilePageCache.totalPageDisposalsUs,1784814479180000000,1784814539177000000,0
MappedFileStorage.totalPagesMapped,1784814479180000000,1784814539177000000,17
DirectByteBufferAllocator.misses,1784814479180000000,1784814539177000000,0
StorageLockContext.competingThreads.90P,1784814479180000000,1784814539177000000,0
FilePageCache.uncachedFileAccess,1784814479180000000,1784814539177000000,0
FilePageCache.capacityInBytes,1784814479180000000,1784814539177000000,629145600
FilePageCache.disposedBuffers,1784814479180000000,1784814539177000000,0
FilePageCache.maxCacheSizeInBytes,1784814479180000000,1784814539177000000,629153792
StreamlinedBlobStorage.recordsDeleted,1784814479180000000,1784814539177000000,0
MappedFileStorage.storages,1784814479180000000,1784814539177000000,17
MappedFileStorage.totalTimeSpentOnMappingUs,1784814479180000000,1784814539177000000,10471
DirectByteBufferAllocator.totalSizeOfBuffersCachedInBytes,1784814479180000000,1784814539177000000,41967616
workspaceModel.global.apply.state.to.project.ms,1784814479180000000,1784814539177000000,0
workspaceModel.mutableEntityStorage.apply.changes.from.ms,1784814479180000000,1784814539177000000,0
workspaceModel.moduleManagerBridge.create.module.instance.ms,1784814479180000000,1784814539177000000,0
workspaceModel.mutableEntityStorage.add.entity.ms,1784814479180000000,1784814539177000000,0
workspaceModel.mutableEntityStorage.changeLog.addReplaceEventForRemovedChild.ms,1784814479180000000,1784814539177000000,0
workspaceModel.moduleManagerBridge.load.module.ms,1784814479180000000,1784814539177000000,0
jps.module.dependency.index.workspace.model.listener.on.changed.ms,1784814479180000000,1784814539177000000,0
workspaceModel.mutableEntityStorage.entities.ms,1784814479180000000,1784814539177000000,0
jps.save.global.entities.ms,1784814479180000000,1784814539177000000,0
workspaceModel.global.apply.state.to.project.builder.ms,1784814479180000000,1784814539177000000,0
workspaceModel.do.save.caches.ms,1784814479180000000,1784814539177000000,0
workspaceModel.load.cache.from.file.ms,1784814479180000000,1784814539177000000,0
jps.artifact.entities.serializer.load.entities.ms,1784814479180000000,1784814539177000000,0
jps.global.get.libraries.ms,1784814479180000000,1784814539177000000,0
workspaceModel.mutableEntityStorage.referrers.ms,1784814479180000000,1784814539177000000,0
jps.module.iml.entities.serializer.save.entities.ms,1784814479180000000,1784814539177000000,0
jps.global.handle.changed.events.ms,1784814479180000000,1784814539177000000,0
workspaceModel.delayed.project.synchronizer.sync.ms,1784814479180000000,1784814539177000000,0
workspaceModel.mutableEntityStorage.entities.by.source.ms,1784814479180000000,1784814539177000000,0
workspaceModel.global.updates.count,1784814479180000000,1784814539177000000,0
jps.storage.jps.conf.reader.load.component.ms,1784814479180000000,1784814539177000000,0
workspaceModel.global.updates.ms,1784814479180000000,1784814539177000000,0
workspaceModel.moduleManagerBridge.new.nonPersistent.module.ms,1784814479180000000,1784814539177000000,0
workspaceModel.mutableEntityStorage.has.same.entities.ms,1784814479180000000,1784814539177000000,0
jps.global.initialize.library.bridges.ms,1784814479180000000,1784814539177000000,0
workspaceModel.mutableEntityStorage.replace.by.source.ms,1784814479180000000,1784814539177000000,0
jps.load.initial.state.ms,1784814479180000000,1784814539177000000,0
workspaceModel.mutableEntityStorage.put.entity.ms,1784814479180000000,1784814539177000000,0
jps.global.get.library.ms,1784814479180000000,1784814539177000000,0
workspaceModel.moduleManagerBridge.build.module.graph.ms,1784814479180000000,1784814539177000000,0
workspaceModel.moduleManagerBridge.set.unloadedModules.ms,1784814479180000000,1784814539177000000,0
workspaceModel.mutableEntityStorage.to.snapshot.ms,1784814479180000000,1784814539177000000,0
jps.project.serializers.save.ms,1784814479180000000,1784814539177000000,0
jps.module.iml.entities.serializer.load.entities.ms,1784814479180000000,1784814539177000000,0
workspaceModel.moduleBridge.before.changed.ms,1784814479180000000,1784814539177000000,0
workspaceModel.mutableEntityStorage.changeLog.addReplaceEventForRemovedParent.ms,1784814479180000000,1784814539177000000,0
jps.apply.loaded.storage.ms,1784814479180000000,1784814539177000000,0
jps.app.storage.content.reader.load.component.ms,1784814479180000000,1784814539177000000,0
workspaceModel.mutableEntityStorage.remove.entity.ms,1784814479180000000,1784814539177000000,0
workspaceModel.mutableEntityStorage.resolve.ms,1784814479180000000,1784814539177000000,0
workspaceModel.sync.entities.ms,1784814479180000000,1784814539177000000,0
workspaceModel.mutableEntityStorage.mutable.ext.mapping.ms,1784814479180000000,1784814539177000000,0
workspaceModel.moduleManagerBridge.get.modules.ms,1784814479180000000,1784814539177000000,0
workspaceModel.moduleBridgeLoader.loading.modules.ms,1784814479180000000,1784814539177000000,0
jps.library.entities.serializer.save.entities.ms,1784814479180000000,1784814539177000000,0
jps.facet.change.listener.process.change.events.ms,1784814479180000000,1784814539177000000,0
workspaceModel.mutableEntityStorage.changeLog.addReplaceEventForNewChild.ms,1784814479180000000,1784814539177000000,0
workspaceModel.mutableEntityStorage.hasReferrers.ms,1784814479180000000,1784814539177000000,0
workspaceModel.moduleBridge.facet.initialization.ms,1784814479180000000,1784814539177000000,0
jps.global.handle.before.change.events.ms,1784814479180000000,1784814539177000000,0
jps.global.initialize.library.bridges.after.loading.ms,1784814479180000000,1784814539177000000,0
jps.reload.project.entities.ms,1784814479180000000,1784814539177000000,0
workspaceModel.orphan.listener.update.ms,1784814479180000000,1784814539177000000,0
workspaceModel.mutableEntityStorage.mutable.vfurl.index.ms,1784814479180000000,1784814539177000000,0
jps.project.serializers.load.ms,1784814479180000000,1784814539177000000,0
workspaceModel.load.cache.metadata.from.file.ms,1784814479180000000,1784814539177000000,0
jps.facet.change.listener.init.bridge.ms,1784814479180000000,1784814539177000000,0
jps.library.entities.serializer.load.entities.ms,1784814479180000000,1784814539177000000,0
jps.load.project.to.empty.storage.ms,1784814479180000000,1784814539177000000,0
jps.facet.change.listener.before.change.events.ms,1784814479180000000,1784814539177000000,0
workspaceModel.mutableEntityStorage.instances.count,1784814479180000000,1784814539177000000,0
workspaceModel.moduleBridge.update.option.ms,1784814479180000000,1784814539177000000,0
workspaceModel.mutableEntityStorage.modify.entity.ms,1784814479180000000,1784814539177000000,0
workspaceModel.moduleManagerBridge.load.all.modules.ms,1784814479180000000,1784814539177000000,0
jps.global.get.library.by.name.ms,1784814479180000000,1784814539177000000,0
workspaceModel.mutableEntityStorage.changeLog.addReplaceEventForNewParent.ms,1784814479180000000,1784814539177000000,0
workspaceModel.moduleManagerBridge.newModule.ms,1784814479180000000,1784814539177000000,0
jps.artifact.entities.serializer.save.entities.ms,1784814479180000000,1784814539177000000,0
workspaceModel.save.cache.to.file.ms,1784814479180000000,1784814539177000000,0
jps.save.changed.project.entities.ms,1784814479180000000,1784814539177000000,0
workspaceModel.mutableEntityStorage.collect.changes.ms,1784814479180000000,1784814539177000000,0
JVM.totalTimeAtSafepointsMs,1784814539177000000,1784814599180000000,0
MEM.ramPlusSwapMinusFileMappingsBytes,1784814539177000000,1784814599180000000,1749997544
JVM.maxHeapBytes,1784814539177000000,1784814599180000000,2147483648
JVM.usedNativeBytes,1784814539177000000,1784814599180000000,563815080
MEM.ramMinusFileMappingsBytes,1784814539177000000,1784814599180000000,270352384
JVM.GC.collectionTimesMs,1784814539177000000,1784814599180000000,0
JVM.committedHeapBytes,1784814539177000000,1784814599180000000,696254464
JVM.maxThreadCount,1784814539177000000,1784814599180000000,182
JVM.threadCount,1784814539177000000,1784814599180000000,60
MEM.fileMappingsRamBytes,1784814539177000000,1784814599180000000,244793344
JVM.GC.collections,1784814539177000000,1784814599180000000,0
OS.loadAverage,1784814539177000000,1784814599180000000,3.16064453125
JVM.totalCpuTimeMs,1784814539177000000,1784814599180000000,1045
JVM.totalDirectByteBuffersBytes,1784814539177000000,1784814599180000000,4261896
JVM.totalTimeToSafepointsMs,1784814539177000000,1784814599180000000,0
JVM.totalBytesAllocated,1784814539177000000,1784814599180000000,15349344
JVM.usedHeapBytes,1784814539177000000,1784814599180000000,491642544
JVM.totalSafepointCount,1784814539177000000,1784814599180000000,0
MEM.ramBytes,1784814539177000000,1784814599180000000,515194880
JVM.newThreadsCount,1784814539177000000,1784814599180000000,0
workspaceModel.loading.from.cache.ms,1784814539177000000,1784814599180000000,0
workspaceModel.cachedValueWithParameters.from.cache.count,1784814539177000000,1784814599180000000,0
workspaceModel.workspaceFileIndexData.processFileSets.ms,1784814539177000000,1784814599180000000,0
workspaceModel.cachedValueWithParameters.calculated.count,1784814539177000000,1784814599180000000,0
workspaceModel.workspaceFileIndexData.markDirty.ms,1784814539177000000,1784814599180000000,0
workspaceModel.workspaceFileIndexContributor.registerFileSets.ms,1784814539177000000,1784814599180000000,0
workspaceModel.to.snapshot.ms,1784814539177000000,1784814599180000000,0
workspaceModel.updates.count,1784814539177000000,1784814599180000000,0
workspaceModel.cachedValueWithParameters.clear.count,1784814539177000000,1784814599180000000,0
workspaceModel.cachedValue.total.get.count,1784814539177000000,1784814599180000000,0
workspaceModel.workspaceFileIndexData.onEntitiesChanged.ms,1784814539177000000,1784814599180000000,0
workspaceModel.collect.changes.ms,1784814539177000000,1784814599180000000,0
workspaceModel.pre.handlers.ms,1784814539177000000,1784814599180000000,0
workspaceModel.entityStorageSnapshotImpl.instances.count,1784814539177000000,1784814599180000000,0
workspaceModel.cachedValueWithParameters.total.get.count,1784814539177000000,1784814599180000000,0
workspaceModel.init.bridges.ms,1784814539177000000,1784814599180000000,0
workspaceModel.update.unloaded.entities.ms,1784814539177000000,1784814599180000000,0
workspaceModel.loading.total.ms,1784814539177000000,1784814599180000000,0
workspaceModel.workspaceFileIndexData.updateDirtyEntities.ms,1784814539177000000,1784814599180000000,0
workspaceModel.check.recursive.update.ms,1784814539177000000,1784814599180000000,0
workspaceModel.full.replace.project.model.ms,1784814539177000000,1784814599180000000,0
workspaceModel.initializing.ms,1784814539177000000,1784814599180000000,0
workspaceModel.replace.project.model.ms,1784814539177000000,1784814599180000000,0
workspaceModel.workspaceFileIndexData.getDirectoriesByPackageName.ms,1784814539177000000,1784814599180000000,0
workspaceModel.cachedValue.calculated.count,1784814539177000000,1784814599180000000,0
workspaceModel.updates.precise.ms,1784814539177000000,1784814599180000000,0
workspaceModel.cachedValue.clear.count,1784814539177000000,1784814599180000000,0
workspaceModel.workspaceFileIndexData.getFileInfo.ms,1784814539177000000,1784814599180000000,0
workspaceModel.on.changed.ms,1784814539177000000,1784814599180000000,0
workspaceModel.workspaceFileIndexData.instances.count,1784814539177000000,1784814599180000000,0
workspaceModel.cachedValue.from.cache.count,1784814539177000000,1784814599180000000,0
workspaceModel.workspaceFileIndexData.init.ms,1784814539177000000,1784814599180000000,0
workspaceModel.on.before.changed.ms,1784814539177000000,1784814599180000000,0
workspaceModel.workspaceFileIndexData.visitFileSets.ms,1784814539177000000,1784814599180000000,0
workspaceModel.updates.ms,1784814539177000000,1784814599180000000,0
workspaceModel.workspaceFileIndexData.getPackageName.ms,1784814539177000000,1784814599180000000,0
FlushQueue.tasksExecuted,1784814539177000000,1784814599180000000,0
FlushQueue.executionTimeAvgNs,1784814539177000000,1784814599180000000,0.0
FlushQueue.queueSizeAvg,1784814539177000000,1784814599180000000,0.0
FlushQueue.executionTime90PNs,1784814539177000000,1784814599180000000,0
AWTEventQueue.dispatchTimeTotalNS,1784814539177000000,1784814599180000000,8100295
AWTEventQueue.dispatchTime90PNs,1784814539177000000,1784814599180000000,0
FlushQueue.queueSizeMax,1784814539177000000,1784814599180000000,0
WriteAction.executionsCount,1784814539177000000,1784814599180000000,0
NonBlockingReadAction.failedExecutionTimeUs,1784814539177000000,1784814599180000000,0
FlushQueue.executionTimeMaxNs,1784814539177000000,1784814599180000000,0
NonBlockingReadAction.finalizedExecutionsCount,1784814539177000000,1784814599180000000,0
FlushQueue.waitingTimeMaxNs,1784814539177000000,1784814599180000000,0
AWTEventQueue.dispatchTimeMaxNs,1784814539177000000,1784814599180000000,0
AWTEventQueue.dispatchTimeAvgNs,1784814539177000000,1784814599180000000,0.0
NonBlockingReadAction.failedExecutionsCount,1784814539177000000,1784814599180000000,0
AWTEventQueue.eventsDispatched,1784814539177000000,1784814599180000000,0
FlushQueue.queueSize90P,1784814539177000000,1784814599180000000,0
NonBlockingReadAction.finalizedExecutionTimeUs,1784814539177000000,1784814599180000000,0
FlushQueue.waitingTimeAvgNs,1784814539177000000,1784814599180000000,0.0
ReadAction.executionsCount,1784814539177000000,1784814599180000000,4
FlushQueue.waitingTime90PNs,1784814539177000000,1784814599180000000,0
DiskQueryRelay.tasksExecuted,1784814539177000000,1784814599180000000,0
DiskQueryRelay.taskExecutionTotalTimeUs,1784814539177000000,1784814599180000000,0
DiskQueryRelay.tasksRequested,1784814539177000000,1784814599180000000,0
LowMemory.gcOverloaded,1784814539177000000,1784814599180000000,0
writeAction.max.wait.ms,1784814539177000000,1784814599180000000,305
writeAction.count,1784814539177000000,1784814599180000000,0
LowMemory.gcLoad,1784814539177000000,1784814599180000000,6.882562844606815E-7
writeAction.median.wait.ms,1784814539177000000,1784814599180000000,300
DiskQueryRelay.taskWaitingTotalTimeUs,1784814539177000000,1784814599180000000,0
writeAction.wait.ms,1784814539177000000,1784814599180000000,0
compiler.ArtifactVirtualFileListener.filePathChanged.ms,1784814539177000000,1784814599180000000,0
compiler.ArtifactManagerBridge.getArtifactsByType.ms,1784814539177000000,1784814599180000000,0
compiler.ArtifactManagerBridge.addArtifact.ms,1784814539177000000,1784814599180000000,0
compiler.ArtifactManagerBridge.dropMappings.ms,1784814539177000000,1784814599180000000,0
compiler.ArtifactVirtualFileListener.propertyChanged.ms,1784814539177000000,1784814599180000000,0
compiler.ArtifactManagerBridge.commit.ms,1784814539177000000,1784814599180000000,0
compiler.ArtifactManagerBridge.initBridges.ms,1784814539177000000,1784814599180000000,0
compiler.ArtifactManagerBridge.getArtifacts.ms,1784814539177000000,1784814599180000000,0
compiler.ArtifactManagerBridge.findArtifact.ms,1784814539177000000,1784814599180000000,0
VFS.contentStorage.recordsDecompressionTimeUs,1784814539177000000,1784814599180000000,0
VFS.folderCaseSensitivityReads,1784814539177000000,1784814599180000000,0
VFS.fileByIdCache.misses,1784814539177000000,1784814599180000000,0
FileNameCache.queries,1784814539177000000,1784814599180000000,0
VFS.contentStorage.recordsUncompressedSize,1784814539177000000,1784814599180000000,0
VFS.contentStorage.recordsDeduplicated,1784814539177000000,1784814599180000000,0
VFS.contentStorage.recordsReadDecompressed,1784814539177000000,1784814599180000000,0
VFS.cache.filesCreated,1784814539177000000,1784814599180000000,0
VFS.cache.segments,1784814539177000000,1784814599180000000,335.0
VFS.fileChildByName,1784814539177000000,1784814599180000000,0
VFS.contentStorage.recordsStoredSize,1784814539177000000,1784814599180000000,0
VFS.contentStorage.recordsStored,1784814539177000000,1784814599180000000,0
VFS.invertedFileNameIndex.requests,1784814539177000000,1784814599180000000,0
VFS.fileByIdCache.hits,1784814539177000000,1784814599180000000,0
VFS.contentStorage.recordsReadSize,1784814539177000000,1784814599180000000,0
VFS.contentStorage.recordsStoredCompressed,1784814539177000000,1784814599180000000,0
VFS.cache.directoriesCreated,1784814539177000000,1784814599180000000,0
VFS.cache.segmentsCreated,1784814539177000000,1784814599180000000,0
VFS.rootsCount,1784814539177000000,1784814599180000000,336.0
FileNameCache.totalMisses,1784814539177000000,1784814599180000000,0
VFS.contentStorage.recordsRead,1784814539177000000,1784814599180000000,0
Indexes.entries.lookupDuration90PMs,1784814539177000000,1784814599180000000,0.0
Indexes.entries.lookups,1784814539177000000,1784814599180000000,0
Indexes.allKeys.lookupDurationAvgMs,1784814539177000000,1784814599180000000,0.0
Indexing.writer_1.totalTimeSpentWritingMs,1784814539177000000,1784814599180000000,0
Indexes.entries.lookupDurationAvgMs,1784814539177000000,1784814599180000000,0.0
Indexing.cache.totalCacheMisses,1784814539177000000,1784814599180000000,0
Indexes.stubs.lookupDuration90PMs,1784814539177000000,1784814599180000000,0.0
Indexing.writesQueuedMin,1784814539177000000,1784814599180000000,9223372036854775807
Indexing.writesQueuedMax,1784814539177000000,1784814599180000000,0
Indexes.stubs.lookups,1784814539177000000,1784814599180000000,0
Indexing.cache.totalCacheEvicted,1784814539177000000,1784814599180000000,0
Indexes.entries.lookupDurationMaxMs,1784814539177000000,1784814599180000000,0.0
Indexes.allKeys.lookups,1784814539177000000,1784814599180000000,0
Indexing.cache.totalCacheAccesses,1784814539177000000,1784814599180000000,0
Indexing.writer_3.totalTimeSpentWritingMs,1784814539177000000,1784814599180000000,0
Indexes.stubs.lookupDurationMaxMs,1784814539177000000,1784814599180000000,0.0
Indexing.writer_2.totalTimeSpentWritingMs,1784814539177000000,1784814599180000000,0
Indexing.totalTimeIndexersSleptMs,1784814539177000000,1784814599180000000,0
Indexes.stubs.lookupDurationAvgMs,1784814539177000000,1784814599180000000,0.0
Indexes.allKeys.lookupDurationMaxMs,1784814539177000000,1784814599180000000,0.0
Indexing.writer_0.totalTimeSpentWritingMs,1784814539177000000,1784814599180000000,0
Indexes.allKeys.lookupDuration90PMs,1784814539177000000,1784814599180000000,0.0
cacheStateStorage.get.counter,1784814539177000000,1784814599180000000,0
cacheStateStorage.set.duration,1784814539177000000,1784814599180000000,0
cacheStateStorage.set.counter,1784814539177000000,1784814599180000000,0
cacheStateStorage.get.duration,1784814539177000000,1784814599180000000,0
FileChannelInterruptsRetryer.totalRetriedAttempts,1784814539177000000,1784814599180000000,0
FilePageCache.totalPageLoadsUs,1784814539177000000,1784814599180000000,0
StreamlinedBlobStorage.totalLiveRecordsPayloadBytes,1784814539177000000,1784814599180000000,0
MappedFileStorage.totalBytesMapped,1784814539177000000,1784814599180000000,206831616
DirectByteBufferAllocator.totalSizeOfBuffersAllocatedInBytes,1784814539177000000,1784814599180000000,0
DirectByteBufferAllocator.hits,1784814539177000000,1784814599180000000,0
StreamlinedBlobStorage.totalLiveRecordsCapacityBytes,1784814539177000000,1784814599180000000,0
DirectByteBufferAllocator.disposed,1784814539177000000,1784814599180000000,0
FilePageCache.pageFastCacheHits,1784814539177000000,1784814599180000000,0
FilePageCache.pageLoads,1784814539177000000,1784814599180000000,0
StorageLockContext.competingThreads.avg,1784814539177000000,1784814599180000000,0.0
FilePageCache.pageLoadsAboveSizeThreshold,1784814539177000000,1784814599180000000,0
FilePageCache.pageHits,1784814539177000000,1784814599180000000,0
StreamlinedBlobStorage.recordsRelocated,1784814539177000000,1784814599180000000,0
StorageLockContext.competingThreads.max,1784814539177000000,1784814599180000000,0
DirectByteBufferAllocator.reclaimed,1784814539177000000,1784814599180000000,0
FilePageCache.maxRegisteredFiles,1784814539177000000,1784814599180000000,1661
StreamlinedBlobStorage.recordsAllocated,1784814539177000000,1784814599180000000,0
FilePageCache.totalPageDisposalsUs,1784814539177000000,1784814599180000000,0
MappedFileStorage.totalPagesMapped,1784814539177000000,1784814599180000000,17
DirectByteBufferAllocator.misses,1784814539177000000,1784814599180000000,0
StorageLockContext.competingThreads.90P,1784814539177000000,1784814599180000000,0
FilePageCache.uncachedFileAccess,1784814539177000000,1784814599180000000,0
FilePageCache.capacityInBytes,1784814539177000000,1784814599180000000,629145600
FilePageCache.disposedBuffers,1784814539177000000,1784814599180000000,0
FilePageCache.maxCacheSizeInBytes,1784814539177000000,1784814599180000000,629153792
StreamlinedBlobStorage.recordsDeleted,1784814539177000000,1784814599180000000,0
MappedFileStorage.storages,1784814539177000000,1784814599180000000,17
MappedFileStorage.totalTimeSpentOnMappingUs,1784814539177000000,1784814599180000000,10471
DirectByteBufferAllocator.totalSizeOfBuffersCachedInBytes,1784814539177000000,1784814599180000000,41967616
workspaceModel.global.apply.state.to.project.ms,1784814539177000000,1784814599180000000,0
workspaceModel.mutableEntityStorage.apply.changes.from.ms,1784814539177000000,1784814599180000000,0
workspaceModel.moduleManagerBridge.create.module.instance.ms,1784814539177000000,1784814599180000000,0
workspaceModel.mutableEntityStorage.add.entity.ms,1784814539177000000,1784814599180000000,0
workspaceModel.mutableEntityStorage.changeLog.addReplaceEventForRemovedChild.ms,1784814539177000000,1784814599180000000,0
workspaceModel.moduleManagerBridge.load.module.ms,1784814539177000000,1784814599180000000,0
jps.module.dependency.index.workspace.model.listener.on.changed.ms,1784814539177000000,1784814599180000000,0
workspaceModel.mutableEntityStorage.entities.ms,1784814539177000000,1784814599180000000,0
jps.save.global.entities.ms,1784814539177000000,1784814599180000000,0
workspaceModel.global.apply.state.to.project.builder.ms,1784814539177000000,1784814599180000000,0
workspaceModel.do.save.caches.ms,1784814539177000000,1784814599180000000,0
workspaceModel.load.cache.from.file.ms,1784814539177000000,1784814599180000000,0
jps.artifact.entities.serializer.load.entities.ms,1784814539177000000,1784814599180000000,0
jps.global.get.libraries.ms,1784814539177000000,1784814599180000000,0
workspaceModel.mutableEntityStorage.referrers.ms,1784814539177000000,1784814599180000000,0
jps.module.iml.entities.serializer.save.entities.ms,1784814539177000000,1784814599180000000,0
jps.global.handle.changed.events.ms,1784814539177000000,1784814599180000000,0
workspaceModel.delayed.project.synchronizer.sync.ms,1784814539177000000,1784814599180000000,0
workspaceModel.mutableEntityStorage.entities.by.source.ms,1784814539177000000,1784814599180000000,0
workspaceModel.global.updates.count,1784814539177000000,1784814599180000000,0
jps.storage.jps.conf.reader.load.component.ms,1784814539177000000,1784814599180000000,0
workspaceModel.global.updates.ms,1784814539177000000,1784814599180000000,0
workspaceModel.moduleManagerBridge.new.nonPersistent.module.ms,1784814539177000000,1784814599180000000,0
workspaceModel.mutableEntityStorage.has.same.entities.ms,1784814539177000000,1784814599180000000,0
jps.global.initialize.library.bridges.ms,1784814539177000000,1784814599180000000,0
workspaceModel.mutableEntityStorage.replace.by.source.ms,1784814539177000000,1784814599180000000,0
jps.load.initial.state.ms,1784814539177000000,1784814599180000000,0
workspaceModel.mutableEntityStorage.put.entity.ms,1784814539177000000,1784814599180000000,0
jps.global.get.library.ms,1784814539177000000,1784814599180000000,0
workspaceModel.moduleManagerBridge.build.module.graph.ms,1784814539177000000,1784814599180000000,0
workspaceModel.moduleManagerBridge.set.unloadedModules.ms,1784814539177000000,1784814599180000000,0
workspaceModel.mutableEntityStorage.to.snapshot.ms,1784814539177000000,1784814599180000000,0
jps.project.serializers.save.ms,1784814539177000000,1784814599180000000,0
jps.module.iml.entities.serializer.load.entities.ms,1784814539177000000,1784814599180000000,0
workspaceModel.moduleBridge.before.changed.ms,1784814539177000000,1784814599180000000,0
workspaceModel.mutableEntityStorage.changeLog.addReplaceEventForRemovedParent.ms,1784814539177000000,1784814599180000000,0
jps.apply.loaded.storage.ms,1784814539177000000,1784814599180000000,0
jps.app.storage.content.reader.load.component.ms,1784814539177000000,1784814599180000000,0
workspaceModel.mutableEntityStorage.remove.entity.ms,1784814539177000000,1784814599180000000,0
workspaceModel.mutableEntityStorage.resolve.ms,1784814539177000000,1784814599180000000,0
workspaceModel.sync.entities.ms,1784814539177000000,1784814599180000000,0
workspaceModel.mutableEntityStorage.mutable.ext.mapping.ms,1784814539177000000,1784814599180000000,0
workspaceModel.moduleManagerBridge.get.modules.ms,1784814539177000000,1784814599180000000,0
workspaceModel.moduleBridgeLoader.loading.modules.ms,1784814539177000000,1784814599180000000,0
jps.library.entities.serializer.save.entities.ms,1784814539177000000,1784814599180000000,0
jps.facet.change.listener.process.change.events.ms,1784814539177000000,1784814599180000000,0
workspaceModel.mutableEntityStorage.changeLog.addReplaceEventForNewChild.ms,1784814539177000000,1784814599180000000,0
workspaceModel.mutableEntityStorage.hasReferrers.ms,1784814539177000000,1784814599180000000,0
workspaceModel.moduleBridge.facet.initialization.ms,1784814539177000000,1784814599180000000,0
jps.global.handle.before.change.events.ms,1784814539177000000,1784814599180000000,0
jps.global.initialize.library.bridges.after.loading.ms,1784814539177000000,1784814599180000000,0
jps.reload.project.entities.ms,1784814539177000000,1784814599180000000,0
workspaceModel.orphan.listener.update.ms,1784814539177000000,1784814599180000000,0
workspaceModel.mutableEntityStorage.mutable.vfurl.index.ms,1784814539177000000,1784814599180000000,0
jps.project.serializers.load.ms,1784814539177000000,1784814599180000000,0
workspaceModel.load.cache.metadata.from.file.ms,1784814539177000000,1784814599180000000,0
jps.facet.change.listener.init.bridge.ms,1784814539177000000,1784814599180000000,0
jps.library.entities.serializer.load.entities.ms,1784814539177000000,1784814599180000000,0
jps.load.project.to.empty.storage.ms,1784814539177000000,1784814599180000000,0
jps.facet.change.listener.before.change.events.ms,1784814539177000000,1784814599180000000,0
workspaceModel.mutableEntityStorage.instances.count,1784814539177000000,1784814599180000000,0
workspaceModel.moduleBridge.update.option.ms,1784814539177000000,1784814599180000000,0
workspaceModel.mutableEntityStorage.modify.entity.ms,1784814539177000000,1784814599180000000,0
workspaceModel.moduleManagerBridge.load.all.modules.ms,1784814539177000000,1784814599180000000,0
jps.global.get.library.by.name.ms,1784814539177000000,1784814599180000000,0
workspaceModel.mutableEntityStorage.changeLog.addReplaceEventForNewParent.ms,1784814539177000000,1784814599180000000,0
workspaceModel.moduleManagerBridge.newModule.ms,1784814539177000000,1784814599180000000,0
jps.artifact.entities.serializer.save.entities.ms,1784814539177000000,1784814599180000000,0
workspaceModel.save.cache.to.file.ms,1784814539177000000,1784814599180000000,0
jps.save.changed.project.entities.ms,1784814539177000000,1784814599180000000,0
workspaceModel.mutableEntityStorage.collect.changes.ms,1784814539177000000,1784814599180000000,0
JVM.totalTimeAtSafepointsMs,1784814599180000000,1784814659179000000,0
MEM.ramPlusSwapMinusFileMappingsBytes,1784814599180000000,1784814659179000000,1751439336
JVM.maxHeapBytes,1784814599180000000,1784814659179000000,2147483648
JVM.usedNativeBytes,1784814599180000000,1784814659179000000,564271688
MEM.ramMinusFileMappingsBytes,1784814599180000000,1784814659179000000,223313920
JVM.GC.collectionTimesMs,1784814599180000000,1784814659179000000,0
JVM.committedHeapBytes,1784814599180000000,1784814659179000000,696254464
JVM.maxThreadCount,1784814599180000000,1784814659179000000,182
JVM.threadCount,1784814599180000000,1784814659179000000,60
MEM.fileMappingsRamBytes,1784814599180000000,1784814659179000000,244793344
JVM.GC.collections,1784814599180000000,1784814659179000000,0
OS.loadAverage,1784814599180000000,1784814659179000000,2.9677734375
JVM.totalCpuTimeMs,1784814599180000000,1784814659179000000,996
JVM.totalDirectByteBuffersBytes,1784814599180000000,1784814659179000000,4261896
JVM.totalTimeToSafepointsMs,1784814599180000000,1784814659179000000,0
JVM.totalBytesAllocated,1784814599180000000,1784814659179000000,15170888
JVM.usedHeapBytes,1784814599180000000,1784814659179000000,508419760
JVM.totalSafepointCount,1784814599180000000,1784814659179000000,0
MEM.ramBytes,1784814599180000000,1784814659179000000,468484096
JVM.newThreadsCount,1784814599180000000,1784814659179000000,0
workspaceModel.loading.from.cache.ms,1784814599180000000,1784814659179000000,0
workspaceModel.cachedValueWithParameters.from.cache.count,1784814599180000000,1784814659179000000,0
workspaceModel.workspaceFileIndexData.processFileSets.ms,1784814599180000000,1784814659179000000,0
workspaceModel.cachedValueWithParameters.calculated.count,1784814599180000000,1784814659179000000,0
workspaceModel.workspaceFileIndexData.markDirty.ms,1784814599180000000,1784814659179000000,0
workspaceModel.workspaceFileIndexContributor.registerFileSets.ms,1784814599180000000,1784814659179000000,0
workspaceModel.to.snapshot.ms,1784814599180000000,1784814659179000000,0
workspaceModel.updates.count,1784814599180000000,1784814659179000000,0
workspaceModel.cachedValueWithParameters.clear.count,1784814599180000000,1784814659179000000,0
workspaceModel.cachedValue.total.get.count,1784814599180000000,1784814659179000000,0
workspaceModel.workspaceFileIndexData.onEntitiesChanged.ms,1784814599180000000,1784814659179000000,0
workspaceModel.collect.changes.ms,1784814599180000000,1784814659179000000,0
workspaceModel.pre.handlers.ms,1784814599180000000,1784814659179000000,0
workspaceModel.entityStorageSnapshotImpl.instances.count,1784814599180000000,1784814659179000000,0
workspaceModel.cachedValueWithParameters.total.get.count,1784814599180000000,1784814659179000000,0
workspaceModel.init.bridges.ms,1784814599180000000,1784814659179000000,0
workspaceModel.update.unloaded.entities.ms,1784814599180000000,1784814659179000000,0
workspaceModel.loading.total.ms,1784814599180000000,1784814659179000000,0
workspaceModel.workspaceFileIndexData.updateDirtyEntities.ms,1784814599180000000,1784814659179000000,0
workspaceModel.check.recursive.update.ms,1784814599180000000,1784814659179000000,0
workspaceModel.full.replace.project.model.ms,1784814599180000000,1784814659179000000,0
workspaceModel.initializing.ms,1784814599180000000,1784814659179000000,0
workspaceModel.replace.project.model.ms,1784814599180000000,1784814659179000000,0
workspaceModel.workspaceFileIndexData.getDirectoriesByPackageName.ms,1784814599180000000,1784814659179000000,0
workspaceModel.cachedValue.calculated.count,1784814599180000000,1784814659179000000,0
workspaceModel.updates.precise.ms,1784814599180000000,1784814659179000000,0
workspaceModel.cachedValue.clear.count,1784814599180000000,1784814659179000000,0
workspaceModel.workspaceFileIndexData.getFileInfo.ms,1784814599180000000,1784814659179000000,0
workspaceModel.on.changed.ms,1784814599180000000,1784814659179000000,0
workspaceModel.workspaceFileIndexData.instances.count,1784814599180000000,1784814659179000000,0
workspaceModel.cachedValue.from.cache.count,1784814599180000000,1784814659179000000,0
workspaceModel.workspaceFileIndexData.init.ms,1784814599180000000,1784814659179000000,0
workspaceModel.on.before.changed.ms,1784814599180000000,1784814659179000000,0
workspaceModel.workspaceFileIndexData.visitFileSets.ms,1784814599180000000,1784814659179000000,0
workspaceModel.updates.ms,1784814599180000000,1784814659179000000,0
workspaceModel.workspaceFileIndexData.getPackageName.ms,1784814599180000000,1784814659179000000,0
FlushQueue.tasksExecuted,1784814599180000000,1784814659179000000,0
FlushQueue.executionTimeAvgNs,1784814599180000000,1784814659179000000,0.0
FlushQueue.queueSizeAvg,1784814599180000000,1784814659179000000,0.0
FlushQueue.executionTime90PNs,1784814599180000000,1784814659179000000,0
AWTEventQueue.dispatchTimeTotalNS,1784814599180000000,1784814659179000000,9324078
AWTEventQueue.dispatchTime90PNs,1784814599180000000,1784814659179000000,0
FlushQueue.queueSizeMax,1784814599180000000,1784814659179000000,0
WriteAction.executionsCount,1784814599180000000,1784814659179000000,0
NonBlockingReadAction.failedExecutionTimeUs,1784814599180000000,1784814659179000000,0
FlushQueue.executionTimeMaxNs,1784814599180000000,1784814659179000000,0
NonBlockingReadAction.finalizedExecutionsCount,1784814599180000000,1784814659179000000,0
FlushQueue.waitingTimeMaxNs,1784814599180000000,1784814659179000000,0
AWTEventQueue.dispatchTimeMaxNs,1784814599180000000,1784814659179000000,0
AWTEventQueue.dispatchTimeAvgNs,1784814599180000000,1784814659179000000,0.0
NonBlockingReadAction.failedExecutionsCount,1784814599180000000,1784814659179000000,0
AWTEventQueue.eventsDispatched,1784814599180000000,1784814659179000000,0
FlushQueue.queueSize90P,1784814599180000000,1784814659179000000,0
NonBlockingReadAction.finalizedExecutionTimeUs,1784814599180000000,1784814659179000000,0
FlushQueue.waitingTimeAvgNs,1784814599180000000,1784814659179000000,0.0
ReadAction.executionsCount,1784814599180000000,1784814659179000000,4
FlushQueue.waitingTime90PNs,1784814599180000000,1784814659179000000,0
DiskQueryRelay.tasksExecuted,1784814599180000000,1784814659179000000,0
DiskQueryRelay.taskExecutionTotalTimeUs,1784814599180000000,1784814659179000000,0
DiskQueryRelay.tasksRequested,1784814599180000000,1784814659179000000,0
LowMemory.gcOverloaded,1784814599180000000,1784814659179000000,0
writeAction.max.wait.ms,1784814599180000000,1784814659179000000,305
writeAction.count,1784814599180000000,1784814659179000000,0
LowMemory.gcLoad,1784814599180000000,1784814659179000000,3.53276191765916E-7
writeAction.median.wait.ms,1784814599180000000,1784814659179000000,300
DiskQueryRelay.taskWaitingTotalTimeUs,1784814599180000000,1784814659179000000,0
writeAction.wait.ms,1784814599180000000,1784814659179000000,0
compiler.ArtifactVirtualFileListener.filePathChanged.ms,1784814599180000000,1784814659179000000,0
compiler.ArtifactManagerBridge.getArtifactsByType.ms,1784814599180000000,1784814659179000000,0
compiler.ArtifactManagerBridge.addArtifact.ms,1784814599180000000,1784814659179000000,0
compiler.ArtifactManagerBridge.dropMappings.ms,1784814599180000000,1784814659179000000,0
compiler.ArtifactVirtualFileListener.propertyChanged.ms,1784814599180000000,1784814659179000000,0
compiler.ArtifactManagerBridge.commit.ms,1784814599180000000,1784814659179000000,0
compiler.ArtifactManagerBridge.initBridges.ms,1784814599180000000,1784814659179000000,0
compiler.ArtifactManagerBridge.getArtifacts.ms,1784814599180000000,1784814659179000000,0
compiler.ArtifactManagerBridge.findArtifact.ms,1784814599180000000,1784814659179000000,0
VFS.contentStorage.recordsDecompressionTimeUs,1784814599180000000,1784814659179000000,0
VFS.folderCaseSensitivityReads,1784814599180000000,1784814659179000000,0
VFS.fileByIdCache.misses,1784814599180000000,1784814659179000000,0
FileNameCache.queries,1784814599180000000,1784814659179000000,0
VFS.contentStorage.recordsUncompressedSize,1784814599180000000,1784814659179000000,0
VFS.contentStorage.recordsDeduplicated,1784814599180000000,1784814659179000000,0
VFS.contentStorage.recordsReadDecompressed,1784814599180000000,1784814659179000000,0
VFS.cache.filesCreated,1784814599180000000,1784814659179000000,0
VFS.cache.segments,1784814599180000000,1784814659179000000,335.0
VFS.fileChildByName,1784814599180000000,1784814659179000000,0
VFS.contentStorage.recordsStoredSize,1784814599180000000,1784814659179000000,0
VFS.contentStorage.recordsStored,1784814599180000000,1784814659179000000,0
VFS.invertedFileNameIndex.requests,1784814599180000000,1784814659179000000,0
VFS.fileByIdCache.hits,1784814599180000000,1784814659179000000,0
VFS.contentStorage.recordsReadSize,1784814599180000000,1784814659179000000,0
VFS.contentStorage.recordsStoredCompressed,1784814599180000000,1784814659179000000,0
VFS.cache.directoriesCreated,1784814599180000000,1784814659179000000,0
VFS.cache.segmentsCreated,1784814599180000000,1784814659179000000,0
VFS.rootsCount,1784814599180000000,1784814659179000000,336.0
FileNameCache.totalMisses,1784814599180000000,1784814659179000000,0
VFS.contentStorage.recordsRead,1784814599180000000,1784814659179000000,0
Indexes.entries.lookupDuration90PMs,1784814599180000000,1784814659179000000,0.0
Indexes.entries.lookups,1784814599180000000,1784814659179000000,0
Indexes.allKeys.lookupDurationAvgMs,1784814599180000000,1784814659179000000,0.0
Indexing.writer_1.totalTimeSpentWritingMs,1784814599180000000,1784814659179000000,0
Indexes.entries.lookupDurationAvgMs,1784814599180000000,1784814659179000000,0.0
Indexing.cache.totalCacheMisses,1784814599180000000,1784814659179000000,0
Indexes.stubs.lookupDuration90PMs,1784814599180000000,1784814659179000000,0.0
Indexing.writesQueuedMin,1784814599180000000,1784814659179000000,9223372036854775807
Indexing.writesQueuedMax,1784814599180000000,1784814659179000000,0
Indexes.stubs.lookups,1784814599180000000,1784814659179000000,0
Indexing.cache.totalCacheEvicted,1784814599180000000,1784814659179000000,0
Indexes.entries.lookupDurationMaxMs,1784814599180000000,1784814659179000000,0.0
Indexes.allKeys.lookups,1784814599180000000,1784814659179000000,0
Indexing.cache.totalCacheAccesses,1784814599180000000,1784814659179000000,0
Indexing.writer_3.totalTimeSpentWritingMs,1784814599180000000,1784814659179000000,0
Indexes.stubs.lookupDurationMaxMs,1784814599180000000,1784814659179000000,0.0
Indexing.writer_2.totalTimeSpentWritingMs,1784814599180000000,1784814659179000000,0
Indexing.totalTimeIndexersSleptMs,1784814599180000000,1784814659179000000,0
Indexes.stubs.lookupDurationAvgMs,1784814599180000000,1784814659179000000,0.0
Indexes.allKeys.lookupDurationMaxMs,1784814599180000000,1784814659179000000,0.0
Indexing.writer_0.totalTimeSpentWritingMs,1784814599180000000,1784814659179000000,0
Indexes.allKeys.lookupDuration90PMs,1784814599180000000,1784814659179000000,0.0
cacheStateStorage.get.counter,1784814599180000000,1784814659179000000,0
cacheStateStorage.set.duration,1784814599180000000,1784814659179000000,0
cacheStateStorage.set.counter,1784814599180000000,1784814659179000000,0
cacheStateStorage.get.duration,1784814599180000000,1784814659179000000,0
FileChannelInterruptsRetryer.totalRetriedAttempts,1784814599180000000,1784814659179000000,0
FilePageCache.totalPageLoadsUs,1784814599180000000,1784814659179000000,0
StreamlinedBlobStorage.totalLiveRecordsPayloadBytes,1784814599180000000,1784814659179000000,0
MappedFileStorage.totalBytesMapped,1784814599180000000,1784814659179000000,206831616
DirectByteBufferAllocator.totalSizeOfBuffersAllocatedInBytes,1784814599180000000,1784814659179000000,0
DirectByteBufferAllocator.hits,1784814599180000000,1784814659179000000,0
StreamlinedBlobStorage.totalLiveRecordsCapacityBytes,1784814599180000000,1784814659179000000,0
DirectByteBufferAllocator.disposed,1784814599180000000,1784814659179000000,0
FilePageCache.pageFastCacheHits,1784814599180000000,1784814659179000000,0
FilePageCache.pageLoads,1784814599180000000,1784814659179000000,0
StorageLockContext.competingThreads.avg,1784814599180000000,1784814659179000000,0.0
FilePageCache.pageLoadsAboveSizeThreshold,1784814599180000000,1784814659179000000,0
FilePageCache.pageHits,1784814599180000000,1784814659179000000,0
StreamlinedBlobStorage.recordsRelocated,1784814599180000000,1784814659179000000,0
StorageLockContext.competingThreads.max,1784814599180000000,1784814659179000000,0
DirectByteBufferAllocator.reclaimed,1784814599180000000,1784814659179000000,0
FilePageCache.maxRegisteredFiles,1784814599180000000,1784814659179000000,1661
StreamlinedBlobStorage.recordsAllocated,1784814599180000000,1784814659179000000,0
FilePageCache.totalPageDisposalsUs,1784814599180000000,1784814659179000000,0
MappedFileStorage.totalPagesMapped,1784814599180000000,1784814659179000000,17
DirectByteBufferAllocator.misses,1784814599180000000,1784814659179000000,0
StorageLockContext.competingThreads.90P,1784814599180000000,1784814659179000000,0
FilePageCache.uncachedFileAccess,1784814599180000000,1784814659179000000,0
FilePageCache.capacityInBytes,1784814599180000000,1784814659179000000,629145600
FilePageCache.disposedBuffers,1784814599180000000,1784814659179000000,0
FilePageCache.maxCacheSizeInBytes,1784814599180000000,1784814659179000000,629153792
StreamlinedBlobStorage.recordsDeleted,1784814599180000000,1784814659179000000,0
MappedFileStorage.storages,1784814599180000000,1784814659179000000,17
MappedFileStorage.totalTimeSpentOnMappingUs,1784814599180000000,1784814659179000000,10471
DirectByteBufferAllocator.totalSizeOfBuffersCachedInBytes,1784814599180000000,1784814659179000000,41967616
workspaceModel.global.apply.state.to.project.ms,1784814599180000000,1784814659179000000,0
workspaceModel.mutableEntityStorage.apply.changes.from.ms,1784814599180000000,1784814659179000000,0
workspaceModel.moduleManagerBridge.create.module.instance.ms,1784814599180000000,1784814659179000000,0
workspaceModel.mutableEntityStorage.add.entity.ms,1784814599180000000,1784814659179000000,0
workspaceModel.mutableEntityStorage.changeLog.addReplaceEventForRemovedChild.ms,1784814599180000000,1784814659179000000,0
workspaceModel.moduleManagerBridge.load.module.ms,1784814599180000000,1784814659179000000,0
jps.module.dependency.index.workspace.model.listener.on.changed.ms,1784814599180000000,1784814659179000000,0
workspaceModel.mutableEntityStorage.entities.ms,1784814599180000000,1784814659179000000,0
jps.save.global.entities.ms,1784814599180000000,1784814659179000000,0
workspaceModel.global.apply.state.to.project.builder.ms,1784814599180000000,1784814659179000000,0
workspaceModel.do.save.caches.ms,1784814599180000000,1784814659179000000,0
workspaceModel.load.cache.from.file.ms,1784814599180000000,1784814659179000000,0
jps.artifact.entities.serializer.load.entities.ms,1784814599180000000,1784814659179000000,0
jps.global.get.libraries.ms,1784814599180000000,1784814659179000000,0
workspaceModel.mutableEntityStorage.referrers.ms,1784814599180000000,1784814659179000000,0
jps.module.iml.entities.serializer.save.entities.ms,1784814599180000000,1784814659179000000,0
jps.global.handle.changed.events.ms,1784814599180000000,1784814659179000000,0
workspaceModel.delayed.project.synchronizer.sync.ms,1784814599180000000,1784814659179000000,0
workspaceModel.mutableEntityStorage.entities.by.source.ms,1784814599180000000,1784814659179000000,0
workspaceModel.global.updates.count,1784814599180000000,1784814659179000000,0
jps.storage.jps.conf.reader.load.component.ms,1784814599180000000,1784814659179000000,0
workspaceModel.global.updates.ms,1784814599180000000,1784814659179000000,0
workspaceModel.moduleManagerBridge.new.nonPersistent.module.ms,1784814599180000000,1784814659179000000,0
workspaceModel.mutableEntityStorage.has.same.entities.ms,1784814599180000000,1784814659179000000,0
jps.global.initialize.library.bridges.ms,1784814599180000000,1784814659179000000,0
workspaceModel.mutableEntityStorage.replace.by.source.ms,1784814599180000000,1784814659179000000,0
jps.load.initial.state.ms,1784814599180000000,1784814659179000000,0
workspaceModel.mutableEntityStorage.put.entity.ms,1784814599180000000,1784814659179000000,0
jps.global.get.library.ms,1784814599180000000,1784814659179000000,0
workspaceModel.moduleManagerBridge.build.module.graph.ms,1784814599180000000,1784814659179000000,0
workspaceModel.moduleManagerBridge.set.unloadedModules.ms,1784814599180000000,1784814659179000000,0
workspaceModel.mutableEntityStorage.to.snapshot.ms,1784814599180000000,1784814659179000000,0
jps.project.serializers.save.ms,1784814599180000000,1784814659179000000,0
jps.module.iml.entities.serializer.load.entities.ms,1784814599180000000,1784814659179000000,0
workspaceModel.moduleBridge.before.changed.ms,1784814599180000000,1784814659179000000,0
workspaceModel.mutableEntityStorage.changeLog.addReplaceEventForRemovedParent.ms,1784814599180000000,1784814659179000000,0
jps.apply.loaded.storage.ms,1784814599180000000,1784814659179000000,0
jps.app.storage.content.reader.load.component.ms,1784814599180000000,1784814659179000000,0
workspaceModel.mutableEntityStorage.remove.entity.ms,1784814599180000000,1784814659179000000,0
workspaceModel.mutableEntityStorage.resolve.ms,1784814599180000000,1784814659179000000,0
workspaceModel.sync.entities.ms,1784814599180000000,1784814659179000000,0
workspaceModel.mutableEntityStorage.mutable.ext.mapping.ms,1784814599180000000,1784814659179000000,0
workspaceModel.moduleManagerBridge.get.modules.ms,1784814599180000000,1784814659179000000,0
workspaceModel.moduleBridgeLoader.loading.modules.ms,1784814599180000000,1784814659179000000,0
jps.library.entities.serializer.save.entities.ms,1784814599180000000,1784814659179000000,0
jps.facet.change.listener.process.change.events.ms,1784814599180000000,1784814659179000000,0
workspaceModel.mutableEntityStorage.changeLog.addReplaceEventForNewChild.ms,1784814599180000000,1784814659179000000,0
workspaceModel.mutableEntityStorage.hasReferrers.ms,1784814599180000000,1784814659179000000,0
workspaceModel.moduleBridge.facet.initialization.ms,1784814599180000000,1784814659179000000,0
jps.global.handle.before.change.events.ms,1784814599180000000,1784814659179000000,0
jps.global.initialize.library.bridges.after.loading.ms,1784814599180000000,1784814659179000000,0
jps.reload.project.entities.ms,1784814599180000000,1784814659179000000,0
workspaceModel.orphan.listener.update.ms,1784814599180000000,1784814659179000000,0
workspaceModel.mutableEntityStorage.mutable.vfurl.index.ms,1784814599180000000,1784814659179000000,0
jps.project.serializers.load.ms,1784814599180000000,1784814659179000000,0
workspaceModel.load.cache.metadata.from.file.ms,1784814599180000000,1784814659179000000,0
jps.facet.change.listener.init.bridge.ms,1784814599180000000,1784814659179000000,0
jps.library.entities.serializer.load.entities.ms,1784814599180000000,1784814659179000000,0
jps.load.project.to.empty.storage.ms,1784814599180000000,1784814659179000000,0
jps.facet.change.listener.before.change.events.ms,1784814599180000000,1784814659179000000,0
workspaceModel.mutableEntityStorage.instances.count,1784814599180000000,1784814659179000000,0
workspaceModel.moduleBridge.update.option.ms,1784814599180000000,1784814659179000000,0
workspaceModel.mutableEntityStorage.modify.entity.ms,1784814599180000000,1784814659179000000,0
workspaceModel.moduleManagerBridge.load.all.modules.ms,1784814599180000000,1784814659179000000,0
jps.global.get.library.by.name.ms,1784814599180000000,1784814659179000000,0
workspaceModel.mutableEntityStorage.changeLog.addReplaceEventForNewParent.ms,1784814599180000000,1784814659179000000,0
workspaceModel.moduleManagerBridge.newModule.ms,1784814599180000000,1784814659179000000,0
jps.artifact.entities.serializer.save.entities.ms,1784814599180000000,1784814659179000000,0
workspaceModel.save.cache.to.file.ms,1784814599180000000,1784814659179000000,0
jps.save.changed.project.entities.ms,1784814599180000000,1784814659179000000,0
workspaceModel.mutableEntityStorage.collect.changes.ms,1784814599180000000,1784814659179000000,0
JVM.totalTimeAtSafepointsMs,1784814659179000000,1784814719179000000,0
MEM.ramPlusSwapMinusFileMappingsBytes,1784814659179000000,1784814719179000000,1750489064
JVM.maxHeapBytes,1784814659179000000,1784814719179000000,2147483648
JVM.usedNativeBytes,1784814659179000000,1784814719179000000,564610864
MEM.ramMinusFileMappingsBytes,1784814659179000000,1784814719179000000,206815232
JVM.GC.collectionTimesMs,1784814659179000000,1784814719179000000,0
JVM.committedHeapBytes,1784814659179000000,1784814719179000000,696254464
JVM.maxThreadCount,1784814659179000000,1784814719179000000,182
JVM.threadCount,1784814659179000000,1784814719179000000,60
MEM.fileMappingsRamBytes,1784814659179000000,1784814719179000000,244793344
JVM.GC.collections,1784814659179000000,1784814719179000000,0
OS.loadAverage,1784814659179000000,1784814719179000000,4.80029296875
JVM.totalCpuTimeMs,1784814659179000000,1784814719179000000,983
JVM.totalDirectByteBuffersBytes,1784814659179000000,1784814719179000000,4261896
JVM.totalTimeToSafepointsMs,1784814659179000000,1784814719179000000,0
JVM.totalBytesAllocated,1784814659179000000,1784814719179000000,15241392
JVM.usedHeapBytes,1784814659179000000,1784814719179000000,523099824
JVM.totalSafepointCount,1784814659179000000,1784814719179000000,0
MEM.ramBytes,1784814659179000000,1784814719179000000,451608576
JVM.newThreadsCount,1784814659179000000,1784814719179000000,0
workspaceModel.loading.from.cache.ms,1784814659179000000,1784814719179000000,0
workspaceModel.cachedValueWithParameters.from.cache.count,1784814659179000000,1784814719179000000,0
workspaceModel.workspaceFileIndexData.processFileSets.ms,1784814659179000000,1784814719179000000,0
workspaceModel.cachedValueWithParameters.calculated.count,1784814659179000000,1784814719179000000,0
workspaceModel.workspaceFileIndexData.markDirty.ms,1784814659179000000,1784814719179000000,0
workspaceModel.workspaceFileIndexContributor.registerFileSets.ms,1784814659179000000,1784814719179000000,0
workspaceModel.to.snapshot.ms,1784814659179000000,1784814719179000000,0
workspaceModel.updates.count,1784814659179000000,1784814719179000000,0
workspaceModel.cachedValueWithParameters.clear.count,1784814659179000000,1784814719179000000,0
workspaceModel.cachedValue.total.get.count,1784814659179000000,1784814719179000000,0
workspaceModel.workspaceFileIndexData.onEntitiesChanged.ms,1784814659179000000,1784814719179000000,0
workspaceModel.collect.changes.ms,1784814659179000000,1784814719179000000,0
workspaceModel.pre.handlers.ms,1784814659179000000,1784814719179000000,0
workspaceModel.entityStorageSnapshotImpl.instances.count,1784814659179000000,1784814719179000000,0
workspaceModel.cachedValueWithParameters.total.get.count,1784814659179000000,1784814719179000000,0
workspaceModel.init.bridges.ms,1784814659179000000,1784814719179000000,0
workspaceModel.update.unloaded.entities.ms,1784814659179000000,1784814719179000000,0
workspaceModel.loading.total.ms,1784814659179000000,1784814719179000000,0
workspaceModel.workspaceFileIndexData.updateDirtyEntities.ms,1784814659179000000,1784814719179000000,0
workspaceModel.check.recursive.update.ms,1784814659179000000,1784814719179000000,0
workspaceModel.full.replace.project.model.ms,1784814659179000000,1784814719179000000,0
workspaceModel.initializing.ms,1784814659179000000,1784814719179000000,0
workspaceModel.replace.project.model.ms,1784814659179000000,1784814719179000000,0
workspaceModel.workspaceFileIndexData.getDirectoriesByPackageName.ms,1784814659179000000,1784814719179000000,0
workspaceModel.cachedValue.calculated.count,1784814659179000000,1784814719179000000,0
workspaceModel.updates.precise.ms,1784814659179000000,1784814719179000000,0
workspaceModel.cachedValue.clear.count,1784814659179000000,1784814719179000000,0
workspaceModel.workspaceFileIndexData.getFileInfo.ms,1784814659179000000,1784814719179000000,0
workspaceModel.on.changed.ms,1784814659179000000,1784814719179000000,0
workspaceModel.workspaceFileIndexData.instances.count,1784814659179000000,1784814719179000000,0
workspaceModel.cachedValue.from.cache.count,1784814659179000000,1784814719179000000,0
workspaceModel.workspaceFileIndexData.init.ms,1784814659179000000,1784814719179000000,0
workspaceModel.on.before.changed.ms,1784814659179000000,1784814719179000000,0
workspaceModel.workspaceFileIndexData.visitFileSets.ms,1784814659179000000,1784814719179000000,0
workspaceModel.updates.ms,1784814659179000000,1784814719179000000,0
workspaceModel.workspaceFileIndexData.getPackageName.ms,1784814659179000000,1784814719179000000,0
FlushQueue.tasksExecuted,1784814659179000000,1784814719179000000,0
FlushQueue.executionTimeAvgNs,1784814659179000000,1784814719179000000,0.0
FlushQueue.queueSizeAvg,1784814659179000000,1784814719179000000,0.0
FlushQueue.executionTime90PNs,1784814659179000000,1784814719179000000,0
AWTEventQueue.dispatchTimeTotalNS,1784814659179000000,1784814719179000000,8541290
AWTEventQueue.dispatchTime90PNs,1784814659179000000,1784814719179000000,0
FlushQueue.queueSizeMax,1784814659179000000,1784814719179000000,0
WriteAction.executionsCount,1784814659179000000,1784814719179000000,0
NonBlockingReadAction.failedExecutionTimeUs,1784814659179000000,1784814719179000000,0
FlushQueue.executionTimeMaxNs,1784814659179000000,1784814719179000000,0
NonBlockingReadAction.finalizedExecutionsCount,1784814659179000000,1784814719179000000,0
FlushQueue.waitingTimeMaxNs,1784814659179000000,1784814719179000000,0
AWTEventQueue.dispatchTimeMaxNs,1784814659179000000,1784814719179000000,0
AWTEventQueue.dispatchTimeAvgNs,1784814659179000000,1784814719179000000,0.0
NonBlockingReadAction.failedExecutionsCount,1784814659179000000,1784814719179000000,0
AWTEventQueue.eventsDispatched,1784814659179000000,1784814719179000000,0
FlushQueue.queueSize90P,1784814659179000000,1784814719179000000,0
NonBlockingReadAction.finalizedExecutionTimeUs,1784814659179000000,1784814719179000000,0
FlushQueue.waitingTimeAvgNs,1784814659179000000,1784814719179000000,0.0
ReadAction.executionsCount,1784814659179000000,1784814719179000000,4
FlushQueue.waitingTime90PNs,1784814659179000000,1784814719179000000,0
DiskQueryRelay.tasksExecuted,1784814659179000000,1784814719179000000,0
DiskQueryRelay.taskExecutionTotalTimeUs,1784814659179000000,1784814719179000000,0
DiskQueryRelay.tasksRequested,1784814659179000000,1784814719179000000,0
LowMemory.gcOverloaded,1784814659179000000,1784814719179000000,0
writeAction.max.wait.ms,1784814659179000000,1784814719179000000,305
writeAction.count,1784814659179000000,1784814719179000000,0
LowMemory.gcLoad,1784814659179000000,1784814719179000000,1.8134378753743998E-7
writeAction.median.wait.ms,1784814659179000000,1784814719179000000,300
DiskQueryRelay.taskWaitingTotalTimeUs,1784814659179000000,1784814719179000000,0
writeAction.wait.ms,1784814659179000000,1784814719179000000,0
compiler.ArtifactVirtualFileListener.filePathChanged.ms,1784814659179000000,1784814719179000000,0
compiler.ArtifactManagerBridge.getArtifactsByType.ms,1784814659179000000,1784814719179000000,0
compiler.ArtifactManagerBridge.addArtifact.ms,1784814659179000000,1784814719179000000,0
compiler.ArtifactManagerBridge.dropMappings.ms,1784814659179000000,1784814719179000000,0
compiler.ArtifactVirtualFileListener.propertyChanged.ms,1784814659179000000,1784814719179000000,0
compiler.ArtifactManagerBridge.commit.ms,1784814659179000000,1784814719179000000,0
compiler.ArtifactManagerBridge.initBridges.ms,1784814659179000000,1784814719179000000,0
compiler.ArtifactManagerBridge.getArtifacts.ms,1784814659179000000,1784814719179000000,0
compiler.ArtifactManagerBridge.findArtifact.ms,1784814659179000000,1784814719179000000,0
VFS.contentStorage.recordsDecompressionTimeUs,1784814659179000000,1784814719179000000,0
VFS.folderCaseSensitivityReads,1784814659179000000,1784814719179000000,0
VFS.fileByIdCache.misses,1784814659179000000,1784814719179000000,0
FileNameCache.queries,1784814659179000000,1784814719179000000,0
VFS.contentStorage.recordsUncompressedSize,1784814659179000000,1784814719179000000,0
VFS.contentStorage.recordsDeduplicated,1784814659179000000,1784814719179000000,0
VFS.contentStorage.recordsReadDecompressed,1784814659179000000,1784814719179000000,0
VFS.cache.filesCreated,1784814659179000000,1784814719179000000,0
VFS.cache.segments,1784814659179000000,1784814719179000000,335.0
VFS.fileChildByName,1784814659179000000,1784814719179000000,0
VFS.contentStorage.recordsStoredSize,1784814659179000000,1784814719179000000,0
VFS.contentStorage.recordsStored,1784814659179000000,1784814719179000000,0
VFS.invertedFileNameIndex.requests,1784814659179000000,1784814719179000000,0
VFS.fileByIdCache.hits,1784814659179000000,1784814719179000000,0
VFS.contentStorage.recordsReadSize,1784814659179000000,1784814719179000000,0
VFS.contentStorage.recordsStoredCompressed,1784814659179000000,1784814719179000000,0
VFS.cache.directoriesCreated,1784814659179000000,1784814719179000000,0
VFS.cache.segmentsCreated,1784814659179000000,1784814719179000000,0
VFS.rootsCount,1784814659179000000,1784814719179000000,336.0
FileNameCache.totalMisses,1784814659179000000,1784814719179000000,0
VFS.contentStorage.recordsRead,1784814659179000000,1784814719179000000,0
Indexes.entries.lookupDuration90PMs,1784814659179000000,1784814719179000000,0.0
Indexes.entries.lookups,1784814659179000000,1784814719179000000,0
Indexes.allKeys.lookupDurationAvgMs,1784814659179000000,1784814719179000000,0.0
Indexing.writer_1.totalTimeSpentWritingMs,1784814659179000000,1784814719179000000,0
Indexes.entries.lookupDurationAvgMs,1784814659179000000,1784814719179000000,0.0
Indexing.cache.totalCacheMisses,1784814659179000000,1784814719179000000,0
Indexes.stubs.lookupDuration90PMs,1784814659179000000,1784814719179000000,0.0
Indexing.writesQueuedMin,1784814659179000000,1784814719179000000,9223372036854775807
Indexing.writesQueuedMax,1784814659179000000,1784814719179000000,0
Indexes.stubs.lookups,1784814659179000000,1784814719179000000,0
Indexing.cache.totalCacheEvicted,1784814659179000000,1784814719179000000,0
Indexes.entries.lookupDurationMaxMs,1784814659179000000,1784814719179000000,0.0
Indexes.allKeys.lookups,1784814659179000000,1784814719179000000,0
Indexing.cache.totalCacheAccesses,1784814659179000000,1784814719179000000,0
Indexing.writer_3.totalTimeSpentWritingMs,1784814659179000000,1784814719179000000,0
Indexes.stubs.lookupDurationMaxMs,1784814659179000000,1784814719179000000,0.0
Indexing.writer_2.totalTimeSpentWritingMs,1784814659179000000,1784814719179000000,0
Indexing.totalTimeIndexersSleptMs,1784814659179000000,1784814719179000000,0
Indexes.stubs.lookupDurationAvgMs,1784814659179000000,1784814719179000000,0.0
Indexes.allKeys.lookupDurationMaxMs,1784814659179000000,1784814719179000000,0.0
Indexing.writer_0.totalTimeSpentWritingMs,1784814659179000000,1784814719179000000,0
Indexes.allKeys.lookupDuration90PMs,1784814659179000000,1784814719179000000,0.0
cacheStateStorage.get.counter,1784814659179000000,1784814719179000000,0
cacheStateStorage.set.duration,1784814659179000000,1784814719179000000,0
cacheStateStorage.set.counter,1784814659179000000,1784814719179000000,0
cacheStateStorage.get.duration,1784814659179000000,1784814719179000000,0
FileChannelInterruptsRetryer.totalRetriedAttempts,1784814659179000000,1784814719179000000,0
FilePageCache.totalPageLoadsUs,1784814659179000000,1784814719179000000,0
StreamlinedBlobStorage.totalLiveRecordsPayloadBytes,1784814659179000000,1784814719179000000,0
MappedFileStorage.totalBytesMapped,1784814659179000000,1784814719179000000,206831616
DirectByteBufferAllocator.totalSizeOfBuffersAllocatedInBytes,1784814659179000000,1784814719179000000,0
DirectByteBufferAllocator.hits,1784814659179000000,1784814719179000000,0
StreamlinedBlobStorage.totalLiveRecordsCapacityBytes,1784814659179000000,1784814719179000000,0
DirectByteBufferAllocator.disposed,1784814659179000000,1784814719179000000,0
FilePageCache.pageFastCacheHits,1784814659179000000,1784814719179000000,0
FilePageCache.pageLoads,1784814659179000000,1784814719179000000,0
StorageLockContext.competingThreads.avg,1784814659179000000,1784814719179000000,0.0
FilePageCache.pageLoadsAboveSizeThreshold,1784814659179000000,1784814719179000000,0
FilePageCache.pageHits,1784814659179000000,1784814719179000000,0
StreamlinedBlobStorage.recordsRelocated,1784814659179000000,1784814719179000000,0
StorageLockContext.competingThreads.max,1784814659179000000,1784814719179000000,0
DirectByteBufferAllocator.reclaimed,1784814659179000000,1784814719179000000,0
FilePageCache.maxRegisteredFiles,1784814659179000000,1784814719179000000,1661
StreamlinedBlobStorage.recordsAllocated,1784814659179000000,1784814719179000000,0
FilePageCache.totalPageDisposalsUs,1784814659179000000,1784814719179000000,0
MappedFileStorage.totalPagesMapped,1784814659179000000,1784814719179000000,17
DirectByteBufferAllocator.misses,1784814659179000000,1784814719179000000,0
StorageLockContext.competingThreads.90P,1784814659179000000,1784814719179000000,0
FilePageCache.uncachedFileAccess,1784814659179000000,1784814719179000000,0
FilePageCache.capacityInBytes,1784814659179000000,1784814719179000000,629145600
FilePageCache.disposedBuffers,1784814659179000000,1784814719179000000,0
FilePageCache.maxCacheSizeInBytes,1784814659179000000,1784814719179000000,629153792
StreamlinedBlobStorage.recordsDeleted,1784814659179000000,1784814719179000000,0
MappedFileStorage.storages,1784814659179000000,1784814719179000000,17
MappedFileStorage.totalTimeSpentOnMappingUs,1784814659179000000,1784814719179000000,10471
DirectByteBufferAllocator.totalSizeOfBuffersCachedInBytes,1784814659179000000,1784814719179000000,41967616
workspaceModel.global.apply.state.to.project.ms,1784814659179000000,1784814719179000000,0
workspaceModel.mutableEntityStorage.apply.changes.from.ms,1784814659179000000,1784814719179000000,0
workspaceModel.moduleManagerBridge.create.module.instance.ms,1784814659179000000,1784814719179000000,0
workspaceModel.mutableEntityStorage.add.entity.ms,1784814659179000000,1784814719179000000,0
workspaceModel.mutableEntityStorage.changeLog.addReplaceEventForRemovedChild.ms,1784814659179000000,1784814719179000000,0
workspaceModel.moduleManagerBridge.load.module.ms,1784814659179000000,1784814719179000000,0
jps.module.dependency.index.workspace.model.listener.on.changed.ms,1784814659179000000,1784814719179000000,0
workspaceModel.mutableEntityStorage.entities.ms,1784814659179000000,1784814719179000000,0
jps.save.global.entities.ms,1784814659179000000,1784814719179000000,0
workspaceModel.global.apply.state.to.project.builder.ms,1784814659179000000,1784814719179000000,0
workspaceModel.do.save.caches.ms,1784814659179000000,1784814719179000000,0
workspaceModel.load.cache.from.file.ms,1784814659179000000,1784814719179000000,0
jps.artifact.entities.serializer.load.entities.ms,1784814659179000000,1784814719179000000,0
jps.global.get.libraries.ms,1784814659179000000,1784814719179000000,0
workspaceModel.mutableEntityStorage.referrers.ms,1784814659179000000,1784814719179000000,0
jps.module.iml.entities.serializer.save.entities.ms,1784814659179000000,1784814719179000000,0
jps.global.handle.changed.events.ms,1784814659179000000,1784814719179000000,0
workspaceModel.delayed.project.synchronizer.sync.ms,1784814659179000000,1784814719179000000,0
workspaceModel.mutableEntityStorage.entities.by.source.ms,1784814659179000000,1784814719179000000,0
workspaceModel.global.updates.count,1784814659179000000,1784814719179000000,0
jps.storage.jps.conf.reader.load.component.ms,1784814659179000000,1784814719179000000,0
workspaceModel.global.updates.ms,1784814659179000000,1784814719179000000,0
workspaceModel.moduleManagerBridge.new.nonPersistent.module.ms,1784814659179000000,1784814719179000000,0
workspaceModel.mutableEntityStorage.has.same.entities.ms,1784814659179000000,1784814719179000000,0
jps.global.initialize.library.bridges.ms,1784814659179000000,1784814719179000000,0
workspaceModel.mutableEntityStorage.replace.by.source.ms,1784814659179000000,1784814719179000000,0
jps.load.initial.state.ms,1784814659179000000,1784814719179000000,0
workspaceModel.mutableEntityStorage.put.entity.ms,1784814659179000000,1784814719179000000,0
jps.global.get.library.ms,1784814659179000000,1784814719179000000,0
workspaceModel.moduleManagerBridge.build.module.graph.ms,1784814659179000000,1784814719179000000,0
workspaceModel.moduleManagerBridge.set.unloadedModules.ms,1784814659179000000,1784814719179000000,0
workspaceModel.mutableEntityStorage.to.snapshot.ms,1784814659179000000,1784814719179000000,0
jps.project.serializers.save.ms,1784814659179000000,1784814719179000000,0
jps.module.iml.entities.serializer.load.entities.ms,1784814659179000000,1784814719179000000,0
workspaceModel.moduleBridge.before.changed.ms,1784814659179000000,1784814719179000000,0
workspaceModel.mutableEntityStorage.changeLog.addReplaceEventForRemovedParent.ms,1784814659179000000,1784814719179000000,0
jps.apply.loaded.storage.ms,1784814659179000000,1784814719179000000,0
jps.app.storage.content.reader.load.component.ms,1784814659179000000,1784814719179000000,0
workspaceModel.mutableEntityStorage.remove.entity.ms,1784814659179000000,1784814719179000000,0
workspaceModel.mutableEntityStorage.resolve.ms,1784814659179000000,1784814719179000000,0
workspaceModel.sync.entities.ms,1784814659179000000,1784814719179000000,0
workspaceModel.mutableEntityStorage.mutable.ext.mapping.ms,1784814659179000000,1784814719179000000,0
workspaceModel.moduleManagerBridge.get.modules.ms,1784814659179000000,1784814719179000000,0
workspaceModel.moduleBridgeLoader.loading.modules.ms,1784814659179000000,1784814719179000000,0
jps.library.entities.serializer.save.entities.ms,1784814659179000000,1784814719179000000,0
jps.facet.change.listener.process.change.events.ms,1784814659179000000,1784814719179000000,0
workspaceModel.mutableEntityStorage.changeLog.addReplaceEventForNewChild.ms,1784814659179000000,1784814719179000000,0
workspaceModel.mutableEntityStorage.hasReferrers.ms,1784814659179000000,1784814719179000000,0
workspaceModel.moduleBridge.facet.initialization.ms,1784814659179000000,1784814719179000000,0
jps.global.handle.before.change.events.ms,1784814659179000000,1784814719179000000,0
jps.global.initialize.library.bridges.after.loading.ms,1784814659179000000,1784814719179000000,0
jps.reload.project.entities.ms,1784814659179000000,1784814719179000000,0
workspaceModel.orphan.listener.update.ms,1784814659179000000,1784814719179000000,0
workspaceModel.mutableEntityStorage.mutable.vfurl.index.ms,1784814659179000000,1784814719179000000,0
jps.project.serializers.load.ms,1784814659179000000,1784814719179000000,0
workspaceModel.load.cache.metadata.from.file.ms,1784814659179000000,1784814719179000000,0
jps.facet.change.listener.init.bridge.ms,1784814659179000000,1784814719179000000,0
jps.library.entities.serializer.load.entities.ms,1784814659179000000,1784814719179000000,0
jps.load.project.to.empty.storage.ms,1784814659179000000,1784814719179000000,0
jps.facet.change.listener.before.change.events.ms,1784814659179000000,1784814719179000000,0
workspaceModel.mutableEntityStorage.instances.count,1784814659179000000,1784814719179000000,0
workspaceModel.moduleBridge.update.option.ms,1784814659179000000,1784814719179000000,0
workspaceModel.mutableEntityStorage.modify.entity.ms,1784814659179000000,1784814719179000000,0
workspaceModel.moduleManagerBridge.load.all.modules.ms,1784814659179000000,1784814719179000000,0
jps.global.get.library.by.name.ms,1784814659179000000,1784814719179000000,0
workspaceModel.mutableEntityStorage.changeLog.addReplaceEventForNewParent.ms,1784814659179000000,1784814719179000000,0
workspaceModel.moduleManagerBridge.newModule.ms,1784814659179000000,1784814719179000000,0
jps.artifact.entities.serializer.save.entities.ms,1784814659179000000,1784814719179000000,0
workspaceModel.save.cache.to.file.ms,1784814659179000000,1784814719179000000,0
jps.save.changed.project.entities.ms,1784814659179000000,1784814719179000000,0
workspaceModel.mutableEntityStorage.collect.changes.ms,1784814659179000000,1784814719179000000,0
JVM.totalTimeAtSafepointsMs,1784814719179000000,1784814779181000000,0
MEM.ramPlusSwapMinusFileMappingsBytes,1784814719179000000,1784814779181000000,1749506024
JVM.maxHeapBytes,1784814719179000000,1784814779181000000,2147483648
JVM.usedNativeBytes,1784814719179000000,1784814779181000000,565005360
MEM.ramMinusFileMappingsBytes,1784814719179000000,1784814779181000000,187170816
JVM.GC.collectionTimesMs,1784814719179000000,1784814779181000000,0
JVM.committedHeapBytes,1784814719179000000,1784814779181000000,696254464
JVM.maxThreadCount,1784814719179000000,1784814779181000000,182
JVM.threadCount,1784814719179000000,1784814779181000000,60
MEM.fileMappingsRamBytes,1784814719179000000,1784814779181000000,244793344
JVM.GC.collections,1784814719179000000,1784814779181000000,0
OS.loadAverage,1784814719179000000,1784814779181000000,3.39453125
JVM.totalCpuTimeMs,1784814719179000000,1784814779181000000,1065
JVM.totalDirectByteBuffersBytes,1784814719179000000,1784814779181000000,4261896
JVM.totalTimeToSafepointsMs,1784814719179000000,1784814779181000000,0
JVM.totalBytesAllocated,1784814719179000000,1784814779181000000,14857632
JVM.usedHeapBytes,1784814719179000000,1784814779181000000,537779888
JVM.totalSafepointCount,1784814719179000000,1784814779181000000,0
MEM.ramBytes,1784814719179000000,1784814779181000000,431964160
JVM.newThreadsCount,1784814719179000000,1784814779181000000,0
workspaceModel.loading.from.cache.ms,1784814719179000000,1784814779181000000,0
workspaceModel.cachedValueWithParameters.from.cache.count,1784814719179000000,1784814779181000000,0
workspaceModel.workspaceFileIndexData.processFileSets.ms,1784814719179000000,1784814779181000000,0
workspaceModel.cachedValueWithParameters.calculated.count,1784814719179000000,1784814779181000000,0
workspaceModel.workspaceFileIndexData.markDirty.ms,1784814719179000000,1784814779181000000,0
workspaceModel.workspaceFileIndexContributor.registerFileSets.ms,1784814719179000000,1784814779181000000,0
workspaceModel.to.snapshot.ms,1784814719179000000,1784814779181000000,0
workspaceModel.updates.count,1784814719179000000,1784814779181000000,0
workspaceModel.cachedValueWithParameters.clear.count,1784814719179000000,1784814779181000000,0
workspaceModel.cachedValue.total.get.count,1784814719179000000,1784814779181000000,0
workspaceModel.workspaceFileIndexData.onEntitiesChanged.ms,1784814719179000000,1784814779181000000,0
workspaceModel.collect.changes.ms,1784814719179000000,1784814779181000000,0
workspaceModel.pre.handlers.ms,1784814719179000000,1784814779181000000,0
workspaceModel.entityStorageSnapshotImpl.instances.count,1784814719179000000,1784814779181000000,0
workspaceModel.cachedValueWithParameters.total.get.count,1784814719179000000,1784814779181000000,0
workspaceModel.init.bridges.ms,1784814719179000000,1784814779181000000,0
workspaceModel.update.unloaded.entities.ms,1784814719179000000,1784814779181000000,0
workspaceModel.loading.total.ms,1784814719179000000,1784814779181000000,0
workspaceModel.workspaceFileIndexData.updateDirtyEntities.ms,1784814719179000000,1784814779181000000,0
workspaceModel.check.recursive.update.ms,1784814719179000000,1784814779181000000,0
workspaceModel.full.replace.project.model.ms,1784814719179000000,1784814779181000000,0
workspaceModel.initializing.ms,1784814719179000000,1784814779181000000,0
workspaceModel.replace.project.model.ms,1784814719179000000,1784814779181000000,0
workspaceModel.workspaceFileIndexData.getDirectoriesByPackageName.ms,1784814719179000000,1784814779181000000,0
workspaceModel.cachedValue.calculated.count,1784814719179000000,1784814779181000000,0
workspaceModel.updates.precise.ms,1784814719179000000,1784814779181000000,0
workspaceModel.cachedValue.clear.count,1784814719179000000,1784814779181000000,0
workspaceModel.workspaceFileIndexData.getFileInfo.ms,1784814719179000000,1784814779181000000,0
workspaceModel.on.changed.ms,1784814719179000000,1784814779181000000,0
workspaceModel.workspaceFileIndexData.instances.count,1784814719179000000,1784814779181000000,0
workspaceModel.cachedValue.from.cache.count,1784814719179000000,1784814779181000000,0
workspaceModel.workspaceFileIndexData.init.ms,1784814719179000000,1784814779181000000,0
workspaceModel.on.before.changed.ms,1784814719179000000,1784814779181000000,0
workspaceModel.workspaceFileIndexData.visitFileSets.ms,1784814719179000000,1784814779181000000,0
workspaceModel.updates.ms,1784814719179000000,1784814779181000000,0
workspaceModel.workspaceFileIndexData.getPackageName.ms,1784814719179000000,1784814779181000000,0
FlushQueue.tasksExecuted,1784814719179000000,1784814779181000000,0
FlushQueue.executionTimeAvgNs,1784814719179000000,1784814779181000000,0.0
FlushQueue.queueSizeAvg,1784814719179000000,1784814779181000000,0.0
FlushQueue.executionTime90PNs,1784814719179000000,1784814779181000000,0
AWTEventQueue.dispatchTimeTotalNS,1784814719179000000,1784814779181000000,9461080
AWTEventQueue.dispatchTime90PNs,1784814719179000000,1784814779181000000,0
FlushQueue.queueSizeMax,1784814719179000000,1784814779181000000,0
WriteAction.executionsCount,1784814719179000000,1784814779181000000,0
NonBlockingReadAction.failedExecutionTimeUs,1784814719179000000,1784814779181000000,0
FlushQueue.executionTimeMaxNs,1784814719179000000,1784814779181000000,0
NonBlockingReadAction.finalizedExecutionsCount,1784814719179000000,1784814779181000000,0
FlushQueue.waitingTimeMaxNs,1784814719179000000,1784814779181000000,0
AWTEventQueue.dispatchTimeMaxNs,1784814719179000000,1784814779181000000,0
AWTEventQueue.dispatchTimeAvgNs,1784814719179000000,1784814779181000000,0.0
NonBlockingReadAction.failedExecutionsCount,1784814719179000000,1784814779181000000,0
AWTEventQueue.eventsDispatched,1784814719179000000,1784814779181000000,0
FlushQueue.queueSize90P,1784814719179000000,1784814779181000000,0
NonBlockingReadAction.finalizedExecutionTimeUs,1784814719179000000,1784814779181000000,0
FlushQueue.waitingTimeAvgNs,1784814719179000000,1784814779181000000,0.0
ReadAction.executionsCount,1784814719179000000,1784814779181000000,4
FlushQueue.waitingTime90PNs,1784814719179000000,1784814779181000000,0
DiskQueryRelay.tasksExecuted,1784814719179000000,1784814779181000000,0
DiskQueryRelay.taskExecutionTotalTimeUs,1784814719179000000,1784814779181000000,0
DiskQueryRelay.tasksRequested,1784814719179000000,1784814779181000000,0
LowMemory.gcOverloaded,1784814719179000000,1784814779181000000,0
writeAction.max.wait.ms,1784814719179000000,1784814779181000000,305
writeAction.count,1784814719179000000,1784814779181000000,0
LowMemory.gcLoad,1784814719179000000,1784814779181000000,9.308431724954921E-8
writeAction.median.wait.ms,1784814719179000000,1784814779181000000,300
DiskQueryRelay.taskWaitingTotalTimeUs,1784814719179000000,1784814779181000000,0
writeAction.wait.ms,1784814719179000000,1784814779181000000,0
compiler.ArtifactVirtualFileListener.filePathChanged.ms,1784814719179000000,1784814779181000000,0
compiler.ArtifactManagerBridge.getArtifactsByType.ms,1784814719179000000,1784814779181000000,0
compiler.ArtifactManagerBridge.addArtifact.ms,1784814719179000000,1784814779181000000,0
compiler.ArtifactManagerBridge.dropMappings.ms,1784814719179000000,1784814779181000000,0
compiler.ArtifactVirtualFileListener.propertyChanged.ms,1784814719179000000,1784814779181000000,0
compiler.ArtifactManagerBridge.commit.ms,1784814719179000000,1784814779181000000,0
compiler.ArtifactManagerBridge.initBridges.ms,1784814719179000000,1784814779181000000,0
compiler.ArtifactManagerBridge.getArtifacts.ms,1784814719179000000,1784814779181000000,0
compiler.ArtifactManagerBridge.findArtifact.ms,1784814719179000000,1784814779181000000,0
VFS.contentStorage.recordsDecompressionTimeUs,1784814719179000000,1784814779181000000,0
VFS.folderCaseSensitivityReads,1784814719179000000,1784814779181000000,0
VFS.fileByIdCache.misses,1784814719179000000,1784814779181000000,0
FileNameCache.queries,1784814719179000000,1784814779181000000,0
VFS.contentStorage.recordsUncompressedSize,1784814719179000000,1784814779181000000,0
VFS.contentStorage.recordsDeduplicated,1784814719179000000,1784814779181000000,0
VFS.contentStorage.recordsReadDecompressed,1784814719179000000,1784814779181000000,0
VFS.cache.filesCreated,1784814719179000000,1784814779181000000,0
VFS.cache.segments,1784814719179000000,1784814779181000000,335.0
VFS.fileChildByName,1784814719179000000,1784814779181000000,0
VFS.contentStorage.recordsStoredSize,1784814719179000000,1784814779181000000,0
VFS.contentStorage.recordsStored,1784814719179000000,1784814779181000000,0
VFS.invertedFileNameIndex.requests,1784814719179000000,1784814779181000000,0
VFS.fileByIdCache.hits,1784814719179000000,1784814779181000000,0
VFS.contentStorage.recordsReadSize,1784814719179000000,1784814779181000000,0
VFS.contentStorage.recordsStoredCompressed,1784814719179000000,1784814779181000000,0
VFS.cache.directoriesCreated,1784814719179000000,1784814779181000000,0
VFS.cache.segmentsCreated,1784814719179000000,1784814779181000000,0
VFS.rootsCount,1784814719179000000,1784814779181000000,336.0
FileNameCache.totalMisses,1784814719179000000,1784814779181000000,0
VFS.contentStorage.recordsRead,1784814719179000000,1784814779181000000,0
Indexes.entries.lookupDuration90PMs,1784814719179000000,1784814779181000000,0.0
Indexes.entries.lookups,1784814719179000000,1784814779181000000,0
Indexes.allKeys.lookupDurationAvgMs,1784814719179000000,1784814779181000000,0.0
Indexing.writer_1.totalTimeSpentWritingMs,1784814719179000000,1784814779181000000,0
Indexes.entries.lookupDurationAvgMs,1784814719179000000,1784814779181000000,0.0
Indexing.cache.totalCacheMisses,1784814719179000000,1784814779181000000,0
Indexes.stubs.lookupDuration90PMs,1784814719179000000,1784814779181000000,0.0
Indexing.writesQueuedMin,1784814719179000000,1784814779181000000,9223372036854775807
Indexing.writesQueuedMax,1784814719179000000,1784814779181000000,0
Indexes.stubs.lookups,1784814719179000000,1784814779181000000,0
Indexing.cache.totalCacheEvicted,1784814719179000000,1784814779181000000,0
Indexes.entries.lookupDurationMaxMs,1784814719179000000,1784814779181000000,0.0
Indexes.allKeys.lookups,1784814719179000000,1784814779181000000,0
Indexing.cache.totalCacheAccesses,1784814719179000000,1784814779181000000,0
Indexing.writer_3.totalTimeSpentWritingMs,1784814719179000000,1784814779181000000,0
Indexes.stubs.lookupDurationMaxMs,1784814719179000000,1784814779181000000,0.0
Indexing.writer_2.totalTimeSpentWritingMs,1784814719179000000,1784814779181000000,0
Indexing.totalTimeIndexersSleptMs,1784814719179000000,1784814779181000000,0
Indexes.stubs.lookupDurationAvgMs,1784814719179000000,1784814779181000000,0.0
Indexes.allKeys.lookupDurationMaxMs,1784814719179000000,1784814779181000000,0.0
Indexing.writer_0.totalTimeSpentWritingMs,1784814719179000000,1784814779181000000,0
Indexes.allKeys.lookupDuration90PMs,1784814719179000000,1784814779181000000,0.0
cacheStateStorage.get.counter,1784814719179000000,1784814779181000000,0
cacheStateStorage.set.duration,1784814719179000000,1784814779181000000,0
cacheStateStorage.set.counter,1784814719179000000,1784814779181000000,0
cacheStateStorage.get.duration,1784814719179000000,1784814779181000000,0
FileChannelInterruptsRetryer.totalRetriedAttempts,1784814719179000000,1784814779181000000,0
FilePageCache.totalPageLoadsUs,1784814719179000000,1784814779181000000,0
StreamlinedBlobStorage.totalLiveRecordsPayloadBytes,1784814719179000000,1784814779181000000,0
MappedFileStorage.totalBytesMapped,1784814719179000000,1784814779181000000,206831616
DirectByteBufferAllocator.totalSizeOfBuffersAllocatedInBytes,1784814719179000000,1784814779181000000,0
DirectByteBufferAllocator.hits,1784814719179000000,1784814779181000000,0
StreamlinedBlobStorage.totalLiveRecordsCapacityBytes,1784814719179000000,1784814779181000000,0
DirectByteBufferAllocator.disposed,1784814719179000000,1784814779181000000,0
FilePageCache.pageFastCacheHits,1784814719179000000,1784814779181000000,0
FilePageCache.pageLoads,1784814719179000000,1784814779181000000,0
StorageLockContext.competingThreads.avg,1784814719179000000,1784814779181000000,0.0
FilePageCache.pageLoadsAboveSizeThreshold,1784814719179000000,1784814779181000000,0
FilePageCache.pageHits,1784814719179000000,1784814779181000000,0
StreamlinedBlobStorage.recordsRelocated,1784814719179000000,1784814779181000000,0
StorageLockContext.competingThreads.max,1784814719179000000,1784814779181000000,0
DirectByteBufferAllocator.reclaimed,1784814719179000000,1784814779181000000,0
FilePageCache.maxRegisteredFiles,1784814719179000000,1784814779181000000,1661
StreamlinedBlobStorage.recordsAllocated,1784814719179000000,1784814779181000000,0
FilePageCache.totalPageDisposalsUs,1784814719179000000,1784814779181000000,0
MappedFileStorage.totalPagesMapped,1784814719179000000,1784814779181000000,17
DirectByteBufferAllocator.misses,1784814719179000000,1784814779181000000,0
StorageLockContext.competingThreads.90P,1784814719179000000,1784814779181000000,0
FilePageCache.uncachedFileAccess,1784814719179000000,1784814779181000000,0
FilePageCache.capacityInBytes,1784814719179000000,1784814779181000000,629145600
FilePageCache.disposedBuffers,1784814719179000000,1784814779181000000,0
FilePageCache.maxCacheSizeInBytes,1784814719179000000,1784814779181000000,629153792
StreamlinedBlobStorage.recordsDeleted,1784814719179000000,1784814779181000000,0
MappedFileStorage.storages,1784814719179000000,1784814779181000000,17
MappedFileStorage.totalTimeSpentOnMappingUs,1784814719179000000,1784814779181000000,10471
DirectByteBufferAllocator.totalSizeOfBuffersCachedInBytes,1784814719179000000,1784814779181000000,41967616
workspaceModel.global.apply.state.to.project.ms,1784814719179000000,1784814779181000000,0
workspaceModel.mutableEntityStorage.apply.changes.from.ms,1784814719179000000,1784814779181000000,0
workspaceModel.moduleManagerBridge.create.module.instance.ms,1784814719179000000,1784814779181000000,0
workspaceModel.mutableEntityStorage.add.entity.ms,1784814719179000000,1784814779181000000,0
workspaceModel.mutableEntityStorage.changeLog.addReplaceEventForRemovedChild.ms,1784814719179000000,1784814779181000000,0
workspaceModel.moduleManagerBridge.load.module.ms,1784814719179000000,1784814779181000000,0
jps.module.dependency.index.workspace.model.listener.on.changed.ms,1784814719179000000,1784814779181000000,0
workspaceModel.mutableEntityStorage.entities.ms,1784814719179000000,1784814779181000000,0
jps.save.global.entities.ms,1784814719179000000,1784814779181000000,0
workspaceModel.global.apply.state.to.project.builder.ms,1784814719179000000,1784814779181000000,0
workspaceModel.do.save.caches.ms,1784814719179000000,1784814779181000000,0
workspaceModel.load.cache.from.file.ms,1784814719179000000,1784814779181000000,0
jps.artifact.entities.serializer.load.entities.ms,1784814719179000000,1784814779181000000,0
jps.global.get.libraries.ms,1784814719179000000,1784814779181000000,0
workspaceModel.mutableEntityStorage.referrers.ms,1784814719179000000,1784814779181000000,0
jps.module.iml.entities.serializer.save.entities.ms,1784814719179000000,1784814779181000000,0
jps.global.handle.changed.events.ms,1784814719179000000,1784814779181000000,0
workspaceModel.delayed.project.synchronizer.sync.ms,1784814719179000000,1784814779181000000,0
workspaceModel.mutableEntityStorage.entities.by.source.ms,1784814719179000000,1784814779181000000,0
workspaceModel.global.updates.count,1784814719179000000,1784814779181000000,0
jps.storage.jps.conf.reader.load.component.ms,1784814719179000000,1784814779181000000,0
workspaceModel.global.updates.ms,1784814719179000000,1784814779181000000,0
workspaceModel.moduleManagerBridge.new.nonPersistent.module.ms,1784814719179000000,1784814779181000000,0
workspaceModel.mutableEntityStorage.has.same.entities.ms,1784814719179000000,1784814779181000000,0
jps.global.initialize.library.bridges.ms,1784814719179000000,1784814779181000000,0
workspaceModel.mutableEntityStorage.replace.by.source.ms,1784814719179000000,1784814779181000000,0
jps.load.initial.state.ms,1784814719179000000,1784814779181000000,0
workspaceModel.mutableEntityStorage.put.entity.ms,1784814719179000000,1784814779181000000,0
jps.global.get.library.ms,1784814719179000000,1784814779181000000,0
workspaceModel.moduleManagerBridge.build.module.graph.ms,1784814719179000000,1784814779181000000,0
workspaceModel.moduleManagerBridge.set.unloadedModules.ms,1784814719179000000,1784814779181000000,0
workspaceModel.mutableEntityStorage.to.snapshot.ms,1784814719179000000,1784814779181000000,0
jps.project.serializers.save.ms,1784814719179000000,1784814779181000000,0
jps.module.iml.entities.serializer.load.entities.ms,1784814719179000000,1784814779181000000,0
workspaceModel.moduleBridge.before.changed.ms,1784814719179000000,1784814779181000000,0
workspaceModel.mutableEntityStorage.changeLog.addReplaceEventForRemovedParent.ms,1784814719179000000,1784814779181000000,0
jps.apply.loaded.storage.ms,1784814719179000000,1784814779181000000,0
jps.app.storage.content.reader.load.component.ms,1784814719179000000,1784814779181000000,0
workspaceModel.mutableEntityStorage.remove.entity.ms,1784814719179000000,1784814779181000000,0
workspaceModel.mutableEntityStorage.resolve.ms,1784814719179000000,1784814779181000000,0
workspaceModel.sync.entities.ms,1784814719179000000,1784814779181000000,0
workspaceModel.mutableEntityStorage.mutable.ext.mapping.ms,1784814719179000000,1784814779181000000,0
workspaceModel.moduleManagerBridge.get.modules.ms,1784814719179000000,1784814779181000000,0
workspaceModel.moduleBridgeLoader.loading.modules.ms,1784814719179000000,1784814779181000000,0
jps.library.entities.serializer.save.entities.ms,1784814719179000000,1784814779181000000,0
jps.facet.change.listener.process.change.events.ms,1784814719179000000,1784814779181000000,0
workspaceModel.mutableEntityStorage.changeLog.addReplaceEventForNewChild.ms,1784814719179000000,1784814779181000000,0
workspaceModel.mutableEntityStorage.hasReferrers.ms,1784814719179000000,1784814779181000000,0
workspaceModel.moduleBridge.facet.initialization.ms,1784814719179000000,1784814779181000000,0
jps.global.handle.before.change.events.ms,1784814719179000000,1784814779181000000,0
jps.global.initialize.library.bridges.after.loading.ms,1784814719179000000,1784814779181000000,0
jps.reload.project.entities.ms,1784814719179000000,1784814779181000000,0
workspaceModel.orphan.listener.update.ms,1784814719179000000,1784814779181000000,0
workspaceModel.mutableEntityStorage.mutable.vfurl.index.ms,1784814719179000000,1784814779181000000,0
jps.project.serializers.load.ms,1784814719179000000,1784814779181000000,0
workspaceModel.load.cache.metadata.from.file.ms,1784814719179000000,1784814779181000000,0
jps.facet.change.listener.init.bridge.ms,1784814719179000000,1784814779181000000,0
jps.library.entities.serializer.load.entities.ms,1784814719179000000,1784814779181000000,0
jps.load.project.to.empty.storage.ms,1784814719179000000,1784814779181000000,0
jps.facet.change.listener.before.change.events.ms,1784814719179000000,1784814779181000000,0
workspaceModel.mutableEntityStorage.instances.count,1784814719179000000,1784814779181000000,0
workspaceModel.moduleBridge.update.option.ms,1784814719179000000,1784814779181000000,0
workspaceModel.mutableEntityStorage.modify.entity.ms,1784814719179000000,1784814779181000000,0
workspaceModel.moduleManagerBridge.load.all.modules.ms,1784814719179000000,1784814779181000000,0
jps.global.get.library.by.name.ms,1784814719179000000,1784814779181000000,0
workspaceModel.mutableEntityStorage.changeLog.addReplaceEventForNewParent.ms,1784814719179000000,1784814779181000000,0
workspaceModel.moduleManagerBridge.newModule.ms,1784814719179000000,1784814779181000000,0
jps.artifact.entities.serializer.save.entities.ms,1784814719179000000,1784814779181000000,0
workspaceModel.save.cache.to.file.ms,1784814719179000000,1784814779181000000,0
jps.save.changed.project.entities.ms,1784814719179000000,1784814779181000000,0
workspaceModel.mutableEntityStorage.collect.changes.ms,1784814719179000000,1784814779181000000,0
JVM.totalTimeAtSafepointsMs,1784814779181000000,1784814839180000000,0
MEM.ramPlusSwapMinusFileMappingsBytes,1784814779181000000,1784814839180000000,1748162536
JVM.maxHeapBytes,1784814779181000000,1784814839180000000,2147483648
JVM.usedNativeBytes,1784814779181000000,1784814839180000000,565484976
MEM.ramMinusFileMappingsBytes,1784814779181000000,1784814839180000000,138969088
JVM.GC.collectionTimesMs,1784814779181000000,1784814839180000000,0
JVM.committedHeapBytes,1784814779181000000,1784814839180000000,696254464
JVM.maxThreadCount,1784814779181000000,1784814839180000000,182
JVM.threadCount,1784814779181000000,1784814839180000000,60
MEM.fileMappingsRamBytes,1784814779181000000,1784814839180000000,244793344
JVM.GC.collections,1784814779181000000,1784814839180000000,0
OS.loadAverage,1784814779181000000,1784814839180000000,3.78564453125
JVM.totalCpuTimeMs,1784814779181000000,1784814839180000000,1090
JVM.totalDirectByteBuffersBytes,1784814779181000000,1784814839180000000,4261896
JVM.totalTimeToSafepointsMs,1784814779181000000,1784814839180000000,0
JVM.totalBytesAllocated,1784814779181000000,1784814839180000000,15107432
JVM.usedHeapBytes,1784814779181000000,1784814839180000000,553508528
JVM.totalSafepointCount,1784814779181000000,1784814839180000000,0
MEM.ramBytes,1784814779181000000,1784814839180000000,383778816
JVM.newThreadsCount,1784814779181000000,1784814839180000000,0
workspaceModel.loading.from.cache.ms,1784814779181000000,1784814839180000000,0
workspaceModel.cachedValueWithParameters.from.cache.count,1784814779181000000,1784814839180000000,0
workspaceModel.workspaceFileIndexData.processFileSets.ms,1784814779181000000,1784814839180000000,0
workspaceModel.cachedValueWithParameters.calculated.count,1784814779181000000,1784814839180000000,0
workspaceModel.workspaceFileIndexData.markDirty.ms,1784814779181000000,1784814839180000000,0
workspaceModel.workspaceFileIndexContributor.registerFileSets.ms,1784814779181000000,1784814839180000000,0
workspaceModel.to.snapshot.ms,1784814779181000000,1784814839180000000,0
workspaceModel.updates.count,1784814779181000000,1784814839180000000,0
workspaceModel.cachedValueWithParameters.clear.count,1784814779181000000,1784814839180000000,0
workspaceModel.cachedValue.total.get.count,1784814779181000000,1784814839180000000,0
workspaceModel.workspaceFileIndexData.onEntitiesChanged.ms,1784814779181000000,1784814839180000000,0
workspaceModel.collect.changes.ms,1784814779181000000,1784814839180000000,0
workspaceModel.pre.handlers.ms,1784814779181000000,1784814839180000000,0
workspaceModel.entityStorageSnapshotImpl.instances.count,1784814779181000000,1784814839180000000,0
workspaceModel.cachedValueWithParameters.total.get.count,1784814779181000000,1784814839180000000,0
workspaceModel.init.bridges.ms,1784814779181000000,1784814839180000000,0
workspaceModel.update.unloaded.entities.ms,1784814779181000000,1784814839180000000,0
workspaceModel.loading.total.ms,1784814779181000000,1784814839180000000,0
workspaceModel.workspaceFileIndexData.updateDirtyEntities.ms,1784814779181000000,1784814839180000000,0
workspaceModel.check.recursive.update.ms,1784814779181000000,1784814839180000000,0
workspaceModel.full.replace.project.model.ms,1784814779181000000,1784814839180000000,0
workspaceModel.initializing.ms,1784814779181000000,1784814839180000000,0
workspaceModel.replace.project.model.ms,1784814779181000000,1784814839180000000,0
workspaceModel.workspaceFileIndexData.getDirectoriesByPackageName.ms,1784814779181000000,1784814839180000000,0
workspaceModel.cachedValue.calculated.count,1784814779181000000,1784814839180000000,0
workspaceModel.updates.precise.ms,1784814779181000000,1784814839180000000,0
workspaceModel.cachedValue.clear.count,1784814779181000000,1784814839180000000,0
workspaceModel.workspaceFileIndexData.getFileInfo.ms,1784814779181000000,1784814839180000000,0
workspaceModel.on.changed.ms,1784814779181000000,1784814839180000000,0
workspaceModel.workspaceFileIndexData.instances.count,1784814779181000000,1784814839180000000,0
workspaceModel.cachedValue.from.cache.count,1784814779181000000,1784814839180000000,0
workspaceModel.workspaceFileIndexData.init.ms,1784814779181000000,1784814839180000000,0
workspaceModel.on.before.changed.ms,1784814779181000000,1784814839180000000,0
workspaceModel.workspaceFileIndexData.visitFileSets.ms,1784814779181000000,1784814839180000000,0
workspaceModel.updates.ms,1784814779181000000,1784814839180000000,0
workspaceModel.workspaceFileIndexData.getPackageName.ms,1784814779181000000,1784814839180000000,0
FlushQueue.tasksExecuted,1784814779181000000,1784814839180000000,0
FlushQueue.executionTimeAvgNs,1784814779181000000,1784814839180000000,0.0
FlushQueue.queueSizeAvg,1784814779181000000,1784814839180000000,0.0
FlushQueue.executionTime90PNs,1784814779181000000,1784814839180000000,0
AWTEventQueue.dispatchTimeTotalNS,1784814779181000000,1784814839180000000,11950543
AWTEventQueue.dispatchTime90PNs,1784814779181000000,1784814839180000000,0
FlushQueue.queueSizeMax,1784814779181000000,1784814839180000000,0
WriteAction.executionsCount,1784814779181000000,1784814839180000000,0
NonBlockingReadAction.failedExecutionTimeUs,1784814779181000000,1784814839180000000,0
FlushQueue.executionTimeMaxNs,1784814779181000000,1784814839180000000,0
NonBlockingReadAction.finalizedExecutionsCount,1784814779181000000,1784814839180000000,0
FlushQueue.waitingTimeMaxNs,1784814779181000000,1784814839180000000,0
AWTEventQueue.dispatchTimeMaxNs,1784814779181000000,1784814839180000000,0
AWTEventQueue.dispatchTimeAvgNs,1784814779181000000,1784814839180000000,0.0
NonBlockingReadAction.failedExecutionsCount,1784814779181000000,1784814839180000000,0
AWTEventQueue.eventsDispatched,1784814779181000000,1784814839180000000,0
FlushQueue.queueSize90P,1784814779181000000,1784814839180000000,0
NonBlockingReadAction.finalizedExecutionTimeUs,1784814779181000000,1784814839180000000,0
FlushQueue.waitingTimeAvgNs,1784814779181000000,1784814839180000000,0.0
ReadAction.executionsCount,1784814779181000000,1784814839180000000,4
FlushQueue.waitingTime90PNs,1784814779181000000,1784814839180000000,0
DiskQueryRelay.tasksExecuted,1784814779181000000,1784814839180000000,0
DiskQueryRelay.taskExecutionTotalTimeUs,1784814779181000000,1784814839180000000,0
DiskQueryRelay.tasksRequested,1784814779181000000,1784814839180000000,0
LowMemory.gcOverloaded,1784814779181000000,1784814839180000000,0
writeAction.max.wait.ms,1784814779181000000,1784814839180000000,305
writeAction.count,1784814779181000000,1784814839180000000,0
LowMemory.gcLoad,1784814779181000000,1784814839180000000,4.777993203779345E-8
writeAction.median.wait.ms,1784814779181000000,1784814839180000000,300
DiskQueryRelay.taskWaitingTotalTimeUs,1784814779181000000,1784814839180000000,0
writeAction.wait.ms,1784814779181000000,1784814839180000000,0
compiler.ArtifactVirtualFileListener.filePathChanged.ms,1784814779181000000,1784814839180000000,0
compiler.ArtifactManagerBridge.getArtifactsByType.ms,1784814779181000000,1784814839180000000,0
compiler.ArtifactManagerBridge.addArtifact.ms,1784814779181000000,1784814839180000000,0
compiler.ArtifactManagerBridge.dropMappings.ms,1784814779181000000,1784814839180000000,0
compiler.ArtifactVirtualFileListener.propertyChanged.ms,1784814779181000000,1784814839180000000,0
compiler.ArtifactManagerBridge.commit.ms,1784814779181000000,1784814839180000000,0
compiler.ArtifactManagerBridge.initBridges.ms,1784814779181000000,1784814839180000000,0
compiler.ArtifactManagerBridge.getArtifacts.ms,1784814779181000000,1784814839180000000,0
compiler.ArtifactManagerBridge.findArtifact.ms,1784814779181000000,1784814839180000000,0
VFS.contentStorage.recordsDecompressionTimeUs,1784814779181000000,1784814839180000000,0
VFS.folderCaseSensitivityReads,1784814779181000000,1784814839180000000,0
VFS.fileByIdCache.misses,1784814779181000000,1784814839180000000,0
FileNameCache.queries,1784814779181000000,1784814839180000000,0
VFS.contentStorage.recordsUncompressedSize,1784814779181000000,1784814839180000000,0
VFS.contentStorage.recordsDeduplicated,1784814779181000000,1784814839180000000,0
VFS.contentStorage.recordsReadDecompressed,1784814779181000000,1784814839180000000,0
VFS.cache.filesCreated,1784814779181000000,1784814839180000000,0
VFS.cache.segments,1784814779181000000,1784814839180000000,335.0
VFS.fileChildByName,1784814779181000000,1784814839180000000,0
VFS.contentStorage.recordsStoredSize,1784814779181000000,1784814839180000000,0
VFS.contentStorage.recordsStored,1784814779181000000,1784814839180000000,0
VFS.invertedFileNameIndex.requests,1784814779181000000,1784814839180000000,0
VFS.fileByIdCache.hits,1784814779181000000,1784814839180000000,0
VFS.contentStorage.recordsReadSize,1784814779181000000,1784814839180000000,0
VFS.contentStorage.recordsStoredCompressed,1784814779181000000,1784814839180000000,0
VFS.cache.directoriesCreated,1784814779181000000,1784814839180000000,0
VFS.cache.segmentsCreated,1784814779181000000,1784814839180000000,0
VFS.rootsCount,1784814779181000000,1784814839180000000,336.0
FileNameCache.totalMisses,1784814779181000000,1784814839180000000,0
VFS.contentStorage.recordsRead,1784814779181000000,1784814839180000000,0
Indexes.entries.lookupDuration90PMs,1784814779181000000,1784814839180000000,0.0
Indexes.entries.lookups,1784814779181000000,1784814839180000000,0
Indexes.allKeys.lookupDurationAvgMs,1784814779181000000,1784814839180000000,0.0
Indexing.writer_1.totalTimeSpentWritingMs,1784814779181000000,1784814839180000000,0
Indexes.entries.lookupDurationAvgMs,1784814779181000000,1784814839180000000,0.0
Indexing.cache.totalCacheMisses,1784814779181000000,1784814839180000000,0
Indexes.stubs.lookupDuration90PMs,1784814779181000000,1784814839180000000,0.0
Indexing.writesQueuedMin,1784814779181000000,1784814839180000000,9223372036854775807
Indexing.writesQueuedMax,1784814779181000000,1784814839180000000,0
Indexes.stubs.lookups,1784814779181000000,1784814839180000000,0
Indexing.cache.totalCacheEvicted,1784814779181000000,1784814839180000000,0
Indexes.entries.lookupDurationMaxMs,1784814779181000000,1784814839180000000,0.0
Indexes.allKeys.lookups,1784814779181000000,1784814839180000000,0
Indexing.cache.totalCacheAccesses,1784814779181000000,1784814839180000000,0
Indexing.writer_3.totalTimeSpentWritingMs,1784814779181000000,1784814839180000000,0
Indexes.stubs.lookupDurationMaxMs,1784814779181000000,1784814839180000000,0.0
Indexing.writer_2.totalTimeSpentWritingMs,1784814779181000000,1784814839180000000,0
Indexing.totalTimeIndexersSleptMs,1784814779181000000,1784814839180000000,0
Indexes.stubs.lookupDurationAvgMs,1784814779181000000,1784814839180000000,0.0
Indexes.allKeys.lookupDurationMaxMs,1784814779181000000,1784814839180000000,0.0
Indexing.writer_0.totalTimeSpentWritingMs,1784814779181000000,1784814839180000000,0
Indexes.allKeys.lookupDuration90PMs,1784814779181000000,1784814839180000000,0.0
cacheStateStorage.get.counter,1784814779181000000,1784814839180000000,0
cacheStateStorage.set.duration,1784814779181000000,1784814839180000000,0
cacheStateStorage.set.counter,1784814779181000000,1784814839180000000,0
cacheStateStorage.get.duration,1784814779181000000,1784814839180000000,0
FileChannelInterruptsRetryer.totalRetriedAttempts,1784814779181000000,1784814839180000000,0
FilePageCache.totalPageLoadsUs,1784814779181000000,1784814839180000000,0
StreamlinedBlobStorage.totalLiveRecordsPayloadBytes,1784814779181000000,1784814839180000000,0
MappedFileStorage.totalBytesMapped,1784814779181000000,1784814839180000000,206831616
DirectByteBufferAllocator.totalSizeOfBuffersAllocatedInBytes,1784814779181000000,1784814839180000000,0
DirectByteBufferAllocator.hits,1784814779181000000,1784814839180000000,0
StreamlinedBlobStorage.totalLiveRecordsCapacityBytes,1784814779181000000,1784814839180000000,0
DirectByteBufferAllocator.disposed,1784814779181000000,1784814839180000000,0
FilePageCache.pageFastCacheHits,1784814779181000000,1784814839180000000,0
FilePageCache.pageLoads,1784814779181000000,1784814839180000000,0
StorageLockContext.competingThreads.avg,1784814779181000000,1784814839180000000,0.0
FilePageCache.pageLoadsAboveSizeThreshold,1784814779181000000,1784814839180000000,0
FilePageCache.pageHits,1784814779181000000,1784814839180000000,0
StreamlinedBlobStorage.recordsRelocated,1784814779181000000,1784814839180000000,0
StorageLockContext.competingThreads.max,1784814779181000000,1784814839180000000,0
DirectByteBufferAllocator.reclaimed,1784814779181000000,1784814839180000000,0
FilePageCache.maxRegisteredFiles,1784814779181000000,1784814839180000000,1661
StreamlinedBlobStorage.recordsAllocated,1784814779181000000,1784814839180000000,0
FilePageCache.totalPageDisposalsUs,1784814779181000000,1784814839180000000,0
MappedFileStorage.totalPagesMapped,1784814779181000000,1784814839180000000,17
DirectByteBufferAllocator.misses,1784814779181000000,1784814839180000000,0
StorageLockContext.competingThreads.90P,1784814779181000000,1784814839180000000,0
FilePageCache.uncachedFileAccess,1784814779181000000,1784814839180000000,0
FilePageCache.capacityInBytes,1784814779181000000,1784814839180000000,629145600
FilePageCache.disposedBuffers,1784814779181000000,1784814839180000000,0
FilePageCache.maxCacheSizeInBytes,1784814779181000000,1784814839180000000,629153792
StreamlinedBlobStorage.recordsDeleted,1784814779181000000,1784814839180000000,0
MappedFileStorage.storages,1784814779181000000,1784814839180000000,17
MappedFileStorage.totalTimeSpentOnMappingUs,1784814779181000000,1784814839180000000,10471
DirectByteBufferAllocator.totalSizeOfBuffersCachedInBytes,1784814779181000000,1784814839180000000,41967616
workspaceModel.global.apply.state.to.project.ms,1784814779181000000,1784814839180000000,0
workspaceModel.mutableEntityStorage.apply.changes.from.ms,1784814779181000000,1784814839180000000,0
workspaceModel.moduleManagerBridge.create.module.instance.ms,1784814779181000000,1784814839180000000,0
workspaceModel.mutableEntityStorage.add.entity.ms,1784814779181000000,1784814839180000000,0
workspaceModel.mutableEntityStorage.changeLog.addReplaceEventForRemovedChild.ms,1784814779181000000,1784814839180000000,0
workspaceModel.moduleManagerBridge.load.module.ms,1784814779181000000,1784814839180000000,0
jps.module.dependency.index.workspace.model.listener.on.changed.ms,1784814779181000000,1784814839180000000,0
workspaceModel.mutableEntityStorage.entities.ms,1784814779181000000,1784814839180000000,0
jps.save.global.entities.ms,1784814779181000000,1784814839180000000,0
workspaceModel.global.apply.state.to.project.builder.ms,1784814779181000000,1784814839180000000,0
workspaceModel.do.save.caches.ms,1784814779181000000,1784814839180000000,0
workspaceModel.load.cache.from.file.ms,1784814779181000000,1784814839180000000,0
jps.artifact.entities.serializer.load.entities.ms,1784814779181000000,1784814839180000000,0
jps.global.get.libraries.ms,1784814779181000000,1784814839180000000,0
workspaceModel.mutableEntityStorage.referrers.ms,1784814779181000000,1784814839180000000,0
jps.module.iml.entities.serializer.save.entities.ms,1784814779181000000,1784814839180000000,0
jps.global.handle.changed.events.ms,1784814779181000000,1784814839180000000,0
workspaceModel.delayed.project.synchronizer.sync.ms,1784814779181000000,1784814839180000000,0
workspaceModel.mutableEntityStorage.entities.by.source.ms,1784814779181000000,1784814839180000000,0
workspaceModel.global.updates.count,1784814779181000000,1784814839180000000,0
jps.storage.jps.conf.reader.load.component.ms,1784814779181000000,1784814839180000000,0
workspaceModel.global.updates.ms,1784814779181000000,1784814839180000000,0
workspaceModel.moduleManagerBridge.new.nonPersistent.module.ms,1784814779181000000,1784814839180000000,0
workspaceModel.mutableEntityStorage.has.same.entities.ms,1784814779181000000,1784814839180000000,0
jps.global.initialize.library.bridges.ms,1784814779181000000,1784814839180000000,0
workspaceModel.mutableEntityStorage.replace.by.source.ms,1784814779181000000,1784814839180000000,0
jps.load.initial.state.ms,1784814779181000000,1784814839180000000,0
workspaceModel.mutableEntityStorage.put.entity.ms,1784814779181000000,1784814839180000000,0
jps.global.get.library.ms,1784814779181000000,1784814839180000000,0
workspaceModel.moduleManagerBridge.build.module.graph.ms,1784814779181000000,1784814839180000000,0
workspaceModel.moduleManagerBridge.set.unloadedModules.ms,1784814779181000000,1784814839180000000,0
workspaceModel.mutableEntityStorage.to.snapshot.ms,1784814779181000000,1784814839180000000,0
jps.project.serializers.save.ms,1784814779181000000,1784814839180000000,0
jps.module.iml.entities.serializer.load.entities.ms,1784814779181000000,1784814839180000000,0
workspaceModel.moduleBridge.before.changed.ms,1784814779181000000,1784814839180000000,0
workspaceModel.mutableEntityStorage.changeLog.addReplaceEventForRemovedParent.ms,1784814779181000000,1784814839180000000,0
jps.apply.loaded.storage.ms,1784814779181000000,1784814839180000000,0
jps.app.storage.content.reader.load.component.ms,1784814779181000000,1784814839180000000,0
workspaceModel.mutableEntityStorage.remove.entity.ms,1784814779181000000,1784814839180000000,0
workspaceModel.mutableEntityStorage.resolve.ms,1784814779181000000,1784814839180000000,0
workspaceModel.sync.entities.ms,1784814779181000000,1784814839180000000,0
workspaceModel.mutableEntityStorage.mutable.ext.mapping.ms,1784814779181000000,1784814839180000000,0
workspaceModel.moduleManagerBridge.get.modules.ms,1784814779181000000,1784814839180000000,0
workspaceModel.moduleBridgeLoader.loading.modules.ms,1784814779181000000,1784814839180000000,0
jps.library.entities.serializer.save.entities.ms,1784814779181000000,1784814839180000000,0
jps.facet.change.listener.process.change.events.ms,1784814779181000000,1784814839180000000,0
workspaceModel.mutableEntityStorage.changeLog.addReplaceEventForNewChild.ms,1784814779181000000,1784814839180000000,0
workspaceModel.mutableEntityStorage.hasReferrers.ms,1784814779181000000,1784814839180000000,0
workspaceModel.moduleBridge.facet.initialization.ms,1784814779181000000,1784814839180000000,0
jps.global.handle.before.change.events.ms,1784814779181000000,1784814839180000000,0
jps.global.initialize.library.bridges.after.loading.ms,1784814779181000000,1784814839180000000,0
jps.reload.project.entities.ms,1784814779181000000,1784814839180000000,0
workspaceModel.orphan.listener.update.ms,1784814779181000000,1784814839180000000,0
workspaceModel.mutableEntityStorage.mutable.vfurl.index.ms,1784814779181000000,1784814839180000000,0
jps.project.serializers.load.ms,1784814779181000000,1784814839180000000,0
workspaceModel.load.cache.metadata.from.file.ms,1784814779181000000,1784814839180000000,0
jps.facet.change.listener.init.bridge.ms,1784814779181000000,1784814839180000000,0
jps.library.entities.serializer.load.entities.ms,1784814779181000000,1784814839180000000,0
jps.load.project.to.empty.storage.ms,1784814779181000000,1784814839180000000,0
jps.facet.change.listener.before.change.events.ms,1784814779181000000,1784814839180000000,0
workspaceModel.mutableEntityStorage.instances.count,1784814779181000000,1784814839180000000,0
workspaceModel.moduleBridge.update.option.ms,1784814779181000000,1784814839180000000,0
workspaceModel.mutableEntityStorage.modify.entity.ms,1784814779181000000,1784814839180000000,0
workspaceModel.moduleManagerBridge.load.all.modules.ms,1784814779181000000,1784814839180000000,0
jps.global.get.library.by.name.ms,1784814779181000000,1784814839180000000,0
workspaceModel.mutableEntityStorage.changeLog.addReplaceEventForNewParent.ms,1784814779181000000,1784814839180000000,0
workspaceModel.moduleManagerBridge.newModule.ms,1784814779181000000,1784814839180000000,0
jps.artifact.entities.serializer.save.entities.ms,1784814779181000000,1784814839180000000,0
workspaceModel.save.cache.to.file.ms,1784814779181000000,1784814839180000000,0
jps.save.changed.project.entities.ms,1784814779181000000,1784814839180000000,0
workspaceModel.mutableEntityStorage.collect.changes.ms,1784814779181000000,1784814839180000000,0
JVM.totalTimeAtSafepointsMs,1784814839180000000,1784814899177000000,0
MEM.ramPlusSwapMinusFileMappingsBytes,1784814839180000000,1784814899177000000,1745917928
JVM.maxHeapBytes,1784814839180000000,1784814899177000000,2147483648
JVM.usedNativeBytes,1784814839180000000,1784814899177000000,565894520
MEM.ramMinusFileMappingsBytes,1784814839180000000,1784814899177000000,211517440
JVM.GC.collectionTimesMs,1784814839180000000,1784814899177000000,0
JVM.committedHeapBytes,1784814839180000000,1784814899177000000,696254464
JVM.maxThreadCount,1784814839180000000,1784814899177000000,182
JVM.threadCount,1784814839180000000,1784814899177000000,60
MEM.fileMappingsRamBytes,1784814839180000000,1784814899177000000,244793344
JVM.GC.collections,1784814839180000000,1784814899177000000,0
OS.loadAverage,1784814839180000000,1784814899177000000,4.0439453125
JVM.totalCpuTimeMs,1784814839180000000,1784814899177000000,1123
JVM.totalDirectByteBuffersBytes,1784814839180000000,1784814899177000000,4261896
JVM.totalTimeToSafepointsMs,1784814839180000000,1784814899177000000,0
JVM.totalBytesAllocated,1784814839180000000,1784814899177000000,15278960
JVM.usedHeapBytes,1784814839180000000,1784814899177000000,569237168
JVM.totalSafepointCount,1784814839180000000,1784814899177000000,0
MEM.ramBytes,1784814839180000000,1784814899177000000,456556544
JVM.newThreadsCount,1784814839180000000,1784814899177000000,0
workspaceModel.loading.from.cache.ms,1784814839180000000,1784814899177000000,0
workspaceModel.cachedValueWithParameters.from.cache.count,1784814839180000000,1784814899177000000,0
workspaceModel.workspaceFileIndexData.processFileSets.ms,1784814839180000000,1784814899177000000,0
workspaceModel.cachedValueWithParameters.calculated.count,1784814839180000000,1784814899177000000,0
workspaceModel.workspaceFileIndexData.markDirty.ms,1784814839180000000,1784814899177000000,0
workspaceModel.workspaceFileIndexContributor.registerFileSets.ms,1784814839180000000,1784814899177000000,0
workspaceModel.to.snapshot.ms,1784814839180000000,1784814899177000000,0
workspaceModel.updates.count,1784814839180000000,1784814899177000000,0
workspaceModel.cachedValueWithParameters.clear.count,1784814839180000000,1784814899177000000,0
workspaceModel.cachedValue.total.get.count,1784814839180000000,1784814899177000000,0
workspaceModel.workspaceFileIndexData.onEntitiesChanged.ms,1784814839180000000,1784814899177000000,0
workspaceModel.collect.changes.ms,1784814839180000000,1784814899177000000,0
workspaceModel.pre.handlers.ms,1784814839180000000,1784814899177000000,0
workspaceModel.entityStorageSnapshotImpl.instances.count,1784814839180000000,1784814899177000000,0
workspaceModel.cachedValueWithParameters.total.get.count,1784814839180000000,1784814899177000000,0
workspaceModel.init.bridges.ms,1784814839180000000,1784814899177000000,0
workspaceModel.update.unloaded.entities.ms,1784814839180000000,1784814899177000000,0
workspaceModel.loading.total.ms,1784814839180000000,1784814899177000000,0
workspaceModel.workspaceFileIndexData.updateDirtyEntities.ms,1784814839180000000,1784814899177000000,0
workspaceModel.check.recursive.update.ms,1784814839180000000,1784814899177000000,0
workspaceModel.full.replace.project.model.ms,1784814839180000000,1784814899177000000,0
workspaceModel.initializing.ms,1784814839180000000,1784814899177000000,0
workspaceModel.replace.project.model.ms,1784814839180000000,1784814899177000000,0
workspaceModel.workspaceFileIndexData.getDirectoriesByPackageName.ms,1784814839180000000,1784814899177000000,0
workspaceModel.cachedValue.calculated.count,1784814839180000000,1784814899177000000,0
workspaceModel.updates.precise.ms,1784814839180000000,1784814899177000000,0
workspaceModel.cachedValue.clear.count,1784814839180000000,1784814899177000000,0
workspaceModel.workspaceFileIndexData.getFileInfo.ms,1784814839180000000,1784814899177000000,0
workspaceModel.on.changed.ms,1784814839180000000,1784814899177000000,0
workspaceModel.workspaceFileIndexData.instances.count,1784814839180000000,1784814899177000000,0
workspaceModel.cachedValue.from.cache.count,1784814839180000000,1784814899177000000,0
workspaceModel.workspaceFileIndexData.init.ms,1784814839180000000,1784814899177000000,0
workspaceModel.on.before.changed.ms,1784814839180000000,1784814899177000000,0
workspaceModel.workspaceFileIndexData.visitFileSets.ms,1784814839180000000,1784814899177000000,0
workspaceModel.updates.ms,1784814839180000000,1784814899177000000,0
workspaceModel.workspaceFileIndexData.getPackageName.ms,1784814839180000000,1784814899177000000,0
FlushQueue.tasksExecuted,1784814839180000000,1784814899177000000,0
FlushQueue.executionTimeAvgNs,1784814839180000000,1784814899177000000,0.0
FlushQueue.queueSizeAvg,1784814839180000000,1784814899177000000,0.0
FlushQueue.executionTime90PNs,1784814839180000000,1784814899177000000,0
AWTEventQueue.dispatchTimeTotalNS,1784814839180000000,1784814899177000000,10045459
AWTEventQueue.dispatchTime90PNs,1784814839180000000,1784814899177000000,0
FlushQueue.queueSizeMax,1784814839180000000,1784814899177000000,0
WriteAction.executionsCount,1784814839180000000,1784814899177000000,0
NonBlockingReadAction.failedExecutionTimeUs,1784814839180000000,1784814899177000000,0
FlushQueue.executionTimeMaxNs,1784814839180000000,1784814899177000000,0
NonBlockingReadAction.finalizedExecutionsCount,1784814839180000000,1784814899177000000,0
FlushQueue.waitingTimeMaxNs,1784814839180000000,1784814899177000000,0
AWTEventQueue.dispatchTimeMaxNs,1784814839180000000,1784814899177000000,0
AWTEventQueue.dispatchTimeAvgNs,1784814839180000000,1784814899177000000,0.0
NonBlockingReadAction.failedExecutionsCount,1784814839180000000,1784814899177000000,0
AWTEventQueue.eventsDispatched,1784814839180000000,1784814899177000000,0
FlushQueue.queueSize90P,1784814839180000000,1784814899177000000,0
NonBlockingReadAction.finalizedExecutionTimeUs,1784814839180000000,1784814899177000000,0
FlushQueue.waitingTimeAvgNs,1784814839180000000,1784814899177000000,0.0
ReadAction.executionsCount,1784814839180000000,1784814899177000000,4
FlushQueue.waitingTime90PNs,1784814839180000000,1784814899177000000,0
DiskQueryRelay.tasksExecuted,1784814839180000000,1784814899177000000,0
DiskQueryRelay.taskExecutionTotalTimeUs,1784814839180000000,1784814899177000000,0
DiskQueryRelay.tasksRequested,1784814839180000000,1784814899177000000,0
LowMemory.gcOverloaded,1784814839180000000,1784814899177000000,0
writeAction.max.wait.ms,1784814839180000000,1784814899177000000,305
writeAction.count,1784814839180000000,1784814899177000000,0
LowMemory.gcLoad,1784814839180000000,1784814899177000000,2.4527219412410577E-8
writeAction.median.wait.ms,1784814839180000000,1784814899177000000,300
DiskQueryRelay.taskWaitingTotalTimeUs,1784814839180000000,1784814899177000000,0
writeAction.wait.ms,1784814839180000000,1784814899177000000,0
compiler.ArtifactVirtualFileListener.filePathChanged.ms,1784814839180000000,1784814899177000000,0
compiler.ArtifactManagerBridge.getArtifactsByType.ms,1784814839180000000,1784814899177000000,0
compiler.ArtifactManagerBridge.addArtifact.ms,1784814839180000000,1784814899177000000,0
compiler.ArtifactManagerBridge.dropMappings.ms,1784814839180000000,1784814899177000000,0
compiler.ArtifactVirtualFileListener.propertyChanged.ms,1784814839180000000,1784814899177000000,0
compiler.ArtifactManagerBridge.commit.ms,1784814839180000000,1784814899177000000,0
compiler.ArtifactManagerBridge.initBridges.ms,1784814839180000000,1784814899177000000,0
compiler.ArtifactManagerBridge.getArtifacts.ms,1784814839180000000,1784814899177000000,0
compiler.ArtifactManagerBridge.findArtifact.ms,1784814839180000000,1784814899177000000,0
VFS.contentStorage.recordsDecompressionTimeUs,1784814839180000000,1784814899177000000,0
VFS.folderCaseSensitivityReads,1784814839180000000,1784814899177000000,0
VFS.fileByIdCache.misses,1784814839180000000,1784814899177000000,0
FileNameCache.queries,1784814839180000000,1784814899177000000,0
VFS.contentStorage.recordsUncompressedSize,1784814839180000000,1784814899177000000,0
VFS.contentStorage.recordsDeduplicated,1784814839180000000,1784814899177000000,0
VFS.contentStorage.recordsReadDecompressed,1784814839180000000,1784814899177000000,0
VFS.cache.filesCreated,1784814839180000000,1784814899177000000,0
VFS.cache.segments,1784814839180000000,1784814899177000000,335.0
VFS.fileChildByName,1784814839180000000,1784814899177000000,0
VFS.contentStorage.recordsStoredSize,1784814839180000000,1784814899177000000,0
VFS.contentStorage.recordsStored,1784814839180000000,1784814899177000000,0
VFS.invertedFileNameIndex.requests,1784814839180000000,1784814899177000000,0
VFS.fileByIdCache.hits,1784814839180000000,1784814899177000000,0
VFS.contentStorage.recordsReadSize,1784814839180000000,1784814899177000000,0
VFS.contentStorage.recordsStoredCompressed,1784814839180000000,1784814899177000000,0
VFS.cache.directoriesCreated,1784814839180000000,1784814899177000000,0
VFS.cache.segmentsCreated,1784814839180000000,1784814899177000000,0
VFS.rootsCount,1784814839180000000,1784814899177000000,336.0
FileNameCache.totalMisses,1784814839180000000,1784814899177000000,0
VFS.contentStorage.recordsRead,1784814839180000000,1784814899177000000,0
Indexes.entries.lookupDuration90PMs,1784814839180000000,1784814899177000000,0.0
Indexes.entries.lookups,1784814839180000000,1784814899177000000,0
Indexes.allKeys.lookupDurationAvgMs,1784814839180000000,1784814899177000000,0.0
Indexing.writer_1.totalTimeSpentWritingMs,1784814839180000000,1784814899177000000,0
Indexes.entries.lookupDurationAvgMs,1784814839180000000,1784814899177000000,0.0
Indexing.cache.totalCacheMisses,1784814839180000000,1784814899177000000,0
Indexes.stubs.lookupDuration90PMs,1784814839180000000,1784814899177000000,0.0
Indexing.writesQueuedMin,1784814839180000000,1784814899177000000,9223372036854775807
Indexing.writesQueuedMax,1784814839180000000,1784814899177000000,0
Indexes.stubs.lookups,1784814839180000000,1784814899177000000,0
Indexing.cache.totalCacheEvicted,1784814839180000000,1784814899177000000,0
Indexes.entries.lookupDurationMaxMs,1784814839180000000,1784814899177000000,0.0
Indexes.allKeys.lookups,1784814839180000000,1784814899177000000,0
Indexing.cache.totalCacheAccesses,1784814839180000000,1784814899177000000,0
Indexing.writer_3.totalTimeSpentWritingMs,1784814839180000000,1784814899177000000,0
Indexes.stubs.lookupDurationMaxMs,1784814839180000000,1784814899177000000,0.0
Indexing.writer_2.totalTimeSpentWritingMs,1784814839180000000,1784814899177000000,0
Indexing.totalTimeIndexersSleptMs,1784814839180000000,1784814899177000000,0
Indexes.stubs.lookupDurationAvgMs,1784814839180000000,1784814899177000000,0.0
Indexes.allKeys.lookupDurationMaxMs,1784814839180000000,1784814899177000000,0.0
Indexing.writer_0.totalTimeSpentWritingMs,1784814839180000000,1784814899177000000,0
Indexes.allKeys.lookupDuration90PMs,1784814839180000000,1784814899177000000,0.0
cacheStateStorage.get.counter,1784814839180000000,1784814899177000000,0
cacheStateStorage.set.duration,1784814839180000000,1784814899177000000,0
cacheStateStorage.set.counter,1784814839180000000,1784814899177000000,0
cacheStateStorage.get.duration,1784814839180000000,1784814899177000000,0
FileChannelInterruptsRetryer.totalRetriedAttempts,1784814839180000000,1784814899177000000,0
FilePageCache.totalPageLoadsUs,1784814839180000000,1784814899177000000,0
StreamlinedBlobStorage.totalLiveRecordsPayloadBytes,1784814839180000000,1784814899177000000,0
MappedFileStorage.totalBytesMapped,1784814839180000000,1784814899177000000,206831616
DirectByteBufferAllocator.totalSizeOfBuffersAllocatedInBytes,1784814839180000000,1784814899177000000,0
DirectByteBufferAllocator.hits,1784814839180000000,1784814899177000000,0
StreamlinedBlobStorage.totalLiveRecordsCapacityBytes,1784814839180000000,1784814899177000000,0
DirectByteBufferAllocator.disposed,1784814839180000000,1784814899177000000,0
FilePageCache.pageFastCacheHits,1784814839180000000,1784814899177000000,0
FilePageCache.pageLoads,1784814839180000000,1784814899177000000,0
StorageLockContext.competingThreads.avg,1784814839180000000,1784814899177000000,0.0
FilePageCache.pageLoadsAboveSizeThreshold,1784814839180000000,1784814899177000000,0
FilePageCache.pageHits,1784814839180000000,1784814899177000000,0
StreamlinedBlobStorage.recordsRelocated,1784814839180000000,1784814899177000000,0
StorageLockContext.competingThreads.max,1784814839180000000,1784814899177000000,0
DirectByteBufferAllocator.reclaimed,1784814839180000000,1784814899177000000,0
FilePageCache.maxRegisteredFiles,1784814839180000000,1784814899177000000,1661
StreamlinedBlobStorage.recordsAllocated,1784814839180000000,1784814899177000000,0
FilePageCache.totalPageDisposalsUs,1784814839180000000,1784814899177000000,0
MappedFileStorage.totalPagesMapped,1784814839180000000,1784814899177000000,17
DirectByteBufferAllocator.misses,1784814839180000000,1784814899177000000,0
StorageLockContext.competingThreads.90P,1784814839180000000,1784814899177000000,0
FilePageCache.uncachedFileAccess,1784814839180000000,1784814899177000000,0
FilePageCache.capacityInBytes,1784814839180000000,1784814899177000000,629145600
FilePageCache.disposedBuffers,1784814839180000000,1784814899177000000,0
FilePageCache.maxCacheSizeInBytes,1784814839180000000,1784814899177000000,629153792
StreamlinedBlobStorage.recordsDeleted,1784814839180000000,1784814899177000000,0
MappedFileStorage.storages,1784814839180000000,1784814899177000000,17
MappedFileStorage.totalTimeSpentOnMappingUs,1784814839180000000,1784814899177000000,10471
DirectByteBufferAllocator.totalSizeOfBuffersCachedInBytes,1784814839180000000,1784814899177000000,41967616
workspaceModel.global.apply.state.to.project.ms,1784814839180000000,1784814899177000000,0
workspaceModel.mutableEntityStorage.apply.changes.from.ms,1784814839180000000,1784814899177000000,0
workspaceModel.moduleManagerBridge.create.module.instance.ms,1784814839180000000,1784814899177000000,0
workspaceModel.mutableEntityStorage.add.entity.ms,1784814839180000000,1784814899177000000,0
workspaceModel.mutableEntityStorage.changeLog.addReplaceEventForRemovedChild.ms,1784814839180000000,1784814899177000000,0
workspaceModel.moduleManagerBridge.load.module.ms,1784814839180000000,1784814899177000000,0
jps.module.dependency.index.workspace.model.listener.on.changed.ms,1784814839180000000,1784814899177000000,0
workspaceModel.mutableEntityStorage.entities.ms,1784814839180000000,1784814899177000000,0
jps.save.global.entities.ms,1784814839180000000,1784814899177000000,0
workspaceModel.global.apply.state.to.project.builder.ms,1784814839180000000,1784814899177000000,0
workspaceModel.do.save.caches.ms,1784814839180000000,1784814899177000000,0
workspaceModel.load.cache.from.file.ms,1784814839180000000,1784814899177000000,0
jps.artifact.entities.serializer.load.entities.ms,1784814839180000000,1784814899177000000,0
jps.global.get.libraries.ms,1784814839180000000,1784814899177000000,0
workspaceModel.mutableEntityStorage.referrers.ms,1784814839180000000,1784814899177000000,0
jps.module.iml.entities.serializer.save.entities.ms,1784814839180000000,1784814899177000000,0
jps.global.handle.changed.events.ms,1784814839180000000,1784814899177000000,0
workspaceModel.delayed.project.synchronizer.sync.ms,1784814839180000000,1784814899177000000,0
workspaceModel.mutableEntityStorage.entities.by.source.ms,1784814839180000000,1784814899177000000,0
workspaceModel.global.updates.count,1784814839180000000,1784814899177000000,0
jps.storage.jps.conf.reader.load.component.ms,1784814839180000000,1784814899177000000,0
workspaceModel.global.updates.ms,1784814839180000000,1784814899177000000,0
workspaceModel.moduleManagerBridge.new.nonPersistent.module.ms,1784814839180000000,1784814899177000000,0
workspaceModel.mutableEntityStorage.has.same.entities.ms,1784814839180000000,1784814899177000000,0
jps.global.initialize.library.bridges.ms,1784814839180000000,1784814899177000000,0
workspaceModel.mutableEntityStorage.replace.by.source.ms,1784814839180000000,1784814899177000000,0
jps.load.initial.state.ms,1784814839180000000,1784814899177000000,0
workspaceModel.mutableEntityStorage.put.entity.ms,1784814839180000000,1784814899177000000,0
jps.global.get.library.ms,1784814839180000000,1784814899177000000,0
workspaceModel.moduleManagerBridge.build.module.graph.ms,1784814839180000000,1784814899177000000,0
workspaceModel.moduleManagerBridge.set.unloadedModules.ms,1784814839180000000,1784814899177000000,0
workspaceModel.mutableEntityStorage.to.snapshot.ms,1784814839180000000,1784814899177000000,0
jps.project.serializers.save.ms,1784814839180000000,1784814899177000000,0
jps.module.iml.entities.serializer.load.entities.ms,1784814839180000000,1784814899177000000,0
workspaceModel.moduleBridge.before.changed.ms,1784814839180000000,1784814899177000000,0
workspaceModel.mutableEntityStorage.changeLog.addReplaceEventForRemovedParent.ms,1784814839180000000,1784814899177000000,0
jps.apply.loaded.storage.ms,1784814839180000000,1784814899177000000,0
jps.app.storage.content.reader.load.component.ms,1784814839180000000,1784814899177000000,0
workspaceModel.mutableEntityStorage.remove.entity.ms,1784814839180000000,1784814899177000000,0
workspaceModel.mutableEntityStorage.resolve.ms,1784814839180000000,1784814899177000000,0
workspaceModel.sync.entities.ms,1784814839180000000,1784814899177000000,0
workspaceModel.mutableEntityStorage.mutable.ext.mapping.ms,1784814839180000000,1784814899177000000,0
workspaceModel.moduleManagerBridge.get.modules.ms,1784814839180000000,1784814899177000000,0
workspaceModel.moduleBridgeLoader.loading.modules.ms,1784814839180000000,1784814899177000000,0
jps.library.entities.serializer.save.entities.ms,1784814839180000000,1784814899177000000,0
jps.facet.change.listener.process.change.events.ms,1784814839180000000,1784814899177000000,0
workspaceModel.mutableEntityStorage.changeLog.addReplaceEventForNewChild.ms,1784814839180000000,1784814899177000000,0
workspaceModel.mutableEntityStorage.hasReferrers.ms,1784814839180000000,1784814899177000000,0
workspaceModel.moduleBridge.facet.initialization.ms,1784814839180000000,1784814899177000000,0
jps.global.handle.before.change.events.ms,1784814839180000000,1784814899177000000,0
jps.global.initialize.library.bridges.after.loading.ms,1784814839180000000,1784814899177000000,0
jps.reload.project.entities.ms,1784814839180000000,1784814899177000000,0
workspaceModel.orphan.listener.update.ms,1784814839180000000,1784814899177000000,0
workspaceModel.mutableEntityStorage.mutable.vfurl.index.ms,1784814839180000000,1784814899177000000,0
jps.project.serializers.load.ms,1784814839180000000,1784814899177000000,0
workspaceModel.load.cache.metadata.from.file.ms,1784814839180000000,1784814899177000000,0
jps.facet.change.listener.init.bridge.ms,1784814839180000000,1784814899177000000,0
jps.library.entities.serializer.load.entities.ms,1784814839180000000,1784814899177000000,0
jps.load.project.to.empty.storage.ms,1784814839180000000,1784814899177000000,0
jps.facet.change.listener.before.change.events.ms,1784814839180000000,1784814899177000000,0
workspaceModel.mutableEntityStorage.instances.count,1784814839180000000,1784814899177000000,0
workspaceModel.moduleBridge.update.option.ms,1784814839180000000,1784814899177000000,0
workspaceModel.mutableEntityStorage.modify.entity.ms,1784814839180000000,1784814899177000000,0
workspaceModel.moduleManagerBridge.load.all.modules.ms,1784814839180000000,1784814899177000000,0
jps.global.get.library.by.name.ms,1784814839180000000,1784814899177000000,0
workspaceModel.mutableEntityStorage.changeLog.addReplaceEventForNewParent.ms,1784814839180000000,1784814899177000000,0
workspaceModel.moduleManagerBridge.newModule.ms,1784814839180000000,1784814899177000000,0
jps.artifact.entities.serializer.save.entities.ms,1784814839180000000,1784814899177000000,0
workspaceModel.save.cache.to.file.ms,1784814839180000000,1784814899177000000,0
jps.save.changed.project.entities.ms,1784814839180000000,1784814899177000000,0
workspaceModel.mutableEntityStorage.collect.changes.ms,1784814839180000000,1784814899177000000,0
JVM.totalTimeAtSafepointsMs,1784814899177000000,1784814959181000000,0
MEM.ramPlusSwapMinusFileMappingsBytes,1784814899177000000,1784814959181000000,1743509480
JVM.maxHeapBytes,1784814899177000000,1784814959181000000,2147483648
JVM.usedNativeBytes,1784814899177000000,1784814959181000000,566209344
MEM.ramMinusFileMappingsBytes,1784814899177000000,1784814959181000000,242106368
JVM.GC.collectionTimesMs,1784814899177000000,1784814959181000000,0
JVM.committedHeapBytes,1784814899177000000,1784814959181000000,696254464
JVM.maxThreadCount,1784814899177000000,1784814959181000000,182
JVM.threadCount,1784814899177000000,1784814959181000000,61
MEM.fileMappingsRamBytes,1784814899177000000,1784814959181000000,244793344
JVM.GC.collections,1784814899177000000,1784814959181000000,0
OS.loadAverage,1784814899177000000,1784814959181000000,3.51513671875
JVM.totalCpuTimeMs,1784814899177000000,1784814959181000000,943
JVM.totalDirectByteBuffersBytes,1784814899177000000,1784814959181000000,4261896
JVM.totalTimeToSafepointsMs,1784814899177000000,1784814959181000000,0
JVM.totalBytesAllocated,1784814899177000000,1784814959181000000,14953176
JVM.usedHeapBytes,1784814899177000000,1784814959181000000,584965808
JVM.totalSafepointCount,1784814899177000000,1784814959181000000,0
MEM.ramBytes,1784814899177000000,1784814959181000000,487702528
JVM.newThreadsCount,1784814899177000000,1784814959181000000,1
workspaceModel.loading.from.cache.ms,1784814899177000000,1784814959181000000,0
workspaceModel.cachedValueWithParameters.from.cache.count,1784814899177000000,1784814959181000000,0
workspaceModel.workspaceFileIndexData.processFileSets.ms,1784814899177000000,1784814959181000000,0
workspaceModel.cachedValueWithParameters.calculated.count,1784814899177000000,1784814959181000000,0
workspaceModel.workspaceFileIndexData.markDirty.ms,1784814899177000000,1784814959181000000,0
workspaceModel.workspaceFileIndexContributor.registerFileSets.ms,1784814899177000000,1784814959181000000,0
workspaceModel.to.snapshot.ms,1784814899177000000,1784814959181000000,0
workspaceModel.updates.count,1784814899177000000,1784814959181000000,0
workspaceModel.cachedValueWithParameters.clear.count,1784814899177000000,1784814959181000000,0
workspaceModel.cachedValue.total.get.count,1784814899177000000,1784814959181000000,0
workspaceModel.workspaceFileIndexData.onEntitiesChanged.ms,1784814899177000000,1784814959181000000,0
workspaceModel.collect.changes.ms,1784814899177000000,1784814959181000000,0
workspaceModel.pre.handlers.ms,1784814899177000000,1784814959181000000,0
workspaceModel.entityStorageSnapshotImpl.instances.count,1784814899177000000,1784814959181000000,0
workspaceModel.cachedValueWithParameters.total.get.count,1784814899177000000,1784814959181000000,0
workspaceModel.init.bridges.ms,1784814899177000000,1784814959181000000,0
workspaceModel.update.unloaded.entities.ms,1784814899177000000,1784814959181000000,0
workspaceModel.loading.total.ms,1784814899177000000,1784814959181000000,0
workspaceModel.workspaceFileIndexData.updateDirtyEntities.ms,1784814899177000000,1784814959181000000,0
workspaceModel.check.recursive.update.ms,1784814899177000000,1784814959181000000,0
workspaceModel.full.replace.project.model.ms,1784814899177000000,1784814959181000000,0
workspaceModel.initializing.ms,1784814899177000000,1784814959181000000,0
workspaceModel.replace.project.model.ms,1784814899177000000,1784814959181000000,0
workspaceModel.workspaceFileIndexData.getDirectoriesByPackageName.ms,1784814899177000000,1784814959181000000,0
workspaceModel.cachedValue.calculated.count,1784814899177000000,1784814959181000000,0
workspaceModel.updates.precise.ms,1784814899177000000,1784814959181000000,0
workspaceModel.cachedValue.clear.count,1784814899177000000,1784814959181000000,0
workspaceModel.workspaceFileIndexData.getFileInfo.ms,1784814899177000000,1784814959181000000,0
workspaceModel.on.changed.ms,1784814899177000000,1784814959181000000,0
workspaceModel.workspaceFileIndexData.instances.count,1784814899177000000,1784814959181000000,0
workspaceModel.cachedValue.from.cache.count,1784814899177000000,1784814959181000000,0
workspaceModel.workspaceFileIndexData.init.ms,1784814899177000000,1784814959181000000,0
workspaceModel.on.before.changed.ms,1784814899177000000,1784814959181000000,0
workspaceModel.workspaceFileIndexData.visitFileSets.ms,1784814899177000000,1784814959181000000,0
workspaceModel.updates.ms,1784814899177000000,1784814959181000000,0
workspaceModel.workspaceFileIndexData.getPackageName.ms,1784814899177000000,1784814959181000000,0
FlushQueue.tasksExecuted,1784814899177000000,1784814959181000000,0
FlushQueue.executionTimeAvgNs,1784814899177000000,1784814959181000000,0.0
FlushQueue.queueSizeAvg,1784814899177000000,1784814959181000000,0.0
FlushQueue.executionTime90PNs,1784814899177000000,1784814959181000000,0
AWTEventQueue.dispatchTimeTotalNS,1784814899177000000,1784814959181000000,7172165
AWTEventQueue.dispatchTime90PNs,1784814899177000000,1784814959181000000,0
FlushQueue.queueSizeMax,1784814899177000000,1784814959181000000,0
WriteAction.executionsCount,1784814899177000000,1784814959181000000,0
NonBlockingReadAction.failedExecutionTimeUs,1784814899177000000,1784814959181000000,0
FlushQueue.executionTimeMaxNs,1784814899177000000,1784814959181000000,0
NonBlockingReadAction.finalizedExecutionsCount,1784814899177000000,1784814959181000000,0
FlushQueue.waitingTimeMaxNs,1784814899177000000,1784814959181000000,0
AWTEventQueue.dispatchTimeMaxNs,1784814899177000000,1784814959181000000,0
AWTEventQueue.dispatchTimeAvgNs,1784814899177000000,1784814959181000000,0.0
NonBlockingReadAction.failedExecutionsCount,1784814899177000000,1784814959181000000,0
AWTEventQueue.eventsDispatched,1784814899177000000,1784814959181000000,0
FlushQueue.queueSize90P,1784814899177000000,1784814959181000000,0
NonBlockingReadAction.finalizedExecutionTimeUs,1784814899177000000,1784814959181000000,0
FlushQueue.waitingTimeAvgNs,1784814899177000000,1784814959181000000,0.0
ReadAction.executionsCount,1784814899177000000,1784814959181000000,4
FlushQueue.waitingTime90PNs,1784814899177000000,1784814959181000000,0
DiskQueryRelay.tasksExecuted,1784814899177000000,1784814959181000000,0
DiskQueryRelay.taskExecutionTotalTimeUs,1784814899177000000,1784814959181000000,0
DiskQueryRelay.tasksRequested,1784814899177000000,1784814959181000000,0
LowMemory.gcOverloaded,1784814899177000000,1784814959181000000,0
writeAction.max.wait.ms,1784814899177000000,1784814959181000000,305
writeAction.count,1784814899177000000,1784814959181000000,0
LowMemory.gcLoad,1784814899177000000,1784814959181000000,1.259031593319356E-8
writeAction.median.wait.ms,1784814899177000000,1784814959181000000,300
DiskQueryRelay.taskWaitingTotalTimeUs,1784814899177000000,1784814959181000000,0
writeAction.wait.ms,1784814899177000000,1784814959181000000,0
compiler.ArtifactVirtualFileListener.filePathChanged.ms,1784814899177000000,1784814959181000000,0
compiler.ArtifactManagerBridge.getArtifactsByType.ms,1784814899177000000,1784814959181000000,0
compiler.ArtifactManagerBridge.addArtifact.ms,1784814899177000000,1784814959181000000,0
compiler.ArtifactManagerBridge.dropMappings.ms,1784814899177000000,1784814959181000000,0
compiler.ArtifactVirtualFileListener.propertyChanged.ms,1784814899177000000,1784814959181000000,0
compiler.ArtifactManagerBridge.commit.ms,1784814899177000000,1784814959181000000,0
compiler.ArtifactManagerBridge.initBridges.ms,1784814899177000000,1784814959181000000,0
compiler.ArtifactManagerBridge.getArtifacts.ms,1784814899177000000,1784814959181000000,0
compiler.ArtifactManagerBridge.findArtifact.ms,1784814899177000000,1784814959181000000,0
VFS.contentStorage.recordsDecompressionTimeUs,1784814899177000000,1784814959181000000,0
VFS.folderCaseSensitivityReads,1784814899177000000,1784814959181000000,0
VFS.fileByIdCache.misses,1784814899177000000,1784814959181000000,0
FileNameCache.queries,1784814899177000000,1784814959181000000,0
VFS.contentStorage.recordsUncompressedSize,1784814899177000000,1784814959181000000,0
VFS.contentStorage.recordsDeduplicated,1784814899177000000,1784814959181000000,0
VFS.contentStorage.recordsReadDecompressed,1784814899177000000,1784814959181000000,0
VFS.cache.filesCreated,1784814899177000000,1784814959181000000,0
VFS.cache.segments,1784814899177000000,1784814959181000000,335.0
VFS.fileChildByName,1784814899177000000,1784814959181000000,0
VFS.contentStorage.recordsStoredSize,1784814899177000000,1784814959181000000,0
VFS.contentStorage.recordsStored,1784814899177000000,1784814959181000000,0
VFS.invertedFileNameIndex.requests,1784814899177000000,1784814959181000000,0
VFS.fileByIdCache.hits,1784814899177000000,1784814959181000000,0
VFS.contentStorage.recordsReadSize,1784814899177000000,1784814959181000000,0
VFS.contentStorage.recordsStoredCompressed,1784814899177000000,1784814959181000000,0
VFS.cache.directoriesCreated,1784814899177000000,1784814959181000000,0
VFS.cache.segmentsCreated,1784814899177000000,1784814959181000000,0
VFS.rootsCount,1784814899177000000,1784814959181000000,336.0
FileNameCache.totalMisses,1784814899177000000,1784814959181000000,0
VFS.contentStorage.recordsRead,1784814899177000000,1784814959181000000,0
Indexes.entries.lookupDuration90PMs,1784814899177000000,1784814959181000000,0.0
Indexes.entries.lookups,1784814899177000000,1784814959181000000,0
Indexes.allKeys.lookupDurationAvgMs,1784814899177000000,1784814959181000000,0.0
Indexing.writer_1.totalTimeSpentWritingMs,1784814899177000000,1784814959181000000,0
Indexes.entries.lookupDurationAvgMs,1784814899177000000,1784814959181000000,0.0
Indexing.cache.totalCacheMisses,1784814899177000000,1784814959181000000,0
Indexes.stubs.lookupDuration90PMs,1784814899177000000,1784814959181000000,0.0
Indexing.writesQueuedMin,1784814899177000000,1784814959181000000,9223372036854775807
Indexing.writesQueuedMax,1784814899177000000,1784814959181000000,0
Indexes.stubs.lookups,1784814899177000000,1784814959181000000,0
Indexing.cache.totalCacheEvicted,1784814899177000000,1784814959181000000,0
Indexes.entries.lookupDurationMaxMs,1784814899177000000,1784814959181000000,0.0
Indexes.allKeys.lookups,1784814899177000000,1784814959181000000,0
Indexing.cache.totalCacheAccesses,1784814899177000000,1784814959181000000,0
Indexing.writer_3.totalTimeSpentWritingMs,1784814899177000000,1784814959181000000,0
Indexes.stubs.lookupDurationMaxMs,1784814899177000000,1784814959181000000,0.0
Indexing.writer_2.totalTimeSpentWritingMs,1784814899177000000,1784814959181000000,0
Indexing.totalTimeIndexersSleptMs,1784814899177000000,1784814959181000000,0
Indexes.stubs.lookupDurationAvgMs,1784814899177000000,1784814959181000000,0.0
Indexes.allKeys.lookupDurationMaxMs,1784814899177000000,1784814959181000000,0.0
Indexing.writer_0.totalTimeSpentWritingMs,1784814899177000000,1784814959181000000,0
Indexes.allKeys.lookupDuration90PMs,1784814899177000000,1784814959181000000,0.0
cacheStateStorage.get.counter,1784814899177000000,1784814959181000000,0
cacheStateStorage.set.duration,1784814899177000000,1784814959181000000,0
cacheStateStorage.set.counter,1784814899177000000,1784814959181000000,0
cacheStateStorage.get.duration,1784814899177000000,1784814959181000000,0
FileChannelInterruptsRetryer.totalRetriedAttempts,1784814899177000000,1784814959181000000,0
FilePageCache.totalPageLoadsUs,1784814899177000000,1784814959181000000,0
StreamlinedBlobStorage.totalLiveRecordsPayloadBytes,1784814899177000000,1784814959181000000,0
MappedFileStorage.totalBytesMapped,1784814899177000000,1784814959181000000,206831616
DirectByteBufferAllocator.totalSizeOfBuffersAllocatedInBytes,1784814899177000000,1784814959181000000,0
DirectByteBufferAllocator.hits,1784814899177000000,1784814959181000000,0
StreamlinedBlobStorage.totalLiveRecordsCapacityBytes,1784814899177000000,1784814959181000000,0
DirectByteBufferAllocator.disposed,1784814899177000000,1784814959181000000,0
FilePageCache.pageFastCacheHits,1784814899177000000,1784814959181000000,0
FilePageCache.pageLoads,1784814899177000000,1784814959181000000,0
StorageLockContext.competingThreads.avg,1784814899177000000,1784814959181000000,0.0
FilePageCache.pageLoadsAboveSizeThreshold,1784814899177000000,1784814959181000000,0
FilePageCache.pageHits,1784814899177000000,1784814959181000000,0
StreamlinedBlobStorage.recordsRelocated,1784814899177000000,1784814959181000000,0
StorageLockContext.competingThreads.max,1784814899177000000,1784814959181000000,0
DirectByteBufferAllocator.reclaimed,1784814899177000000,1784814959181000000,0
FilePageCache.maxRegisteredFiles,1784814899177000000,1784814959181000000,1661
StreamlinedBlobStorage.recordsAllocated,1784814899177000000,1784814959181000000,0
FilePageCache.totalPageDisposalsUs,1784814899177000000,1784814959181000000,0
MappedFileStorage.totalPagesMapped,1784814899177000000,1784814959181000000,17
DirectByteBufferAllocator.misses,1784814899177000000,1784814959181000000,0
StorageLockContext.competingThreads.90P,1784814899177000000,1784814959181000000,0
FilePageCache.uncachedFileAccess,1784814899177000000,1784814959181000000,0
FilePageCache.capacityInBytes,1784814899177000000,1784814959181000000,629145600
FilePageCache.disposedBuffers,1784814899177000000,1784814959181000000,0
FilePageCache.maxCacheSizeInBytes,1784814899177000000,1784814959181000000,629153792
StreamlinedBlobStorage.recordsDeleted,1784814899177000000,1784814959181000000,0
MappedFileStorage.storages,1784814899177000000,1784814959181000000,17
MappedFileStorage.totalTimeSpentOnMappingUs,1784814899177000000,1784814959181000000,10471
DirectByteBufferAllocator.totalSizeOfBuffersCachedInBytes,1784814899177000000,1784814959181000000,41967616
workspaceModel.global.apply.state.to.project.ms,1784814899177000000,1784814959181000000,0
workspaceModel.mutableEntityStorage.apply.changes.from.ms,1784814899177000000,1784814959181000000,0
workspaceModel.moduleManagerBridge.create.module.instance.ms,1784814899177000000,1784814959181000000,0
workspaceModel.mutableEntityStorage.add.entity.ms,1784814899177000000,1784814959181000000,0
workspaceModel.mutableEntityStorage.changeLog.addReplaceEventForRemovedChild.ms,1784814899177000000,1784814959181000000,0
workspaceModel.moduleManagerBridge.load.module.ms,1784814899177000000,1784814959181000000,0
jps.module.dependency.index.workspace.model.listener.on.changed.ms,1784814899177000000,1784814959181000000,0
workspaceModel.mutableEntityStorage.entities.ms,1784814899177000000,1784814959181000000,0
jps.save.global.entities.ms,1784814899177000000,1784814959181000000,0
workspaceModel.global.apply.state.to.project.builder.ms,1784814899177000000,1784814959181000000,0
workspaceModel.do.save.caches.ms,1784814899177000000,1784814959181000000,0
workspaceModel.load.cache.from.file.ms,1784814899177000000,1784814959181000000,0
jps.artifact.entities.serializer.load.entities.ms,1784814899177000000,1784814959181000000,0
jps.global.get.libraries.ms,1784814899177000000,1784814959181000000,0
workspaceModel.mutableEntityStorage.referrers.ms,1784814899177000000,1784814959181000000,0
jps.module.iml.entities.serializer.save.entities.ms,1784814899177000000,1784814959181000000,0
jps.global.handle.changed.events.ms,1784814899177000000,1784814959181000000,0
workspaceModel.delayed.project.synchronizer.sync.ms,1784814899177000000,1784814959181000000,0
workspaceModel.mutableEntityStorage.entities.by.source.ms,1784814899177000000,1784814959181000000,0
workspaceModel.global.updates.count,1784814899177000000,1784814959181000000,0
jps.storage.jps.conf.reader.load.component.ms,1784814899177000000,1784814959181000000,0
workspaceModel.global.updates.ms,1784814899177000000,1784814959181000000,0
workspaceModel.moduleManagerBridge.new.nonPersistent.module.ms,1784814899177000000,1784814959181000000,0
workspaceModel.mutableEntityStorage.has.same.entities.ms,1784814899177000000,1784814959181000000,0
jps.global.initialize.library.bridges.ms,1784814899177000000,1784814959181000000,0
workspaceModel.mutableEntityStorage.replace.by.source.ms,1784814899177000000,1784814959181000000,0
jps.load.initial.state.ms,1784814899177000000,1784814959181000000,0
workspaceModel.mutableEntityStorage.put.entity.ms,1784814899177000000,1784814959181000000,0
jps.global.get.library.ms,1784814899177000000,1784814959181000000,0
workspaceModel.moduleManagerBridge.build.module.graph.ms,1784814899177000000,1784814959181000000,0
workspaceModel.moduleManagerBridge.set.unloadedModules.ms,1784814899177000000,1784814959181000000,0
workspaceModel.mutableEntityStorage.to.snapshot.ms,1784814899177000000,1784814959181000000,0
jps.project.serializers.save.ms,1784814899177000000,1784814959181000000,0
jps.module.iml.entities.serializer.load.entities.ms,1784814899177000000,1784814959181000000,0
workspaceModel.moduleBridge.before.changed.ms,1784814899177000000,1784814959181000000,0
workspaceModel.mutableEntityStorage.changeLog.addReplaceEventForRemovedParent.ms,1784814899177000000,1784814959181000000,0
jps.apply.loaded.storage.ms,1784814899177000000,1784814959181000000,0
jps.app.storage.content.reader.load.component.ms,1784814899177000000,1784814959181000000,0
workspaceModel.mutableEntityStorage.remove.entity.ms,1784814899177000000,1784814959181000000,0
workspaceModel.mutableEntityStorage.resolve.ms,1784814899177000000,1784814959181000000,0
workspaceModel.sync.entities.ms,1784814899177000000,1784814959181000000,0
workspaceModel.mutableEntityStorage.mutable.ext.mapping.ms,1784814899177000000,1784814959181000000,0
workspaceModel.moduleManagerBridge.get.modules.ms,1784814899177000000,1784814959181000000,0
workspaceModel.moduleBridgeLoader.loading.modules.ms,1784814899177000000,1784814959181000000,0
jps.library.entities.serializer.save.entities.ms,1784814899177000000,1784814959181000000,0
jps.facet.change.listener.process.change.events.ms,1784814899177000000,1784814959181000000,0
workspaceModel.mutableEntityStorage.changeLog.addReplaceEventForNewChild.ms,1784814899177000000,1784814959181000000,0
workspaceModel.mutableEntityStorage.hasReferrers.ms,1784814899177000000,1784814959181000000,0
workspaceModel.moduleBridge.facet.initialization.ms,1784814899177000000,1784814959181000000,0
jps.global.handle.before.change.events.ms,1784814899177000000,1784814959181000000,0
jps.global.initialize.library.bridges.after.loading.ms,1784814899177000000,1784814959181000000,0
jps.reload.project.entities.ms,1784814899177000000,1784814959181000000,0
workspaceModel.orphan.listener.update.ms,1784814899177000000,1784814959181000000,0
workspaceModel.mutableEntityStorage.mutable.vfurl.index.ms,1784814899177000000,1784814959181000000,0
jps.project.serializers.load.ms,1784814899177000000,1784814959181000000,0
workspaceModel.load.cache.metadata.from.file.ms,1784814899177000000,1784814959181000000,0
jps.facet.change.listener.init.bridge.ms,1784814899177000000,1784814959181000000,0
jps.library.entities.serializer.load.entities.ms,1784814899177000000,1784814959181000000,0
jps.load.project.to.empty.storage.ms,1784814899177000000,1784814959181000000,0
jps.facet.change.listener.before.change.events.ms,1784814899177000000,1784814959181000000,0
workspaceModel.mutableEntityStorage.instances.count,1784814899177000000,1784814959181000000,0
workspaceModel.moduleBridge.update.option.ms,1784814899177000000,1784814959181000000,0
workspaceModel.mutableEntityStorage.modify.entity.ms,1784814899177000000,1784814959181000000,0
workspaceModel.moduleManagerBridge.load.all.modules.ms,1784814899177000000,1784814959181000000,0
jps.global.get.library.by.name.ms,1784814899177000000,1784814959181000000,0
workspaceModel.mutableEntityStorage.changeLog.addReplaceEventForNewParent.ms,1784814899177000000,1784814959181000000,0
workspaceModel.moduleManagerBridge.newModule.ms,1784814899177000000,1784814959181000000,0
jps.artifact.entities.serializer.save.entities.ms,1784814899177000000,1784814959181000000,0
workspaceModel.save.cache.to.file.ms,1784814899177000000,1784814959181000000,0
jps.save.changed.project.entities.ms,1784814899177000000,1784814959181000000,0
workspaceModel.mutableEntityStorage.collect.changes.ms,1784814899177000000,1784814959181000000,0
JVM.totalTimeAtSafepointsMs,1784814959181000000,1784815019182000000,0
MEM.ramPlusSwapMinusFileMappingsBytes,1784814959181000000,1784815019182000000,1744492520
JVM.maxHeapBytes,1784814959181000000,1784815019182000000,2147483648
JVM.usedNativeBytes,1784814959181000000,1784815019182000000,566349080
MEM.ramMinusFileMappingsBytes,1784814959181000000,1784815019182000000,220315648
JVM.GC.collectionTimesMs,1784814959181000000,1784815019182000000,0
JVM.committedHeapBytes,1784814959181000000,1784815019182000000,696254464
JVM.maxThreadCount,1784814959181000000,1784815019182000000,182
JVM.threadCount,1784814959181000000,1784815019182000000,60
MEM.fileMappingsRamBytes,1784814959181000000,1784815019182000000,244793344
JVM.GC.collections,1784814959181000000,1784815019182000000,0
OS.loadAverage,1784814959181000000,1784815019182000000,2.693359375
JVM.totalCpuTimeMs,1784814959181000000,1784815019182000000,786
JVM.totalDirectByteBuffersBytes,1784814959181000000,1784815019182000000,4261896
JVM.totalTimeToSafepointsMs,1784814959181000000,1784815019182000000,0
JVM.totalBytesAllocated,1784814959181000000,1784815019182000000,15120096
JVM.usedHeapBytes,1784814959181000000,1784815019182000000,599645872
JVM.totalSafepointCount,1784814959181000000,1784815019182000000,0
MEM.ramBytes,1784814959181000000,1784815019182000000,466059264
JVM.newThreadsCount,1784814959181000000,1784815019182000000,0
workspaceModel.loading.from.cache.ms,1784814959181000000,1784815019182000000,0
workspaceModel.cachedValueWithParameters.from.cache.count,1784814959181000000,1784815019182000000,0
workspaceModel.workspaceFileIndexData.processFileSets.ms,1784814959181000000,1784815019182000000,0
workspaceModel.cachedValueWithParameters.calculated.count,1784814959181000000,1784815019182000000,0
workspaceModel.workspaceFileIndexData.markDirty.ms,1784814959181000000,1784815019182000000,0
workspaceModel.workspaceFileIndexContributor.registerFileSets.ms,1784814959181000000,1784815019182000000,0
workspaceModel.to.snapshot.ms,1784814959181000000,1784815019182000000,0
workspaceModel.updates.count,1784814959181000000,1784815019182000000,0
workspaceModel.cachedValueWithParameters.clear.count,1784814959181000000,1784815019182000000,0
workspaceModel.cachedValue.total.get.count,1784814959181000000,1784815019182000000,0
workspaceModel.workspaceFileIndexData.onEntitiesChanged.ms,1784814959181000000,1784815019182000000,0
workspaceModel.collect.changes.ms,1784814959181000000,1784815019182000000,0
workspaceModel.pre.handlers.ms,1784814959181000000,1784815019182000000,0
workspaceModel.entityStorageSnapshotImpl.instances.count,1784814959181000000,1784815019182000000,0
workspaceModel.cachedValueWithParameters.total.get.count,1784814959181000000,1784815019182000000,0
workspaceModel.init.bridges.ms,1784814959181000000,1784815019182000000,0
workspaceModel.update.unloaded.entities.ms,1784814959181000000,1784815019182000000,0
workspaceModel.loading.total.ms,1784814959181000000,1784815019182000000,0
workspaceModel.workspaceFileIndexData.updateDirtyEntities.ms,1784814959181000000,1784815019182000000,0
workspaceModel.check.recursive.update.ms,1784814959181000000,1784815019182000000,0
workspaceModel.full.replace.project.model.ms,1784814959181000000,1784815019182000000,0
workspaceModel.initializing.ms,1784814959181000000,1784815019182000000,0
workspaceModel.replace.project.model.ms,1784814959181000000,1784815019182000000,0
workspaceModel.workspaceFileIndexData.getDirectoriesByPackageName.ms,1784814959181000000,1784815019182000000,0
workspaceModel.cachedValue.calculated.count,1784814959181000000,1784815019182000000,0
workspaceModel.updates.precise.ms,1784814959181000000,1784815019182000000,0
workspaceModel.cachedValue.clear.count,1784814959181000000,1784815019182000000,0
workspaceModel.workspaceFileIndexData.getFileInfo.ms,1784814959181000000,1784815019182000000,0
workspaceModel.on.changed.ms,1784814959181000000,1784815019182000000,0
workspaceModel.workspaceFileIndexData.instances.count,1784814959181000000,1784815019182000000,0
workspaceModel.cachedValue.from.cache.count,1784814959181000000,1784815019182000000,0
workspaceModel.workspaceFileIndexData.init.ms,1784814959181000000,1784815019182000000,0
workspaceModel.on.before.changed.ms,1784814959181000000,1784815019182000000,0
workspaceModel.workspaceFileIndexData.visitFileSets.ms,1784814959181000000,1784815019182000000,0
workspaceModel.updates.ms,1784814959181000000,1784815019182000000,0
workspaceModel.workspaceFileIndexData.getPackageName.ms,1784814959181000000,1784815019182000000,0
FlushQueue.tasksExecuted,1784814959181000000,1784815019182000000,0
FlushQueue.executionTimeAvgNs,1784814959181000000,1784815019182000000,0.0
FlushQueue.queueSizeAvg,1784814959181000000,1784815019182000000,0.0
FlushQueue.executionTime90PNs,1784814959181000000,1784815019182000000,0
AWTEventQueue.dispatchTimeTotalNS,1784814959181000000,1784815019182000000,7886872
AWTEventQueue.dispatchTime90PNs,1784814959181000000,1784815019182000000,0
FlushQueue.queueSizeMax,1784814959181000000,1784815019182000000,0
WriteAction.executionsCount,1784814959181000000,1784815019182000000,0
NonBlockingReadAction.failedExecutionTimeUs,1784814959181000000,1784815019182000000,0
FlushQueue.executionTimeMaxNs,1784814959181000000,1784815019182000000,0
NonBlockingReadAction.finalizedExecutionsCount,1784814959181000000,1784815019182000000,0
FlushQueue.waitingTimeMaxNs,1784814959181000000,1784815019182000000,0
AWTEventQueue.dispatchTimeMaxNs,1784814959181000000,1784815019182000000,0
AWTEventQueue.dispatchTimeAvgNs,1784814959181000000,1784815019182000000,0.0
NonBlockingReadAction.failedExecutionsCount,1784814959181000000,1784815019182000000,0
AWTEventQueue.eventsDispatched,1784814959181000000,1784815019182000000,0
FlushQueue.queueSize90P,1784814959181000000,1784815019182000000,0
NonBlockingReadAction.finalizedExecutionTimeUs,1784814959181000000,1784815019182000000,0
FlushQueue.waitingTimeAvgNs,1784814959181000000,1784815019182000000,0.0
ReadAction.executionsCount,1784814959181000000,1784815019182000000,4
FlushQueue.waitingTime90PNs,1784814959181000000,1784815019182000000,0
DiskQueryRelay.tasksExecuted,1784814959181000000,1784815019182000000,0
DiskQueryRelay.taskExecutionTotalTimeUs,1784814959181000000,1784815019182000000,0
DiskQueryRelay.tasksRequested,1784814959181000000,1784815019182000000,0
LowMemory.gcOverloaded,1784814959181000000,1784815019182000000,0
writeAction.max.wait.ms,1784814959181000000,1784815019182000000,305
writeAction.count,1784814959181000000,1784815019182000000,0
LowMemory.gcLoad,1784814959181000000,1784815019182000000,6.463078288197335E-9
writeAction.median.wait.ms,1784814959181000000,1784815019182000000,300
DiskQueryRelay.taskWaitingTotalTimeUs,1784814959181000000,1784815019182000000,0
writeAction.wait.ms,1784814959181000000,1784815019182000000,0
compiler.ArtifactVirtualFileListener.filePathChanged.ms,1784814959181000000,1784815019182000000,0
compiler.ArtifactManagerBridge.getArtifactsByType.ms,1784814959181000000,1784815019182000000,0
compiler.ArtifactManagerBridge.addArtifact.ms,1784814959181000000,1784815019182000000,0
compiler.ArtifactManagerBridge.dropMappings.ms,1784814959181000000,1784815019182000000,0
compiler.ArtifactVirtualFileListener.propertyChanged.ms,1784814959181000000,1784815019182000000,0
compiler.ArtifactManagerBridge.commit.ms,1784814959181000000,1784815019182000000,0
compiler.ArtifactManagerBridge.initBridges.ms,1784814959181000000,1784815019182000000,0
compiler.ArtifactManagerBridge.getArtifacts.ms,1784814959181000000,1784815019182000000,0
compiler.ArtifactManagerBridge.findArtifact.ms,1784814959181000000,1784815019182000000,0
VFS.contentStorage.recordsDecompressionTimeUs,1784814959181000000,1784815019182000000,0
VFS.folderCaseSensitivityReads,1784814959181000000,1784815019182000000,0
VFS.fileByIdCache.misses,1784814959181000000,1784815019182000000,0
FileNameCache.queries,1784814959181000000,1784815019182000000,0
VFS.contentStorage.recordsUncompressedSize,1784814959181000000,1784815019182000000,0
VFS.contentStorage.recordsDeduplicated,1784814959181000000,1784815019182000000,0
VFS.contentStorage.recordsReadDecompressed,1784814959181000000,1784815019182000000,0
VFS.cache.filesCreated,1784814959181000000,1784815019182000000,0
VFS.cache.segments,1784814959181000000,1784815019182000000,335.0
VFS.fileChildByName,1784814959181000000,1784815019182000000,0
VFS.contentStorage.recordsStoredSize,1784814959181000000,1784815019182000000,0
VFS.contentStorage.recordsStored,1784814959181000000,1784815019182000000,0
VFS.invertedFileNameIndex.requests,1784814959181000000,1784815019182000000,0
VFS.fileByIdCache.hits,1784814959181000000,1784815019182000000,0
VFS.contentStorage.recordsReadSize,1784814959181000000,1784815019182000000,0
VFS.contentStorage.recordsStoredCompressed,1784814959181000000,1784815019182000000,0
VFS.cache.directoriesCreated,1784814959181000000,1784815019182000000,0
VFS.cache.segmentsCreated,1784814959181000000,1784815019182000000,0
VFS.rootsCount,1784814959181000000,1784815019182000000,336.0
FileNameCache.totalMisses,1784814959181000000,1784815019182000000,0
VFS.contentStorage.recordsRead,1784814959181000000,1784815019182000000,0
Indexes.entries.lookupDuration90PMs,1784814959181000000,1784815019182000000,0.0
Indexes.entries.lookups,1784814959181000000,1784815019182000000,0
Indexes.allKeys.lookupDurationAvgMs,1784814959181000000,1784815019182000000,0.0
Indexing.writer_1.totalTimeSpentWritingMs,1784814959181000000,1784815019182000000,0
Indexes.entries.lookupDurationAvgMs,1784814959181000000,1784815019182000000,0.0
Indexing.cache.totalCacheMisses,1784814959181000000,1784815019182000000,0
Indexes.stubs.lookupDuration90PMs,1784814959181000000,1784815019182000000,0.0
Indexing.writesQueuedMin,1784814959181000000,1784815019182000000,9223372036854775807
Indexing.writesQueuedMax,1784814959181000000,1784815019182000000,0
Indexes.stubs.lookups,1784814959181000000,1784815019182000000,0
Indexing.cache.totalCacheEvicted,1784814959181000000,1784815019182000000,0
Indexes.entries.lookupDurationMaxMs,1784814959181000000,1784815019182000000,0.0
Indexes.allKeys.lookups,1784814959181000000,1784815019182000000,0
Indexing.cache.totalCacheAccesses,1784814959181000000,1784815019182000000,0
Indexing.writer_3.totalTimeSpentWritingMs,1784814959181000000,1784815019182000000,0
Indexes.stubs.lookupDurationMaxMs,1784814959181000000,1784815019182000000,0.0
Indexing.writer_2.totalTimeSpentWritingMs,1784814959181000000,1784815019182000000,0
Indexing.totalTimeIndexersSleptMs,1784814959181000000,1784815019182000000,0
Indexes.stubs.lookupDurationAvgMs,1784814959181000000,1784815019182000000,0.0
Indexes.allKeys.lookupDurationMaxMs,1784814959181000000,1784815019182000000,0.0
Indexing.writer_0.totalTimeSpentWritingMs,1784814959181000000,1784815019182000000,0
Indexes.allKeys.lookupDuration90PMs,1784814959181000000,1784815019182000000,0.0
cacheStateStorage.get.counter,1784814959181000000,1784815019182000000,0
cacheStateStorage.set.duration,1784814959181000000,1784815019182000000,0
cacheStateStorage.set.counter,1784814959181000000,1784815019182000000,0
cacheStateStorage.get.duration,1784814959181000000,1784815019182000000,0
FileChannelInterruptsRetryer.totalRetriedAttempts,1784814959181000000,1784815019182000000,0
FilePageCache.totalPageLoadsUs,1784814959181000000,1784815019182000000,0
StreamlinedBlobStorage.totalLiveRecordsPayloadBytes,1784814959181000000,1784815019182000000,0
MappedFileStorage.totalBytesMapped,1784814959181000000,1784815019182000000,206831616
DirectByteBufferAllocator.totalSizeOfBuffersAllocatedInBytes,1784814959181000000,1784815019182000000,0
DirectByteBufferAllocator.hits,1784814959181000000,1784815019182000000,0
StreamlinedBlobStorage.totalLiveRecordsCapacityBytes,1784814959181000000,1784815019182000000,0
DirectByteBufferAllocator.disposed,1784814959181000000,1784815019182000000,0
FilePageCache.pageFastCacheHits,1784814959181000000,1784815019182000000,0
FilePageCache.pageLoads,1784814959181000000,1784815019182000000,0
StorageLockContext.competingThreads.avg,1784814959181000000,1784815019182000000,0.0
FilePageCache.pageLoadsAboveSizeThreshold,1784814959181000000,1784815019182000000,0
FilePageCache.pageHits,1784814959181000000,1784815019182000000,0
StreamlinedBlobStorage.recordsRelocated,1784814959181000000,1784815019182000000,0
StorageLockContext.competingThreads.max,1784814959181000000,1784815019182000000,0
DirectByteBufferAllocator.reclaimed,1784814959181000000,1784815019182000000,0
FilePageCache.maxRegisteredFiles,1784814959181000000,1784815019182000000,1661
StreamlinedBlobStorage.recordsAllocated,1784814959181000000,1784815019182000000,0
FilePageCache.totalPageDisposalsUs,1784814959181000000,1784815019182000000,0
MappedFileStorage.totalPagesMapped,1784814959181000000,1784815019182000000,17
DirectByteBufferAllocator.misses,1784814959181000000,1784815019182000000,0
StorageLockContext.competingThreads.90P,1784814959181000000,1784815019182000000,0
FilePageCache.uncachedFileAccess,1784814959181000000,1784815019182000000,0
FilePageCache.capacityInBytes,1784814959181000000,1784815019182000000,629145600
FilePageCache.disposedBuffers,1784814959181000000,1784815019182000000,0
FilePageCache.maxCacheSizeInBytes,1784814959181000000,1784815019182000000,629153792
StreamlinedBlobStorage.recordsDeleted,1784814959181000000,1784815019182000000,0
MappedFileStorage.storages,1784814959181000000,1784815019182000000,17
MappedFileStorage.totalTimeSpentOnMappingUs,1784814959181000000,1784815019182000000,10471
DirectByteBufferAllocator.totalSizeOfBuffersCachedInBytes,1784814959181000000,1784815019182000000,41967616
workspaceModel.global.apply.state.to.project.ms,1784814959181000000,1784815019182000000,0
workspaceModel.mutableEntityStorage.apply.changes.from.ms,1784814959181000000,1784815019182000000,0
workspaceModel.moduleManagerBridge.create.module.instance.ms,1784814959181000000,1784815019182000000,0
workspaceModel.mutableEntityStorage.add.entity.ms,1784814959181000000,1784815019182000000,0
workspaceModel.mutableEntityStorage.changeLog.addReplaceEventForRemovedChild.ms,1784814959181000000,1784815019182000000,0
workspaceModel.moduleManagerBridge.load.module.ms,1784814959181000000,1784815019182000000,0
jps.module.dependency.index.workspace.model.listener.on.changed.ms,1784814959181000000,1784815019182000000,0
workspaceModel.mutableEntityStorage.entities.ms,1784814959181000000,1784815019182000000,0
jps.save.global.entities.ms,1784814959181000000,1784815019182000000,0
workspaceModel.global.apply.state.to.project.builder.ms,1784814959181000000,1784815019182000000,0
workspaceModel.do.save.caches.ms,1784814959181000000,1784815019182000000,0
workspaceModel.load.cache.from.file.ms,1784814959181000000,1784815019182000000,0
jps.artifact.entities.serializer.load.entities.ms,1784814959181000000,1784815019182000000,0
jps.global.get.libraries.ms,1784814959181000000,1784815019182000000,0
workspaceModel.mutableEntityStorage.referrers.ms,1784814959181000000,1784815019182000000,0
jps.module.iml.entities.serializer.save.entities.ms,1784814959181000000,1784815019182000000,0
jps.global.handle.changed.events.ms,1784814959181000000,1784815019182000000,0
workspaceModel.delayed.project.synchronizer.sync.ms,1784814959181000000,1784815019182000000,0
workspaceModel.mutableEntityStorage.entities.by.source.ms,1784814959181000000,1784815019182000000,0
workspaceModel.global.updates.count,1784814959181000000,1784815019182000000,0
jps.storage.jps.conf.reader.load.component.ms,1784814959181000000,1784815019182000000,0
workspaceModel.global.updates.ms,1784814959181000000,1784815019182000000,0
workspaceModel.moduleManagerBridge.new.nonPersistent.module.ms,1784814959181000000,1784815019182000000,0
workspaceModel.mutableEntityStorage.has.same.entities.ms,1784814959181000000,1784815019182000000,0
jps.global.initialize.library.bridges.ms,1784814959181000000,1784815019182000000,0
workspaceModel.mutableEntityStorage.replace.by.source.ms,1784814959181000000,1784815019182000000,0
jps.load.initial.state.ms,1784814959181000000,1784815019182000000,0
workspaceModel.mutableEntityStorage.put.entity.ms,1784814959181000000,1784815019182000000,0
jps.global.get.library.ms,1784814959181000000,1784815019182000000,0
workspaceModel.moduleManagerBridge.build.module.graph.ms,1784814959181000000,1784815019182000000,0
workspaceModel.moduleManagerBridge.set.unloadedModules.ms,1784814959181000000,1784815019182000000,0
workspaceModel.mutableEntityStorage.to.snapshot.ms,1784814959181000000,1784815019182000000,0
jps.project.serializers.save.ms,1784814959181000000,1784815019182000000,0
jps.module.iml.entities.serializer.load.entities.ms,1784814959181000000,1784815019182000000,0
workspaceModel.moduleBridge.before.changed.ms,1784814959181000000,1784815019182000000,0
workspaceModel.mutableEntityStorage.changeLog.addReplaceEventForRemovedParent.ms,1784814959181000000,1784815019182000000,0
jps.apply.loaded.storage.ms,1784814959181000000,1784815019182000000,0
jps.app.storage.content.reader.load.component.ms,1784814959181000000,1784815019182000000,0
workspaceModel.mutableEntityStorage.remove.entity.ms,1784814959181000000,1784815019182000000,0
workspaceModel.mutableEntityStorage.resolve.ms,1784814959181000000,1784815019182000000,0
workspaceModel.sync.entities.ms,1784814959181000000,1784815019182000000,0
workspaceModel.mutableEntityStorage.mutable.ext.mapping.ms,1784814959181000000,1784815019182000000,0
workspaceModel.moduleManagerBridge.get.modules.ms,1784814959181000000,1784815019182000000,0
workspaceModel.moduleBridgeLoader.loading.modules.ms,1784814959181000000,1784815019182000000,0
jps.library.entities.serializer.save.entities.ms,1784814959181000000,1784815019182000000,0
jps.facet.change.listener.process.change.events.ms,1784814959181000000,1784815019182000000,0
workspaceModel.mutableEntityStorage.changeLog.addReplaceEventForNewChild.ms,1784814959181000000,1784815019182000000,0
workspaceModel.mutableEntityStorage.hasReferrers.ms,1784814959181000000,1784815019182000000,0
workspaceModel.moduleBridge.facet.initialization.ms,1784814959181000000,1784815019182000000,0
jps.global.handle.before.change.events.ms,1784814959181000000,1784815019182000000,0
jps.global.initialize.library.bridges.after.loading.ms,1784814959181000000,1784815019182000000,0
jps.reload.project.entities.ms,1784814959181000000,1784815019182000000,0
workspaceModel.orphan.listener.update.ms,1784814959181000000,1784815019182000000,0
workspaceModel.mutableEntityStorage.mutable.vfurl.index.ms,1784814959181000000,1784815019182000000,0
jps.project.serializers.load.ms,1784814959181000000,1784815019182000000,0
workspaceModel.load.cache.metadata.from.file.ms,1784814959181000000,1784815019182000000,0
jps.facet.change.listener.init.bridge.ms,1784814959181000000,1784815019182000000,0
jps.library.entities.serializer.load.entities.ms,1784814959181000000,1784815019182000000,0
jps.load.project.to.empty.storage.ms,1784814959181000000,1784815019182000000,0
jps.facet.change.listener.before.change.events.ms,1784814959181000000,1784815019182000000,0
workspaceModel.mutableEntityStorage.instances.count,1784814959181000000,1784815019182000000,0
workspaceModel.moduleBridge.update.option.ms,1784814959181000000,1784815019182000000,0
workspaceModel.mutableEntityStorage.modify.entity.ms,1784814959181000000,1784815019182000000,0
workspaceModel.moduleManagerBridge.load.all.modules.ms,1784814959181000000,1784815019182000000,0
jps.global.get.library.by.name.ms,1784814959181000000,1784815019182000000,0
workspaceModel.mutableEntityStorage.changeLog.addReplaceEventForNewParent.ms,1784814959181000000,1784815019182000000,0
workspaceModel.moduleManagerBridge.newModule.ms,1784814959181000000,1784815019182000000,0
jps.artifact.entities.serializer.save.entities.ms,1784814959181000000,1784815019182000000,0
workspaceModel.save.cache.to.file.ms,1784814959181000000,1784815019182000000,0
jps.save.changed.project.entities.ms,1784814959181000000,1784815019182000000,0
workspaceModel.mutableEntityStorage.collect.changes.ms,1784814959181000000,1784815019182000000,0
JVM.totalTimeAtSafepointsMs,1784815019182000000,1784815079181000000,0
MEM.ramPlusSwapMinusFileMappingsBytes,1784815019182000000,1784815079181000000,1744181224
JVM.maxHeapBytes,1784815019182000000,1784815079181000000,2147483648
JVM.usedNativeBytes,1784815019182000000,1784815079181000000,566511088
MEM.ramMinusFileMappingsBytes,1784815019182000000,1784815079181000000,235470848
JVM.GC.collectionTimesMs,1784815019182000000,1784815079181000000,0
JVM.committedHeapBytes,1784815019182000000,1784815079181000000,696254464
JVM.maxThreadCount,1784815019182000000,1784815079181000000,182
JVM.threadCount,1784815019182000000,1784815079181000000,60
MEM.fileMappingsRamBytes,1784815019182000000,1784815079181000000,244793344
JVM.GC.collections,1784815019182000000,1784815079181000000,0
OS.loadAverage,1784815019182000000,1784815079181000000,2.4619140625
JVM.totalCpuTimeMs,1784815019182000000,1784815079181000000,905
JVM.totalDirectByteBuffersBytes,1784815019182000000,1784815079181000000,4261896
JVM.totalTimeToSafepointsMs,1784815019182000000,1784815079181000000,0
JVM.totalBytesAllocated,1784815019182000000,1784815079181000000,15217688
JVM.usedHeapBytes,1784815019182000000,1784815079181000000,615374512
JVM.totalSafepointCount,1784815019182000000,1784815079181000000,0
MEM.ramBytes,1784815019182000000,1784815079181000000,480428032
JVM.newThreadsCount,1784815019182000000,1784815079181000000,0
workspaceModel.loading.from.cache.ms,1784815019182000000,1784815079181000000,0
workspaceModel.cachedValueWithParameters.from.cache.count,1784815019182000000,1784815079181000000,0
workspaceModel.workspaceFileIndexData.processFileSets.ms,1784815019182000000,1784815079181000000,0
workspaceModel.cachedValueWithParameters.calculated.count,1784815019182000000,1784815079181000000,0
workspaceModel.workspaceFileIndexData.markDirty.ms,1784815019182000000,1784815079181000000,0
workspaceModel.workspaceFileIndexContributor.registerFileSets.ms,1784815019182000000,1784815079181000000,0
workspaceModel.to.snapshot.ms,1784815019182000000,1784815079181000000,0
workspaceModel.updates.count,1784815019182000000,1784815079181000000,0
workspaceModel.cachedValueWithParameters.clear.count,1784815019182000000,1784815079181000000,0
workspaceModel.cachedValue.total.get.count,1784815019182000000,1784815079181000000,0
workspaceModel.workspaceFileIndexData.onEntitiesChanged.ms,1784815019182000000,1784815079181000000,0
workspaceModel.collect.changes.ms,1784815019182000000,1784815079181000000,0
workspaceModel.pre.handlers.ms,1784815019182000000,1784815079181000000,0
workspaceModel.entityStorageSnapshotImpl.instances.count,1784815019182000000,1784815079181000000,0
workspaceModel.cachedValueWithParameters.total.get.count,1784815019182000000,1784815079181000000,0
workspaceModel.init.bridges.ms,1784815019182000000,1784815079181000000,0
workspaceModel.update.unloaded.entities.ms,1784815019182000000,1784815079181000000,0
workspaceModel.loading.total.ms,1784815019182000000,1784815079181000000,0
workspaceModel.workspaceFileIndexData.updateDirtyEntities.ms,1784815019182000000,1784815079181000000,0
workspaceModel.check.recursive.update.ms,1784815019182000000,1784815079181000000,0
workspaceModel.full.replace.project.model.ms,1784815019182000000,1784815079181000000,0
workspaceModel.initializing.ms,1784815019182000000,1784815079181000000,0
workspaceModel.replace.project.model.ms,1784815019182000000,1784815079181000000,0
workspaceModel.workspaceFileIndexData.getDirectoriesByPackageName.ms,1784815019182000000,1784815079181000000,0
workspaceModel.cachedValue.calculated.count,1784815019182000000,1784815079181000000,0
workspaceModel.updates.precise.ms,1784815019182000000,1784815079181000000,0
workspaceModel.cachedValue.clear.count,1784815019182000000,1784815079181000000,0
workspaceModel.workspaceFileIndexData.getFileInfo.ms,1784815019182000000,1784815079181000000,0
workspaceModel.on.changed.ms,1784815019182000000,1784815079181000000,0
workspaceModel.workspaceFileIndexData.instances.count,1784815019182000000,1784815079181000000,0
workspaceModel.cachedValue.from.cache.count,1784815019182000000,1784815079181000000,0
workspaceModel.workspaceFileIndexData.init.ms,1784815019182000000,1784815079181000000,0
workspaceModel.on.before.changed.ms,1784815019182000000,1784815079181000000,0
workspaceModel.workspaceFileIndexData.visitFileSets.ms,1784815019182000000,1784815079181000000,0
workspaceModel.updates.ms,1784815019182000000,1784815079181000000,0
workspaceModel.workspaceFileIndexData.getPackageName.ms,1784815019182000000,1784815079181000000,0
FlushQueue.tasksExecuted,1784815019182000000,1784815079181000000,0
FlushQueue.executionTimeAvgNs,1784815019182000000,1784815079181000000,0.0
FlushQueue.queueSizeAvg,1784815019182000000,1784815079181000000,0.0
FlushQueue.executionTime90PNs,1784815019182000000,1784815079181000000,0
AWTEventQueue.dispatchTimeTotalNS,1784815019182000000,1784815079181000000,7904045
AWTEventQueue.dispatchTime90PNs,1784815019182000000,1784815079181000000,0
FlushQueue.queueSizeMax,1784815019182000000,1784815079181000000,0
WriteAction.executionsCount,1784815019182000000,1784815079181000000,0
NonBlockingReadAction.failedExecutionTimeUs,1784815019182000000,1784815079181000000,0
FlushQueue.executionTimeMaxNs,1784815019182000000,1784815079181000000,0
NonBlockingReadAction.finalizedExecutionsCount,1784815019182000000,1784815079181000000,0
FlushQueue.waitingTimeMaxNs,1784815019182000000,1784815079181000000,0
AWTEventQueue.dispatchTimeMaxNs,1784815019182000000,1784815079181000000,0
AWTEventQueue.dispatchTimeAvgNs,1784815019182000000,1784815079181000000,0.0
NonBlockingReadAction.failedExecutionsCount,1784815019182000000,1784815079181000000,0
AWTEventQueue.eventsDispatched,1784815019182000000,1784815079181000000,0
FlushQueue.queueSize90P,1784815019182000000,1784815079181000000,0
NonBlockingReadAction.finalizedExecutionTimeUs,1784815019182000000,1784815079181000000,0
FlushQueue.waitingTimeAvgNs,1784815019182000000,1784815079181000000,0.0
ReadAction.executionsCount,1784815019182000000,1784815079181000000,4
FlushQueue.waitingTime90PNs,1784815019182000000,1784815079181000000,0
DiskQueryRelay.tasksExecuted,1784815019182000000,1784815079181000000,0
DiskQueryRelay.taskExecutionTotalTimeUs,1784815019182000000,1784815079181000000,0
DiskQueryRelay.tasksRequested,1784815019182000000,1784815079181000000,0
LowMemory.gcOverloaded,1784815019182000000,1784815079181000000,0
writeAction.max.wait.ms,1784815019182000000,1784815079181000000,305
writeAction.count,1784815019182000000,1784815079181000000,0
LowMemory.gcLoad,1784815019182000000,1784815079181000000,3.317738901947665E-9
writeAction.median.wait.ms,1784815019182000000,1784815079181000000,300
DiskQueryRelay.taskWaitingTotalTimeUs,1784815019182000000,1784815079181000000,0
writeAction.wait.ms,1784815019182000000,1784815079181000000,0
compiler.ArtifactVirtualFileListener.filePathChanged.ms,1784815019182000000,1784815079181000000,0
compiler.ArtifactManagerBridge.getArtifactsByType.ms,1784815019182000000,1784815079181000000,0
compiler.ArtifactManagerBridge.addArtifact.ms,1784815019182000000,1784815079181000000,0
compiler.ArtifactManagerBridge.dropMappings.ms,1784815019182000000,1784815079181000000,0
compiler.ArtifactVirtualFileListener.propertyChanged.ms,1784815019182000000,1784815079181000000,0
compiler.ArtifactManagerBridge.commit.ms,1784815019182000000,1784815079181000000,0
compiler.ArtifactManagerBridge.initBridges.ms,1784815019182000000,1784815079181000000,0
compiler.ArtifactManagerBridge.getArtifacts.ms,1784815019182000000,1784815079181000000,0
compiler.ArtifactManagerBridge.findArtifact.ms,1784815019182000000,1784815079181000000,0
VFS.contentStorage.recordsDecompressionTimeUs,1784815019182000000,1784815079181000000,0
VFS.folderCaseSensitivityReads,1784815019182000000,1784815079181000000,0
VFS.fileByIdCache.misses,1784815019182000000,1784815079181000000,0
FileNameCache.queries,1784815019182000000,1784815079181000000,0
VFS.contentStorage.recordsUncompressedSize,1784815019182000000,1784815079181000000,0
VFS.contentStorage.recordsDeduplicated,1784815019182000000,1784815079181000000,0
VFS.contentStorage.recordsReadDecompressed,1784815019182000000,1784815079181000000,0
VFS.cache.filesCreated,1784815019182000000,1784815079181000000,0
VFS.cache.segments,1784815019182000000,1784815079181000000,335.0
VFS.fileChildByName,1784815019182000000,1784815079181000000,0
VFS.contentStorage.recordsStoredSize,1784815019182000000,1784815079181000000,0
VFS.contentStorage.recordsStored,1784815019182000000,1784815079181000000,0
VFS.invertedFileNameIndex.requests,1784815019182000000,1784815079181000000,0
VFS.fileByIdCache.hits,1784815019182000000,1784815079181000000,0
VFS.contentStorage.recordsReadSize,1784815019182000000,1784815079181000000,0
VFS.contentStorage.recordsStoredCompressed,1784815019182000000,1784815079181000000,0
VFS.cache.directoriesCreated,1784815019182000000,1784815079181000000,0
VFS.cache.segmentsCreated,1784815019182000000,1784815079181000000,0
VFS.rootsCount,1784815019182000000,1784815079181000000,336.0
FileNameCache.totalMisses,1784815019182000000,1784815079181000000,0
VFS.contentStorage.recordsRead,1784815019182000000,1784815079181000000,0
Indexes.entries.lookupDuration90PMs,1784815019182000000,1784815079181000000,0.0
Indexes.entries.lookups,1784815019182000000,1784815079181000000,0
Indexes.allKeys.lookupDurationAvgMs,1784815019182000000,1784815079181000000,0.0
Indexing.writer_1.totalTimeSpentWritingMs,1784815019182000000,1784815079181000000,0
Indexes.entries.lookupDurationAvgMs,1784815019182000000,1784815079181000000,0.0
Indexing.cache.totalCacheMisses,1784815019182000000,1784815079181000000,0
Indexes.stubs.lookupDuration90PMs,1784815019182000000,1784815079181000000,0.0
Indexing.writesQueuedMin,1784815019182000000,1784815079181000000,9223372036854775807
Indexing.writesQueuedMax,1784815019182000000,1784815079181000000,0
Indexes.stubs.lookups,1784815019182000000,1784815079181000000,0
Indexing.cache.totalCacheEvicted,1784815019182000000,1784815079181000000,0
Indexes.entries.lookupDurationMaxMs,1784815019182000000,1784815079181000000,0.0
Indexes.allKeys.lookups,1784815019182000000,1784815079181000000,0
Indexing.cache.totalCacheAccesses,1784815019182000000,1784815079181000000,0
Indexing.writer_3.totalTimeSpentWritingMs,1784815019182000000,1784815079181000000,0
Indexes.stubs.lookupDurationMaxMs,1784815019182000000,1784815079181000000,0.0
Indexing.writer_2.totalTimeSpentWritingMs,1784815019182000000,1784815079181000000,0
Indexing.totalTimeIndexersSleptMs,1784815019182000000,1784815079181000000,0
Indexes.stubs.lookupDurationAvgMs,1784815019182000000,1784815079181000000,0.0
Indexes.allKeys.lookupDurationMaxMs,1784815019182000000,1784815079181000000,0.0
Indexing.writer_0.totalTimeSpentWritingMs,1784815019182000000,1784815079181000000,0
Indexes.allKeys.lookupDuration90PMs,1784815019182000000,1784815079181000000,0.0
cacheStateStorage.get.counter,1784815019182000000,1784815079181000000,0
cacheStateStorage.set.duration,1784815019182000000,1784815079181000000,0
cacheStateStorage.set.counter,1784815019182000000,1784815079181000000,0
cacheStateStorage.get.duration,1784815019182000000,1784815079181000000,0
FileChannelInterruptsRetryer.totalRetriedAttempts,1784815019182000000,1784815079181000000,0
FilePageCache.totalPageLoadsUs,1784815019182000000,1784815079181000000,0
StreamlinedBlobStorage.totalLiveRecordsPayloadBytes,1784815019182000000,1784815079181000000,0
MappedFileStorage.totalBytesMapped,1784815019182000000,1784815079181000000,206831616
DirectByteBufferAllocator.totalSizeOfBuffersAllocatedInBytes,1784815019182000000,1784815079181000000,0
DirectByteBufferAllocator.hits,1784815019182000000,1784815079181000000,0
StreamlinedBlobStorage.totalLiveRecordsCapacityBytes,1784815019182000000,1784815079181000000,0
DirectByteBufferAllocator.disposed,1784815019182000000,1784815079181000000,0
FilePageCache.pageFastCacheHits,1784815019182000000,1784815079181000000,0
FilePageCache.pageLoads,1784815019182000000,1784815079181000000,0
StorageLockContext.competingThreads.avg,1784815019182000000,1784815079181000000,0.0
FilePageCache.pageLoadsAboveSizeThreshold,1784815019182000000,1784815079181000000,0
FilePageCache.pageHits,1784815019182000000,1784815079181000000,0
StreamlinedBlobStorage.recordsRelocated,1784815019182000000,1784815079181000000,0
StorageLockContext.competingThreads.max,1784815019182000000,1784815079181000000,0
DirectByteBufferAllocator.reclaimed,1784815019182000000,1784815079181000000,0
FilePageCache.maxRegisteredFiles,1784815019182000000,1784815079181000000,1661
StreamlinedBlobStorage.recordsAllocated,1784815019182000000,1784815079181000000,0
FilePageCache.totalPageDisposalsUs,1784815019182000000,1784815079181000000,0
MappedFileStorage.totalPagesMapped,1784815019182000000,1784815079181000000,17
DirectByteBufferAllocator.misses,1784815019182000000,1784815079181000000,0
StorageLockContext.competingThreads.90P,1784815019182000000,1784815079181000000,0
FilePageCache.uncachedFileAccess,1784815019182000000,1784815079181000000,0
FilePageCache.capacityInBytes,1784815019182000000,1784815079181000000,629145600
FilePageCache.disposedBuffers,1784815019182000000,1784815079181000000,0
FilePageCache.maxCacheSizeInBytes,1784815019182000000,1784815079181000000,629153792
StreamlinedBlobStorage.recordsDeleted,1784815019182000000,1784815079181000000,0
MappedFileStorage.storages,1784815019182000000,1784815079181000000,17
MappedFileStorage.totalTimeSpentOnMappingUs,1784815019182000000,1784815079181000000,10471
DirectByteBufferAllocator.totalSizeOfBuffersCachedInBytes,1784815019182000000,1784815079181000000,41967616
workspaceModel.global.apply.state.to.project.ms,1784815019182000000,1784815079181000000,0
workspaceModel.mutableEntityStorage.apply.changes.from.ms,1784815019182000000,1784815079181000000,0
workspaceModel.moduleManagerBridge.create.module.instance.ms,1784815019182000000,1784815079181000000,0
workspaceModel.mutableEntityStorage.add.entity.ms,1784815019182000000,1784815079181000000,0
workspaceModel.mutableEntityStorage.changeLog.addReplaceEventForRemovedChild.ms,1784815019182000000,1784815079181000000,0
workspaceModel.moduleManagerBridge.load.module.ms,1784815019182000000,1784815079181000000,0
jps.module.dependency.index.workspace.model.listener.on.changed.ms,1784815019182000000,1784815079181000000,0
workspaceModel.mutableEntityStorage.entities.ms,1784815019182000000,1784815079181000000,0
jps.save.global.entities.ms,1784815019182000000,1784815079181000000,0
workspaceModel.global.apply.state.to.project.builder.ms,1784815019182000000,1784815079181000000,0
workspaceModel.do.save.caches.ms,1784815019182000000,1784815079181000000,0
workspaceModel.load.cache.from.file.ms,1784815019182000000,1784815079181000000,0
jps.artifact.entities.serializer.load.entities.ms,1784815019182000000,1784815079181000000,0
jps.global.get.libraries.ms,1784815019182000000,1784815079181000000,0
workspaceModel.mutableEntityStorage.referrers.ms,1784815019182000000,1784815079181000000,0
jps.module.iml.entities.serializer.save.entities.ms,1784815019182000000,1784815079181000000,0
jps.global.handle.changed.events.ms,1784815019182000000,1784815079181000000,0
workspaceModel.delayed.project.synchronizer.sync.ms,1784815019182000000,1784815079181000000,0
workspaceModel.mutableEntityStorage.entities.by.source.ms,1784815019182000000,1784815079181000000,0
workspaceModel.global.updates.count,1784815019182000000,1784815079181000000,0
jps.storage.jps.conf.reader.load.component.ms,1784815019182000000,1784815079181000000,0
workspaceModel.global.updates.ms,1784815019182000000,1784815079181000000,0
workspaceModel.moduleManagerBridge.new.nonPersistent.module.ms,1784815019182000000,1784815079181000000,0
workspaceModel.mutableEntityStorage.has.same.entities.ms,1784815019182000000,1784815079181000000,0
jps.global.initialize.library.bridges.ms,1784815019182000000,1784815079181000000,0
workspaceModel.mutableEntityStorage.replace.by.source.ms,1784815019182000000,1784815079181000000,0
jps.load.initial.state.ms,1784815019182000000,1784815079181000000,0
workspaceModel.mutableEntityStorage.put.entity.ms,1784815019182000000,1784815079181000000,0
jps.global.get.library.ms,1784815019182000000,1784815079181000000,0
workspaceModel.moduleManagerBridge.build.module.graph.ms,1784815019182000000,1784815079181000000,0
workspaceModel.moduleManagerBridge.set.unloadedModules.ms,1784815019182000000,1784815079181000000,0
workspaceModel.mutableEntityStorage.to.snapshot.ms,1784815019182000000,1784815079181000000,0
jps.project.serializers.save.ms,1784815019182000000,1784815079181000000,0
jps.module.iml.entities.serializer.load.entities.ms,1784815019182000000,1784815079181000000,0
workspaceModel.moduleBridge.before.changed.ms,1784815019182000000,1784815079181000000,0
workspaceModel.mutableEntityStorage.changeLog.addReplaceEventForRemovedParent.ms,1784815019182000000,1784815079181000000,0
jps.apply.loaded.storage.ms,1784815019182000000,1784815079181000000,0
jps.app.storage.content.reader.load.component.ms,1784815019182000000,1784815079181000000,0
workspaceModel.mutableEntityStorage.remove.entity.ms,1784815019182000000,1784815079181000000,0
workspaceModel.mutableEntityStorage.resolve.ms,1784815019182000000,1784815079181000000,0
workspaceModel.sync.entities.ms,1784815019182000000,1784815079181000000,0
workspaceModel.mutableEntityStorage.mutable.ext.mapping.ms,1784815019182000000,1784815079181000000,0
workspaceModel.moduleManagerBridge.get.modules.ms,1784815019182000000,1784815079181000000,0
workspaceModel.moduleBridgeLoader.loading.modules.ms,1784815019182000000,1784815079181000000,0
jps.library.entities.serializer.save.entities.ms,1784815019182000000,1784815079181000000,0
jps.facet.change.listener.process.change.events.ms,1784815019182000000,1784815079181000000,0
workspaceModel.mutableEntityStorage.changeLog.addReplaceEventForNewChild.ms,1784815019182000000,1784815079181000000,0
workspaceModel.mutableEntityStorage.hasReferrers.ms,1784815019182000000,1784815079181000000,0
workspaceModel.moduleBridge.facet.initialization.ms,1784815019182000000,1784815079181000000,0
jps.global.handle.before.change.events.ms,1784815019182000000,1784815079181000000,0
jps.global.initialize.library.bridges.after.loading.ms,1784815019182000000,1784815079181000000,0
jps.reload.project.entities.ms,1784815019182000000,1784815079181000000,0
workspaceModel.orphan.listener.update.ms,1784815019182000000,1784815079181000000,0
workspaceModel.mutableEntityStorage.mutable.vfurl.index.ms,1784815019182000000,1784815079181000000,0
jps.project.serializers.load.ms,1784815019182000000,1784815079181000000,0
workspaceModel.load.cache.metadata.from.file.ms,1784815019182000000,1784815079181000000,0
jps.facet.change.listener.init.bridge.ms,1784815019182000000,1784815079181000000,0
jps.library.entities.serializer.load.entities.ms,1784815019182000000,1784815079181000000,0
jps.load.project.to.empty.storage.ms,1784815019182000000,1784815079181000000,0
jps.facet.change.listener.before.change.events.ms,1784815019182000000,1784815079181000000,0
workspaceModel.mutableEntityStorage.instances.count,1784815019182000000,1784815079181000000,0
workspaceModel.moduleBridge.update.option.ms,1784815019182000000,1784815079181000000,0
workspaceModel.mutableEntityStorage.modify.entity.ms,1784815019182000000,1784815079181000000,0
workspaceModel.moduleManagerBridge.load.all.modules.ms,1784815019182000000,1784815079181000000,0
jps.global.get.library.by.name.ms,1784815019182000000,1784815079181000000,0
workspaceModel.mutableEntityStorage.changeLog.addReplaceEventForNewParent.ms,1784815019182000000,1784815079181000000,0
workspaceModel.moduleManagerBridge.newModule.ms,1784815019182000000,1784815079181000000,0
jps.artifact.entities.serializer.save.entities.ms,1784815019182000000,1784815079181000000,0
workspaceModel.save.cache.to.file.ms,1784815019182000000,1784815079181000000,0
jps.save.changed.project.entities.ms,1784815019182000000,1784815079181000000,0
workspaceModel.mutableEntityStorage.collect.changes.ms,1784815019182000000,1784815079181000000,0
JVM.totalTimeAtSafepointsMs,1784815079181000000,1784815139176000000,0
MEM.ramPlusSwapMinusFileMappingsBytes,1784815079181000000,1784815139176000000,1742215144
JVM.maxHeapBytes,1784815079181000000,1784815139176000000,2147483648
JVM.usedNativeBytes,1784815079181000000,1784815139176000000,567023120
MEM.ramMinusFileMappingsBytes,1784815079181000000,1784815139176000000,253394944
JVM.GC.collectionTimesMs,1784815079181000000,1784815139176000000,0
JVM.committedHeapBytes,1784815079181000000,1784815139176000000,696254464
JVM.maxThreadCount,1784815079181000000,1784815139176000000,182
JVM.threadCount,1784815079181000000,1784815139176000000,61
MEM.fileMappingsRamBytes,1784815079181000000,1784815139176000000,244793344
JVM.GC.collections,1784815079181000000,1784815139176000000,0
OS.loadAverage,1784815079181000000,1784815139176000000,2.46533203125
JVM.totalCpuTimeMs,1784815079181000000,1784815139176000000,922
JVM.totalDirectByteBuffersBytes,1784815079181000000,1784815139176000000,4261896
JVM.totalTimeToSafepointsMs,1784815079181000000,1784815139176000000,0
JVM.totalBytesAllocated,1784815079181000000,1784815139176000000,15121088
JVM.usedHeapBytes,1784815079181000000,1784815139176000000,631103152
JVM.totalSafepointCount,1784815079181000000,1784815139176000000,0
MEM.ramBytes,1784815079181000000,1784815139176000000,498286592
JVM.newThreadsCount,1784815079181000000,1784815139176000000,1
workspaceModel.loading.from.cache.ms,1784815079181000000,1784815139176000000,0
workspaceModel.cachedValueWithParameters.from.cache.count,1784815079181000000,1784815139176000000,0
workspaceModel.workspaceFileIndexData.processFileSets.ms,1784815079181000000,1784815139176000000,0
workspaceModel.cachedValueWithParameters.calculated.count,1784815079181000000,1784815139176000000,0
workspaceModel.workspaceFileIndexData.markDirty.ms,1784815079181000000,1784815139176000000,0
workspaceModel.workspaceFileIndexContributor.registerFileSets.ms,1784815079181000000,1784815139176000000,0
workspaceModel.to.snapshot.ms,1784815079181000000,1784815139176000000,0
workspaceModel.updates.count,1784815079181000000,1784815139176000000,0
workspaceModel.cachedValueWithParameters.clear.count,1784815079181000000,1784815139176000000,0
workspaceModel.cachedValue.total.get.count,1784815079181000000,1784815139176000000,0
workspaceModel.workspaceFileIndexData.onEntitiesChanged.ms,1784815079181000000,1784815139176000000,0
workspaceModel.collect.changes.ms,1784815079181000000,1784815139176000000,0
workspaceModel.pre.handlers.ms,1784815079181000000,1784815139176000000,0
workspaceModel.entityStorageSnapshotImpl.instances.count,1784815079181000000,1784815139176000000,0
workspaceModel.cachedValueWithParameters.total.get.count,1784815079181000000,1784815139176000000,0
workspaceModel.init.bridges.ms,1784815079181000000,1784815139176000000,0
workspaceModel.update.unloaded.entities.ms,1784815079181000000,1784815139176000000,0
workspaceModel.loading.total.ms,1784815079181000000,1784815139176000000,0
workspaceModel.workspaceFileIndexData.updateDirtyEntities.ms,1784815079181000000,1784815139176000000,0
workspaceModel.check.recursive.update.ms,1784815079181000000,1784815139176000000,0
workspaceModel.full.replace.project.model.ms,1784815079181000000,1784815139176000000,0
workspaceModel.initializing.ms,1784815079181000000,1784815139176000000,0
workspaceModel.replace.project.model.ms,1784815079181000000,1784815139176000000,0
workspaceModel.workspaceFileIndexData.getDirectoriesByPackageName.ms,1784815079181000000,1784815139176000000,0
workspaceModel.cachedValue.calculated.count,1784815079181000000,1784815139176000000,0
workspaceModel.updates.precise.ms,1784815079181000000,1784815139176000000,0
workspaceModel.cachedValue.clear.count,1784815079181000000,1784815139176000000,0
workspaceModel.workspaceFileIndexData.getFileInfo.ms,1784815079181000000,1784815139176000000,0
workspaceModel.on.changed.ms,1784815079181000000,1784815139176000000,0
workspaceModel.workspaceFileIndexData.instances.count,1784815079181000000,1784815139176000000,0
workspaceModel.cachedValue.from.cache.count,1784815079181000000,1784815139176000000,0
workspaceModel.workspaceFileIndexData.init.ms,1784815079181000000,1784815139176000000,0
workspaceModel.on.before.changed.ms,1784815079181000000,1784815139176000000,0
workspaceModel.workspaceFileIndexData.visitFileSets.ms,1784815079181000000,1784815139176000000,0
workspaceModel.updates.ms,1784815079181000000,1784815139176000000,0
workspaceModel.workspaceFileIndexData.getPackageName.ms,1784815079181000000,1784815139176000000,0
FlushQueue.tasksExecuted,1784815079181000000,1784815139176000000,0
FlushQueue.executionTimeAvgNs,1784815079181000000,1784815139176000000,0.0
FlushQueue.queueSizeAvg,1784815079181000000,1784815139176000000,0.0
FlushQueue.executionTime90PNs,1784815079181000000,1784815139176000000,0
AWTEventQueue.dispatchTimeTotalNS,1784815079181000000,1784815139176000000,8467297
AWTEventQueue.dispatchTime90PNs,1784815079181000000,1784815139176000000,0
FlushQueue.queueSizeMax,1784815079181000000,1784815139176000000,0
WriteAction.executionsCount,1784815079181000000,1784815139176000000,0
NonBlockingReadAction.failedExecutionTimeUs,1784815079181000000,1784815139176000000,0
FlushQueue.executionTimeMaxNs,1784815079181000000,1784815139176000000,0
NonBlockingReadAction.finalizedExecutionsCount,1784815079181000000,1784815139176000000,0
FlushQueue.waitingTimeMaxNs,1784815079181000000,1784815139176000000,0
AWTEventQueue.dispatchTimeMaxNs,1784815079181000000,1784815139176000000,0
AWTEventQueue.dispatchTimeAvgNs,1784815079181000000,1784815139176000000,0.0
NonBlockingReadAction.failedExecutionsCount,1784815079181000000,1784815139176000000,0
AWTEventQueue.eventsDispatched,1784815079181000000,1784815139176000000,0
FlushQueue.queueSize90P,1784815079181000000,1784815139176000000,0
NonBlockingReadAction.finalizedExecutionTimeUs,1784815079181000000,1784815139176000000,0
FlushQueue.waitingTimeAvgNs,1784815079181000000,1784815139176000000,0.0
ReadAction.executionsCount,1784815079181000000,1784815139176000000,4
FlushQueue.waitingTime90PNs,1784815079181000000,1784815139176000000,0
DiskQueryRelay.tasksExecuted,1784815079181000000,1784815139176000000,0
DiskQueryRelay.taskExecutionTotalTimeUs,1784815079181000000,1784815139176000000,0
DiskQueryRelay.tasksRequested,1784815079181000000,1784815139176000000,0
LowMemory.gcOverloaded,1784815079181000000,1784815139176000000,0
writeAction.max.wait.ms,1784815079181000000,1784815139176000000,305
writeAction.count,1784815079181000000,1784815139176000000,0
LowMemory.gcLoad,1784815079181000000,1784815139176000000,1.7031000750723312E-9
writeAction.median.wait.ms,1784815079181000000,1784815139176000000,300
DiskQueryRelay.taskWaitingTotalTimeUs,1784815079181000000,1784815139176000000,0
writeAction.wait.ms,1784815079181000000,1784815139176000000,0
compiler.ArtifactVirtualFileListener.filePathChanged.ms,1784815079181000000,1784815139176000000,0
compiler.ArtifactManagerBridge.getArtifactsByType.ms,1784815079181000000,1784815139176000000,0
compiler.ArtifactManagerBridge.addArtifact.ms,1784815079181000000,1784815139176000000,0
compiler.ArtifactManagerBridge.dropMappings.ms,1784815079181000000,1784815139176000000,0
compiler.ArtifactVirtualFileListener.propertyChanged.ms,1784815079181000000,1784815139176000000,0
compiler.ArtifactManagerBridge.commit.ms,1784815079181000000,1784815139176000000,0
compiler.ArtifactManagerBridge.initBridges.ms,1784815079181000000,1784815139176000000,0
compiler.ArtifactManagerBridge.getArtifacts.ms,1784815079181000000,1784815139176000000,0
compiler.ArtifactManagerBridge.findArtifact.ms,1784815079181000000,1784815139176000000,0
VFS.contentStorage.recordsDecompressionTimeUs,1784815079181000000,1784815139176000000,0
VFS.folderCaseSensitivityReads,1784815079181000000,1784815139176000000,0
VFS.fileByIdCache.misses,1784815079181000000,1784815139176000000,0
FileNameCache.queries,1784815079181000000,1784815139176000000,0
VFS.contentStorage.recordsUncompressedSize,1784815079181000000,1784815139176000000,0
VFS.contentStorage.recordsDeduplicated,1784815079181000000,1784815139176000000,0
VFS.contentStorage.recordsReadDecompressed,1784815079181000000,1784815139176000000,0
VFS.cache.filesCreated,1784815079181000000,1784815139176000000,0
VFS.cache.segments,1784815079181000000,1784815139176000000,335.0
VFS.fileChildByName,1784815079181000000,1784815139176000000,0
VFS.contentStorage.recordsStoredSize,1784815079181000000,1784815139176000000,0
VFS.contentStorage.recordsStored,1784815079181000000,1784815139176000000,0
VFS.invertedFileNameIndex.requests,1784815079181000000,1784815139176000000,0
VFS.fileByIdCache.hits,1784815079181000000,1784815139176000000,0
VFS.contentStorage.recordsReadSize,1784815079181000000,1784815139176000000,0
VFS.contentStorage.recordsStoredCompressed,1784815079181000000,1784815139176000000,0
VFS.cache.directoriesCreated,1784815079181000000,1784815139176000000,0
VFS.cache.segmentsCreated,1784815079181000000,1784815139176000000,0
VFS.rootsCount,1784815079181000000,1784815139176000000,336.0
FileNameCache.totalMisses,1784815079181000000,1784815139176000000,0
VFS.contentStorage.recordsRead,1784815079181000000,1784815139176000000,0
Indexes.entries.lookupDuration90PMs,1784815079181000000,1784815139176000000,0.0
Indexes.entries.lookups,1784815079181000000,1784815139176000000,0
Indexes.allKeys.lookupDurationAvgMs,1784815079181000000,1784815139176000000,0.0
Indexing.writer_1.totalTimeSpentWritingMs,1784815079181000000,1784815139176000000,0
Indexes.entries.lookupDurationAvgMs,1784815079181000000,1784815139176000000,0.0
Indexing.cache.totalCacheMisses,1784815079181000000,1784815139176000000,0
Indexes.stubs.lookupDuration90PMs,1784815079181000000,1784815139176000000,0.0
Indexing.writesQueuedMin,1784815079181000000,1784815139176000000,9223372036854775807
Indexing.writesQueuedMax,1784815079181000000,1784815139176000000,0
Indexes.stubs.lookups,1784815079181000000,1784815139176000000,0
Indexing.cache.totalCacheEvicted,1784815079181000000,1784815139176000000,0
Indexes.entries.lookupDurationMaxMs,1784815079181000000,1784815139176000000,0.0
Indexes.allKeys.lookups,1784815079181000000,1784815139176000000,0
Indexing.cache.totalCacheAccesses,1784815079181000000,1784815139176000000,0
Indexing.writer_3.totalTimeSpentWritingMs,1784815079181000000,1784815139176000000,0
Indexes.stubs.lookupDurationMaxMs,1784815079181000000,1784815139176000000,0.0
Indexing.writer_2.totalTimeSpentWritingMs,1784815079181000000,1784815139176000000,0
Indexing.totalTimeIndexersSleptMs,1784815079181000000,1784815139176000000,0
Indexes.stubs.lookupDurationAvgMs,1784815079181000000,1784815139176000000,0.0
Indexes.allKeys.lookupDurationMaxMs,1784815079181000000,1784815139176000000,0.0
Indexing.writer_0.totalTimeSpentWritingMs,1784815079181000000,1784815139176000000,0
Indexes.allKeys.lookupDuration90PMs,1784815079181000000,1784815139176000000,0.0
cacheStateStorage.get.counter,1784815079181000000,1784815139176000000,0
cacheStateStorage.set.duration,1784815079181000000,1784815139176000000,0
cacheStateStorage.set.counter,1784815079181000000,1784815139176000000,0
cacheStateStorage.get.duration,1784815079181000000,1784815139176000000,0
FileChannelInterruptsRetryer.totalRetriedAttempts,1784815079181000000,1784815139176000000,0
FilePageCache.totalPageLoadsUs,1784815079181000000,1784815139176000000,0
StreamlinedBlobStorage.totalLiveRecordsPayloadBytes,1784815079181000000,1784815139176000000,0
MappedFileStorage.totalBytesMapped,1784815079181000000,1784815139176000000,206831616
DirectByteBufferAllocator.totalSizeOfBuffersAllocatedInBytes,1784815079181000000,1784815139176000000,0
DirectByteBufferAllocator.hits,1784815079181000000,1784815139176000000,0
StreamlinedBlobStorage.totalLiveRecordsCapacityBytes,1784815079181000000,1784815139176000000,0
DirectByteBufferAllocator.disposed,1784815079181000000,1784815139176000000,0
FilePageCache.pageFastCacheHits,1784815079181000000,1784815139176000000,0
FilePageCache.pageLoads,1784815079181000000,1784815139176000000,0
StorageLockContext.competingThreads.avg,1784815079181000000,1784815139176000000,0.0
FilePageCache.pageLoadsAboveSizeThreshold,1784815079181000000,1784815139176000000,0
FilePageCache.pageHits,1784815079181000000,1784815139176000000,0
StreamlinedBlobStorage.recordsRelocated,1784815079181000000,1784815139176000000,0
StorageLockContext.competingThreads.max,1784815079181000000,1784815139176000000,0
DirectByteBufferAllocator.reclaimed,1784815079181000000,1784815139176000000,0
FilePageCache.maxRegisteredFiles,1784815079181000000,1784815139176000000,1661
StreamlinedBlobStorage.recordsAllocated,1784815079181000000,1784815139176000000,0
FilePageCache.totalPageDisposalsUs,1784815079181000000,1784815139176000000,0
MappedFileStorage.totalPagesMapped,1784815079181000000,1784815139176000000,17
DirectByteBufferAllocator.misses,1784815079181000000,1784815139176000000,0
StorageLockContext.competingThreads.90P,1784815079181000000,1784815139176000000,0
FilePageCache.uncachedFileAccess,1784815079181000000,1784815139176000000,0
FilePageCache.capacityInBytes,1784815079181000000,1784815139176000000,629145600
FilePageCache.disposedBuffers,1784815079181000000,1784815139176000000,0
FilePageCache.maxCacheSizeInBytes,1784815079181000000,1784815139176000000,629153792
StreamlinedBlobStorage.recordsDeleted,1784815079181000000,1784815139176000000,0
MappedFileStorage.storages,1784815079181000000,1784815139176000000,17
MappedFileStorage.totalTimeSpentOnMappingUs,1784815079181000000,1784815139176000000,10471
DirectByteBufferAllocator.totalSizeOfBuffersCachedInBytes,1784815079181000000,1784815139176000000,41967616
workspaceModel.global.apply.state.to.project.ms,1784815079181000000,1784815139176000000,0
workspaceModel.mutableEntityStorage.apply.changes.from.ms,1784815079181000000,1784815139176000000,0
workspaceModel.moduleManagerBridge.create.module.instance.ms,1784815079181000000,1784815139176000000,0
workspaceModel.mutableEntityStorage.add.entity.ms,1784815079181000000,1784815139176000000,0
workspaceModel.mutableEntityStorage.changeLog.addReplaceEventForRemovedChild.ms,1784815079181000000,1784815139176000000,0
workspaceModel.moduleManagerBridge.load.module.ms,1784815079181000000,1784815139176000000,0
jps.module.dependency.index.workspace.model.listener.on.changed.ms,1784815079181000000,1784815139176000000,0
workspaceModel.mutableEntityStorage.entities.ms,1784815079181000000,1784815139176000000,0
jps.save.global.entities.ms,1784815079181000000,1784815139176000000,0
workspaceModel.global.apply.state.to.project.builder.ms,1784815079181000000,1784815139176000000,0
workspaceModel.do.save.caches.ms,1784815079181000000,1784815139176000000,0
workspaceModel.load.cache.from.file.ms,1784815079181000000,1784815139176000000,0
jps.artifact.entities.serializer.load.entities.ms,1784815079181000000,1784815139176000000,0
jps.global.get.libraries.ms,1784815079181000000,1784815139176000000,0
workspaceModel.mutableEntityStorage.referrers.ms,1784815079181000000,1784815139176000000,0
jps.module.iml.entities.serializer.save.entities.ms,1784815079181000000,1784815139176000000,0
jps.global.handle.changed.events.ms,1784815079181000000,1784815139176000000,0
workspaceModel.delayed.project.synchronizer.sync.ms,1784815079181000000,1784815139176000000,0
workspaceModel.mutableEntityStorage.entities.by.source.ms,1784815079181000000,1784815139176000000,0
workspaceModel.global.updates.count,1784815079181000000,1784815139176000000,0
jps.storage.jps.conf.reader.load.component.ms,1784815079181000000,1784815139176000000,0
workspaceModel.global.updates.ms,1784815079181000000,1784815139176000000,0
workspaceModel.moduleManagerBridge.new.nonPersistent.module.ms,1784815079181000000,1784815139176000000,0
workspaceModel.mutableEntityStorage.has.same.entities.ms,1784815079181000000,1784815139176000000,0
jps.global.initialize.library.bridges.ms,1784815079181000000,1784815139176000000,0
workspaceModel.mutableEntityStorage.replace.by.source.ms,1784815079181000000,1784815139176000000,0
jps.load.initial.state.ms,1784815079181000000,1784815139176000000,0
workspaceModel.mutableEntityStorage.put.entity.ms,1784815079181000000,1784815139176000000,0
jps.global.get.library.ms,1784815079181000000,1784815139176000000,0
workspaceModel.moduleManagerBridge.build.module.graph.ms,1784815079181000000,1784815139176000000,0
workspaceModel.moduleManagerBridge.set.unloadedModules.ms,1784815079181000000,1784815139176000000,0
workspaceModel.mutableEntityStorage.to.snapshot.ms,1784815079181000000,1784815139176000000,0
jps.project.serializers.save.ms,1784815079181000000,1784815139176000000,0
jps.module.iml.entities.serializer.load.entities.ms,1784815079181000000,1784815139176000000,0
workspaceModel.moduleBridge.before.changed.ms,1784815079181000000,1784815139176000000,0
workspaceModel.mutableEntityStorage.changeLog.addReplaceEventForRemovedParent.ms,1784815079181000000,1784815139176000000,0
jps.apply.loaded.storage.ms,1784815079181000000,1784815139176000000,0
jps.app.storage.content.reader.load.component.ms,1784815079181000000,1784815139176000000,0
workspaceModel.mutableEntityStorage.remove.entity.ms,1784815079181000000,1784815139176000000,0
workspaceModel.mutableEntityStorage.resolve.ms,1784815079181000000,1784815139176000000,0
workspaceModel.sync.entities.ms,1784815079181000000,1784815139176000000,0
workspaceModel.mutableEntityStorage.mutable.ext.mapping.ms,1784815079181000000,1784815139176000000,0
workspaceModel.moduleManagerBridge.get.modules.ms,1784815079181000000,1784815139176000000,0
workspaceModel.moduleBridgeLoader.loading.modules.ms,1784815079181000000,1784815139176000000,0
jps.library.entities.serializer.save.entities.ms,1784815079181000000,1784815139176000000,0
jps.facet.change.listener.process.change.events.ms,1784815079181000000,1784815139176000000,0
workspaceModel.mutableEntityStorage.changeLog.addReplaceEventForNewChild.ms,1784815079181000000,1784815139176000000,0
workspaceModel.mutableEntityStorage.hasReferrers.ms,1784815079181000000,1784815139176000000,0
workspaceModel.moduleBridge.facet.initialization.ms,1784815079181000000,1784815139176000000,0
jps.global.handle.before.change.events.ms,1784815079181000000,1784815139176000000,0
jps.global.initialize.library.bridges.after.loading.ms,1784815079181000000,1784815139176000000,0
jps.reload.project.entities.ms,1784815079181000000,1784815139176000000,0
workspaceModel.orphan.listener.update.ms,1784815079181000000,1784815139176000000,0
workspaceModel.mutableEntityStorage.mutable.vfurl.index.ms,1784815079181000000,1784815139176000000,0
jps.project.serializers.load.ms,1784815079181000000,1784815139176000000,0
workspaceModel.load.cache.metadata.from.file.ms,1784815079181000000,1784815139176000000,0
jps.facet.change.listener.init.bridge.ms,1784815079181000000,1784815139176000000,0
jps.library.entities.serializer.load.entities.ms,1784815079181000000,1784815139176000000,0
jps.load.project.to.empty.storage.ms,1784815079181000000,1784815139176000000,0
jps.facet.change.listener.before.change.events.ms,1784815079181000000,1784815139176000000,0
workspaceModel.mutableEntityStorage.instances.count,1784815079181000000,1784815139176000000,0
workspaceModel.moduleBridge.update.option.ms,1784815079181000000,1784815139176000000,0
workspaceModel.mutableEntityStorage.modify.entity.ms,1784815079181000000,1784815139176000000,0
workspaceModel.moduleManagerBridge.load.all.modules.ms,1784815079181000000,1784815139176000000,0
jps.global.get.library.by.name.ms,1784815079181000000,1784815139176000000,0
workspaceModel.mutableEntityStorage.changeLog.addReplaceEventForNewParent.ms,1784815079181000000,1784815139176000000,0
workspaceModel.moduleManagerBridge.newModule.ms,1784815079181000000,1784815139176000000,0
jps.artifact.entities.serializer.save.entities.ms,1784815079181000000,1784815139176000000,0
workspaceModel.save.cache.to.file.ms,1784815079181000000,1784815139176000000,0
jps.save.changed.project.entities.ms,1784815079181000000,1784815139176000000,0
workspaceModel.mutableEntityStorage.collect.changes.ms,1784815079181000000,1784815139176000000,0
JVM.totalTimeAtSafepointsMs,1784815139176000000,1784815189838000000,33
MEM.ramPlusSwapMinusFileMappingsBytes,1784815139176000000,1784815189838000000,1681348608
JVM.maxHeapBytes,1784815139176000000,1784815189838000000,2147483648
JVM.usedNativeBytes,1784815139176000000,1784815189838000000,569512040
MEM.ramMinusFileMappingsBytes,1784815139176000000,1784815189838000000,636485632
JVM.GC.collectionTimesMs,1784815139176000000,1784815189838000000,33
JVM.committedHeapBytes,1784815139176000000,1784815189838000000,696254464
JVM.maxThreadCount,1784815139176000000,1784815189838000000,182
JVM.threadCount,1784815139176000000,1784815189838000000,59
MEM.fileMappingsRamBytes,1784815139176000000,1784815189838000000,245628928
JVM.GC.collections,1784815139176000000,1784815189838000000,1
OS.loadAverage,1784815139176000000,1784815189838000000,2.41552734375
JVM.totalCpuTimeMs,1784815139176000000,1784815189838000000,1662
JVM.totalDirectByteBuffersBytes,1784815139176000000,1784815189838000000,4261896
JVM.totalTimeToSafepointsMs,1784815139176000000,1784815189838000000,0
JVM.totalBytesAllocated,1784815139176000000,1784815189838000000,28852280
JVM.usedHeapBytes,1784815139176000000,1784815189838000000,447833616
JVM.totalSafepointCount,1784815139176000000,1784815189838000000,1
MEM.ramBytes,1784815139176000000,1784815189838000000,893403136
JVM.newThreadsCount,1784815139176000000,1784815189838000000,21
workspaceModel.loading.from.cache.ms,1784815139176000000,1784815189838000000,0
workspaceModel.cachedValueWithParameters.from.cache.count,1784815139176000000,1784815189838000000,0
workspaceModel.workspaceFileIndexData.processFileSets.ms,1784815139176000000,1784815189838000000,0
workspaceModel.cachedValueWithParameters.calculated.count,1784815139176000000,1784815189838000000,0
workspaceModel.workspaceFileIndexData.markDirty.ms,1784815139176000000,1784815189838000000,0
workspaceModel.workspaceFileIndexContributor.registerFileSets.ms,1784815139176000000,1784815189838000000,0
workspaceModel.to.snapshot.ms,1784815139176000000,1784815189838000000,0
workspaceModel.updates.count,1784815139176000000,1784815189838000000,0
workspaceModel.cachedValueWithParameters.clear.count,1784815139176000000,1784815189838000000,0
workspaceModel.cachedValue.total.get.count,1784815139176000000,1784815189838000000,0
workspaceModel.workspaceFileIndexData.onEntitiesChanged.ms,1784815139176000000,1784815189838000000,0
workspaceModel.collect.changes.ms,1784815139176000000,1784815189838000000,0
workspaceModel.pre.handlers.ms,1784815139176000000,1784815189838000000,0
workspaceModel.entityStorageSnapshotImpl.instances.count,1784815139176000000,1784815189838000000,0
workspaceModel.cachedValueWithParameters.total.get.count,1784815139176000000,1784815189838000000,0
workspaceModel.init.bridges.ms,1784815139176000000,1784815189838000000,0
workspaceModel.update.unloaded.entities.ms,1784815139176000000,1784815189838000000,0
workspaceModel.loading.total.ms,1784815139176000000,1784815189838000000,0
workspaceModel.workspaceFileIndexData.updateDirtyEntities.ms,1784815139176000000,1784815189838000000,0
workspaceModel.check.recursive.update.ms,1784815139176000000,1784815189838000000,0
workspaceModel.full.replace.project.model.ms,1784815139176000000,1784815189838000000,0
workspaceModel.initializing.ms,1784815139176000000,1784815189838000000,0
workspaceModel.replace.project.model.ms,1784815139176000000,1784815189838000000,0
workspaceModel.workspaceFileIndexData.getDirectoriesByPackageName.ms,1784815139176000000,1784815189838000000,0
workspaceModel.cachedValue.calculated.count,1784815139176000000,1784815189838000000,0
workspaceModel.updates.precise.ms,1784815139176000000,1784815189838000000,0
workspaceModel.cachedValue.clear.count,1784815139176000000,1784815189838000000,0
workspaceModel.workspaceFileIndexData.getFileInfo.ms,1784815139176000000,1784815189838000000,0
workspaceModel.on.changed.ms,1784815139176000000,1784815189838000000,0
workspaceModel.workspaceFileIndexData.instances.count,1784815139176000000,1784815189838000000,0
workspaceModel.cachedValue.from.cache.count,1784815139176000000,1784815189838000000,0
workspaceModel.workspaceFileIndexData.init.ms,1784815139176000000,1784815189838000000,0
workspaceModel.on.before.changed.ms,1784815139176000000,1784815189838000000,0
workspaceModel.workspaceFileIndexData.visitFileSets.ms,1784815139176000000,1784815189838000000,0
workspaceModel.updates.ms,1784815139176000000,1784815189838000000,0
workspaceModel.workspaceFileIndexData.getPackageName.ms,1784815139176000000,1784815189838000000,0
AWTEventQueue.dispatchTimeTotalNS,1784815139176000000,1784815189838000000,91275416
NonBlockingReadAction.failedExecutionTimeUs,1784815139176000000,1784815189838000000,0
NonBlockingReadAction.finalizedExecutionsCount,1784815139176000000,1784815189838000000,0
NonBlockingReadAction.failedExecutionsCount,1784815139176000000,1784815189838000000,0
NonBlockingReadAction.finalizedExecutionTimeUs,1784815139176000000,1784815189838000000,0
DiskQueryRelay.tasksExecuted,1784815139176000000,1784815189838000000,0
DiskQueryRelay.taskExecutionTotalTimeUs,1784815139176000000,1784815189838000000,0
DiskQueryRelay.tasksRequested,1784815139176000000,1784815189838000000,0
LowMemory.gcOverloaded,1784815139176000000,1784815189838000000,0
writeAction.max.wait.ms,1784815139176000000,1784815189838000000,305
writeAction.count,1784815139176000000,1784815189838000000,0
LowMemory.gcLoad,1784815139176000000,1784815189838000000,8.742744407609834E-10
writeAction.median.wait.ms,1784815139176000000,1784815189838000000,300
DiskQueryRelay.taskWaitingTotalTimeUs,1784815139176000000,1784815189838000000,0
writeAction.wait.ms,1784815139176000000,1784815189838000000,0
compiler.ArtifactVirtualFileListener.filePathChanged.ms,1784815139176000000,1784815189838000000,0
compiler.ArtifactManagerBridge.getArtifactsByType.ms,1784815139176000000,1784815189838000000,0
compiler.ArtifactManagerBridge.addArtifact.ms,1784815139176000000,1784815189838000000,0
compiler.ArtifactManagerBridge.dropMappings.ms,1784815139176000000,1784815189838000000,0
compiler.ArtifactVirtualFileListener.propertyChanged.ms,1784815139176000000,1784815189838000000,0
compiler.ArtifactManagerBridge.commit.ms,1784815139176000000,1784815189838000000,0
compiler.ArtifactManagerBridge.initBridges.ms,1784815139176000000,1784815189838000000,0
compiler.ArtifactManagerBridge.getArtifacts.ms,1784815139176000000,1784815189838000000,0
compiler.ArtifactManagerBridge.findArtifact.ms,1784815139176000000,1784815189838000000,0
Indexes.entries.lookupDuration90PMs,1784815139176000000,1784815189838000000,0.0
Indexes.entries.lookups,1784815139176000000,1784815189838000000,0
Indexes.allKeys.lookupDurationAvgMs,1784815139176000000,1784815189838000000,0.0
Indexing.writer_1.totalTimeSpentWritingMs,1784815139176000000,1784815189838000000,0
Indexes.entries.lookupDurationAvgMs,1784815139176000000,1784815189838000000,0.0
Indexing.cache.totalCacheMisses,1784815139176000000,1784815189838000000,0
Indexes.stubs.lookupDuration90PMs,1784815139176000000,1784815189838000000,0.0
Indexing.writesQueuedMin,1784815139176000000,1784815189838000000,9223372036854775807
Indexing.writesQueuedMax,1784815139176000000,1784815189838000000,0
Indexes.stubs.lookups,1784815139176000000,1784815189838000000,0
Indexing.cache.totalCacheEvicted,1784815139176000000,1784815189838000000,0
Indexes.entries.lookupDurationMaxMs,1784815139176000000,1784815189838000000,0.0
Indexes.allKeys.lookups,1784815139176000000,1784815189838000000,0
Indexing.cache.totalCacheAccesses,1784815139176000000,1784815189838000000,0
Indexing.writer_3.totalTimeSpentWritingMs,1784815139176000000,1784815189838000000,0
Indexes.stubs.lookupDurationMaxMs,1784815139176000000,1784815189838000000,0.0
Indexing.writer_2.totalTimeSpentWritingMs,1784815139176000000,1784815189838000000,0
Indexing.totalTimeIndexersSleptMs,1784815139176000000,1784815189838000000,0
Indexes.stubs.lookupDurationAvgMs,1784815139176000000,1784815189838000000,0.0
Indexes.allKeys.lookupDurationMaxMs,1784815139176000000,1784815189838000000,0.0
Indexing.writer_0.totalTimeSpentWritingMs,1784815139176000000,1784815189838000000,0
Indexes.allKeys.lookupDuration90PMs,1784815139176000000,1784815189838000000,0.0
cacheStateStorage.get.counter,1784815139176000000,1784815189838000000,0
cacheStateStorage.set.duration,1784815139176000000,1784815189838000000,7
cacheStateStorage.set.counter,1784815139176000000,1784815189838000000,12
cacheStateStorage.get.duration,1784815139176000000,1784815189838000000,0
FileChannelInterruptsRetryer.totalRetriedAttempts,1784815139176000000,1784815189838000000,0
FilePageCache.totalPageLoadsUs,1784815139176000000,1784815189838000000,0
DirectByteBufferAllocator.totalSizeOfBuffersAllocatedInBytes,1784815139176000000,1784815189838000000,0
DirectByteBufferAllocator.hits,1784815139176000000,1784815189838000000,0
DirectByteBufferAllocator.disposed,1784815139176000000,1784815189838000000,0
FilePageCache.pageFastCacheHits,1784815139176000000,1784815189838000000,0
FilePageCache.pageLoads,1784815139176000000,1784815189838000000,0
StorageLockContext.competingThreads.avg,1784815139176000000,1784815189838000000,0.0
FilePageCache.pageLoadsAboveSizeThreshold,1784815139176000000,1784815189838000000,0
FilePageCache.pageHits,1784815139176000000,1784815189838000000,0
StorageLockContext.competingThreads.max,1784815139176000000,1784815189838000000,0
DirectByteBufferAllocator.reclaimed,1784815139176000000,1784815189838000000,0
FilePageCache.maxRegisteredFiles,1784815139176000000,1784815189838000000,1661
FilePageCache.totalPageDisposalsUs,1784815139176000000,1784815189838000000,0
DirectByteBufferAllocator.misses,1784815139176000000,1784815189838000000,0
StorageLockContext.competingThreads.90P,1784815139176000000,1784815189838000000,0
FilePageCache.uncachedFileAccess,1784815139176000000,1784815189838000000,0
FilePageCache.capacityInBytes,1784815139176000000,1784815189838000000,629145600
FilePageCache.disposedBuffers,1784815139176000000,1784815189838000000,0
FilePageCache.maxCacheSizeInBytes,1784815139176000000,1784815189838000000,629153792
DirectByteBufferAllocator.totalSizeOfBuffersCachedInBytes,1784815139176000000,1784815189838000000,41967616
workspaceModel.global.apply.state.to.project.ms,1784815139176000000,1784815189838000000,0
workspaceModel.mutableEntityStorage.apply.changes.from.ms,1784815139176000000,1784815189838000000,0
workspaceModel.moduleManagerBridge.create.module.instance.ms,1784815139176000000,1784815189838000000,0
workspaceModel.mutableEntityStorage.add.entity.ms,1784815139176000000,1784815189838000000,0
workspaceModel.mutableEntityStorage.changeLog.addReplaceEventForRemovedChild.ms,1784815139176000000,1784815189838000000,0
workspaceModel.moduleManagerBridge.load.module.ms,1784815139176000000,1784815189838000000,0
jps.module.dependency.index.workspace.model.listener.on.changed.ms,1784815139176000000,1784815189838000000,0
workspaceModel.mutableEntityStorage.entities.ms,1784815139176000000,1784815189838000000,0
jps.save.global.entities.ms,1784815139176000000,1784815189838000000,13
workspaceModel.global.apply.state.to.project.builder.ms,1784815139176000000,1784815189838000000,0
workspaceModel.do.save.caches.ms,1784815139176000000,1784815189838000000,0
workspaceModel.load.cache.from.file.ms,1784815139176000000,1784815189838000000,0
jps.artifact.entities.serializer.load.entities.ms,1784815139176000000,1784815189838000000,0
jps.global.get.libraries.ms,1784815139176000000,1784815189838000000,0
workspaceModel.mutableEntityStorage.referrers.ms,1784815139176000000,1784815189838000000,0
jps.module.iml.entities.serializer.save.entities.ms,1784815139176000000,1784815189838000000,0
jps.global.handle.changed.events.ms,1784815139176000000,1784815189838000000,0
workspaceModel.delayed.project.synchronizer.sync.ms,1784815139176000000,1784815189838000000,0
workspaceModel.mutableEntityStorage.entities.by.source.ms,1784815139176000000,1784815189838000000,0
workspaceModel.global.updates.count,1784815139176000000,1784815189838000000,0
jps.storage.jps.conf.reader.load.component.ms,1784815139176000000,1784815189838000000,0
workspaceModel.global.updates.ms,1784815139176000000,1784815189838000000,0
workspaceModel.moduleManagerBridge.new.nonPersistent.module.ms,1784815139176000000,1784815189838000000,0
workspaceModel.mutableEntityStorage.has.same.entities.ms,1784815139176000000,1784815189838000000,0
jps.global.initialize.library.bridges.ms,1784815139176000000,1784815189838000000,0
workspaceModel.mutableEntityStorage.replace.by.source.ms,1784815139176000000,1784815189838000000,0
jps.load.initial.state.ms,1784815139176000000,1784815189838000000,0
workspaceModel.mutableEntityStorage.put.entity.ms,1784815139176000000,1784815189838000000,0
jps.global.get.library.ms,1784815139176000000,1784815189838000000,0
workspaceModel.moduleManagerBridge.build.module.graph.ms,1784815139176000000,1784815189838000000,0
jps.app.storage.content.writer.save.component.ms,1784815139176000000,1784815189838000000,3
workspaceModel.moduleManagerBridge.set.unloadedModules.ms,1784815139176000000,1784815189838000000,0
workspaceModel.mutableEntityStorage.to.snapshot.ms,1784815139176000000,1784815189838000000,0
jps.project.serializers.save.ms,1784815139176000000,1784815189838000000,0
jps.module.iml.entities.serializer.load.entities.ms,1784815139176000000,1784815189838000000,0
workspaceModel.moduleBridge.before.changed.ms,1784815139176000000,1784815189838000000,0
workspaceModel.mutableEntityStorage.changeLog.addReplaceEventForRemovedParent.ms,1784815139176000000,1784815189838000000,0
jps.apply.loaded.storage.ms,1784815139176000000,1784815189838000000,0
jps.app.storage.content.reader.load.component.ms,1784815139176000000,1784815189838000000,0
workspaceModel.mutableEntityStorage.remove.entity.ms,1784815139176000000,1784815189838000000,0
workspaceModel.mutableEntityStorage.resolve.ms,1784815139176000000,1784815189838000000,0
workspaceModel.sync.entities.ms,1784815139176000000,1784815189838000000,0
workspaceModel.mutableEntityStorage.mutable.ext.mapping.ms,1784815139176000000,1784815189838000000,0
workspaceModel.moduleManagerBridge.get.modules.ms,1784815139176000000,1784815189838000000,0
workspaceModel.moduleBridgeLoader.loading.modules.ms,1784815139176000000,1784815189838000000,0
jps.library.entities.serializer.save.entities.ms,1784815139176000000,1784815189838000000,0
jps.facet.change.listener.process.change.events.ms,1784815139176000000,1784815189838000000,0
workspaceModel.mutableEntityStorage.changeLog.addReplaceEventForNewChild.ms,1784815139176000000,1784815189838000000,0
workspaceModel.mutableEntityStorage.hasReferrers.ms,1784815139176000000,1784815189838000000,0
workspaceModel.moduleBridge.facet.initialization.ms,1784815139176000000,1784815189838000000,0
jps.global.handle.before.change.events.ms,1784815139176000000,1784815189838000000,0
jps.global.initialize.library.bridges.after.loading.ms,1784815139176000000,1784815189838000000,0
jps.reload.project.entities.ms,1784815139176000000,1784815189838000000,0
workspaceModel.orphan.listener.update.ms,1784815139176000000,1784815189838000000,0
workspaceModel.mutableEntityStorage.mutable.vfurl.index.ms,1784815139176000000,1784815189838000000,0
jps.project.serializers.load.ms,1784815139176000000,1784815189838000000,0
workspaceModel.load.cache.metadata.from.file.ms,1784815139176000000,1784815189838000000,0
jps.facet.change.listener.init.bridge.ms,1784815139176000000,1784815189838000000,0
jps.library.entities.serializer.load.entities.ms,1784815139176000000,1784815189838000000,0
jps.load.project.to.empty.storage.ms,1784815139176000000,1784815189838000000,0
jps.facet.change.listener.before.change.events.ms,1784815139176000000,1784815189838000000,0
workspaceModel.mutableEntityStorage.instances.count,1784815139176000000,1784815189838000000,0
workspaceModel.moduleBridge.update.option.ms,1784815139176000000,1784815189838000000,0
workspaceModel.mutableEntityStorage.modify.entity.ms,1784815139176000000,1784815189838000000,0
workspaceModel.moduleManagerBridge.load.all.modules.ms,1784815139176000000,1784815189838000000,0
jps.global.get.library.by.name.ms,1784815139176000000,1784815189838000000,0
workspaceModel.mutableEntityStorage.changeLog.addReplaceEventForNewParent.ms,1784815139176000000,1784815189838000000,0
workspaceModel.moduleManagerBridge.newModule.ms,1784815139176000000,1784815189838000000,0
jps.artifact.entities.serializer.save.entities.ms,1784815139176000000,1784815189838000000,0
workspaceModel.save.cache.to.file.ms,1784815139176000000,1784815189838000000,0
jps.save.changed.project.entities.ms,1784815139176000000,1784815189838000000,0
workspaceModel.mutableEntityStorage.collect.changes.ms,1784815139176000000,1784815189838000000,0
