# OpenTelemetry Metrics report: .csv, 4 fields: 
# <metric name>, <period start, nanoseconds>, <period end, nanoseconds>, <metric value>
# See CsvMetricsExporter for details.
# 
# NAME, PERIOD_START_NANOS, PERIOD_END_NANOS, VALUE
Indexes.stubs.lookupDurationMaxMs,1784810818361000000,1784810878406000000,130.0
Indexing.writesQueuedMin,1784810818361000000,1784810878406000000,0
Indexes.allKeys.lookupDurationMaxMs,1784810818361000000,1784810878406000000,0.0
Indexes.entries.lookupDurationMaxMs,1784810818361000000,1784810878406000000,53.0
Indexes.allKeys.lookupDuration90PMs,1784810818361000000,1784810878406000000,0.0
Indexes.allKeys.lookupDurationAvgMs,1784810818361000000,1784810878406000000,0.0
Indexing.writesQueuedMax,1784810818361000000,1784810878406000000,0
Indexing.cache.totalCacheMisses,1784810818361000000,1784810878406000000,32938
Indexing.writer_2.totalTimeSpentWritingMs,1784810818361000000,1784810878406000000,54
Indexing.totalTimeIndexersSleptMs,1784810818361000000,1784810878406000000,0
Indexing.writer_1.totalTimeSpentWritingMs,1784810818361000000,1784810878406000000,37
Indexing.writesQueuedAvg,1784810818361000000,1784810878406000000,0.0
Indexes.stubs.lookups,1784810818361000000,1784810878406000000,18845
Indexes.entries.lookups,1784810818361000000,1784810878406000000,1989
Indexes.entries.lookupDuration90PMs,1784810818361000000,1784810878406000000,0.0
Indexing.cache.totalCacheEvicted,1784810818361000000,1784810878406000000,30705
Indexes.stubs.lookupDuration90PMs,1784810818361000000,1784810878406000000,0.0
Indexes.allKeys.lookups,1784810818361000000,1784810878406000000,3
Indexing.writer_3.totalTimeSpentWritingMs,1784810818361000000,1784810878406000000,7
Indexing.writer_0.totalTimeSpentWritingMs,1784810818361000000,1784810878406000000,37
Indexing.cache.totalCacheAccesses,1784810818361000000,1784810878406000000,71542
Indexes.stubs.lookupDurationAvgMs,1784810818361000000,1784810878406000000,0.1113703860840051
Indexes.entries.lookupDurationAvgMs,1784810818361000000,1784810878406000000,0.1892570281124498
parser.textmate.size.bytes,1784810818361000000,1784810878406000000,828
lexer.XML.size.bytes,1784810818361000000,1784810878406000000,132868
DiskQueryRelay.tasksExecuted,1784810818361000000,1784810878406000000,1520
lexer.GenericSQL.size.bytes,1784810818361000000,1784810878406000000,39545
lexer.textmate.size.bytes,1784810818361000000,1784810878406000000,828
writeAction.wait.ms,1784810818361000000,1784810878406000000,465
parser.JAVA.size.bytes,1784810818361000000,1784810878406000000,1070700
lexer.HTTP.Request.time.ns,1784810818361000000,1784810878406000000,17624334
DiskQueryRelay.taskWaitingTotalTimeUs,1784810818361000000,1784810878406000000,4269696
writeAction.median.wait.ms,1784810818361000000,1784810878406000000,400
lexer.GenericSQL.time.ns,1784810818361000000,1784810878406000000,41947333
lexer.textmate.time.ns,1784810818361000000,1784810878406000000,9417
lexer.HTML.size.bytes,1784810818361000000,1784810878406000000,0
parser.XML.size.bytes,1784810818361000000,1784810878406000000,132868
LowMemory.gcLoad,1784810818361000000,1784810878406000000,0.0
parser.HTTP.Request.time.ns,1784810818361000000,1784810878406000000,20463667
parser.GenericSQL.time.ns,1784810818361000000,1784810878406000000,1959482459
DiskQueryRelay.tasksRequested,1784810818361000000,1784810878406000000,1558
lexer.JAVA.size.bytes,1784810818361000000,1784810878406000000,1060389
parser.Markdown.size.bytes,1784810818361000000,1784810878406000000,11948
writeAction.count,1784810818361000000,1784810878406000000,22
parser.HTTP.Request.size.bytes,1784810818361000000,1784810878406000000,5558
lexer.HTML.time.ns,1784810818361000000,1784810878406000000,18084
writeAction.max.wait.ms,1784810818361000000,1784810878406000000,395
lexer.JAVA.time.ns,1784810818361000000,1784810878406000000,214788896
lexer.Markdown.time.ns,1784810818361000000,1784810878406000000,48389375
parser.Markdown.time.ns,1784810818361000000,1784810878406000000,15262250
parser.JAVA.time.ns,1784810818361000000,1784810878406000000,411934738
lexer.Markdown.size.bytes,1784810818361000000,1784810878406000000,11948
lexer.XML.time.ns,1784810818361000000,1784810878406000000,6047542
parser.XML.time.ns,1784810818361000000,1784810878406000000,21
parser.GenericSQL.size.bytes,1784810818361000000,1784810878406000000,40256
parser.HTML.size.bytes,1784810818361000000,1784810878406000000,0
LowMemory.gcOverloaded,1784810818361000000,1784810878406000000,0
parser.HTML.time.ns,1784810818361000000,1784810878406000000,1497375
DiskQueryRelay.taskExecutionTotalTimeUs,1784810818361000000,1784810878406000000,1386229
parser.textmate.time.ns,1784810818361000000,1784810878406000000,1429417
lexer.HTTP.Request.size.bytes,1784810818361000000,1784810878406000000,5558
compiler.ArtifactManagerBridge.dropMappings.ms,1784810818361000000,1784810878406000000,0
compiler.ArtifactManagerBridge.addArtifact.ms,1784810818361000000,1784810878406000000,0
compiler.ArtifactManagerBridge.getArtifactsByType.ms,1784810818361000000,1784810878406000000,1
compiler.ArtifactVirtualFileListener.filePathChanged.ms,1784810818361000000,1784810878406000000,0
compiler.ArtifactManagerBridge.getArtifacts.ms,1784810818361000000,1784810878406000000,0
compiler.ArtifactManagerBridge.commit.ms,1784810818361000000,1784810878406000000,0
compiler.ArtifactManagerBridge.initBridges.ms,1784810818361000000,1784810878406000000,0
compiler.ArtifactVirtualFileListener.propertyChanged.ms,1784810818361000000,1784810878406000000,0
compiler.ArtifactManagerBridge.findArtifact.ms,1784810818361000000,1784810878406000000,0
cacheStateStorage.set.counter,1784810818361000000,1784810878406000000,6
cacheStateStorage.get.counter,1784810818361000000,1784810878406000000,210
cacheStateStorage.set.duration,1784810818361000000,1784810878406000000,15
cacheStateStorage.get.duration,1784810818361000000,1784810878406000000,324
workspaceModel.mutableEntityStorage.replace.by.source.ms,1784810818361000000,1784810878406000000,44
workspaceModel.save.cache.to.file.ms,1784810818361000000,1784810878406000000,216
jps.storage.jps.conf.reader.load.component.ms,1784810818361000000,1784810878406000000,13
workspaceModel.mutableEntityStorage.changeLog.addReplaceEventForNewChild.ms,1784810818361000000,1784810878406000000,0
workspaceModel.mutableEntityStorage.put.entity.ms,1784810818361000000,1784810878406000000,13
workspaceModel.mutableEntityStorage.mutable.vfurl.index.ms,1784810818361000000,1784810878406000000,0
workspaceModel.mutableEntityStorage.mutable.ext.mapping.ms,1784810818361000000,1784810878406000000,0
workspaceModel.mutableEntityStorage.apply.changes.from.ms,1784810818361000000,1784810878406000000,51
jps.library.entities.serializer.save.entities.ms,1784810818361000000,1784810878406000000,0
jps.apply.loaded.storage.ms,1784810818361000000,1784810878406000000,75
jps.global.get.libraries.ms,1784810818361000000,1784810878406000000,3
jps.app.storage.content.reader.load.component.ms,1784810818361000000,1784810878406000000,2
workspaceModel.moduleManagerBridge.load.module.ms,1784810818361000000,1784810878406000000,0
jps.global.get.library.ms,1784810818361000000,1784810878406000000,0
workspaceModel.moduleManagerBridge.set.unloadedModules.ms,1784810818361000000,1784810878406000000,0
workspaceModel.moduleManagerBridge.load.all.modules.ms,1784810818361000000,1784810878406000000,45
workspaceModel.global.updates.ms,1784810818361000000,1784810878406000000,8
workspaceModel.moduleManagerBridge.newModule.ms,1784810818361000000,1784810878406000000,0
workspaceModel.mutableEntityStorage.instances.count,1784810818361000000,1784810878406000000,42
jps.save.global.entities.ms,1784810818361000000,1784810878406000000,15
jps.global.get.library.by.name.ms,1784810818361000000,1784810878406000000,0
workspaceModel.global.apply.state.to.project.builder.ms,1784810818361000000,1784810878406000000,6
workspaceModel.mutableEntityStorage.hasReferrers.ms,1784810818361000000,1784810878406000000,0
jps.facet.change.listener.init.bridge.ms,1784810818361000000,1784810878406000000,1
workspaceModel.mutableEntityStorage.entities.by.source.ms,1784810818361000000,1784810878406000000,2
jps.module.dependency.index.workspace.model.listener.on.changed.ms,1784810818361000000,1784810878406000000,0
jps.save.changed.project.entities.ms,1784810818361000000,1784810878406000000,2
workspaceModel.mutableEntityStorage.has.same.entities.ms,1784810818361000000,1784810878406000000,0
workspaceModel.mutableEntityStorage.resolve.ms,1784810818361000000,1784810878406000000,0
jps.global.initialize.library.bridges.ms,1784810818361000000,1784810878406000000,6
workspaceModel.moduleBridge.facet.initialization.ms,1784810818361000000,1784810878406000000,24
workspaceModel.mutableEntityStorage.remove.entity.ms,1784810818361000000,1784810878406000000,0
workspaceModel.moduleManagerBridge.new.nonPersistent.module.ms,1784810818361000000,1784810878406000000,0
jps.module.iml.entities.serializer.save.entities.ms,1784810818361000000,1784810878406000000,0
workspaceModel.mutableEntityStorage.to.snapshot.ms,1784810818361000000,1784810878406000000,2
workspaceModel.mutableEntityStorage.entities.ms,1784810818361000000,1784810878406000000,0
workspaceModel.load.cache.metadata.from.file.ms,1784810818361000000,1784810878406000000,9
jps.project.serializers.load.ms,1784810818361000000,1784810878406000000,92
workspaceModel.mutableEntityStorage.collect.changes.ms,1784810818361000000,1784810878406000000,0
jps.facet.change.listener.before.change.events.ms,1784810818361000000,1784810878406000000,0
workspaceModel.mutableEntityStorage.changeLog.addReplaceEventForRemovedChild.ms,1784810818361000000,1784810878406000000,0
workspaceModel.mutableEntityStorage.add.entity.ms,1784810818361000000,1784810878406000000,51
workspaceModel.moduleBridgeLoader.loading.modules.ms,1784810818361000000,1784810878406000000,104
jps.module.iml.entities.serializer.load.entities.ms,1784810818361000000,1784810878406000000,18
workspaceModel.global.apply.state.to.project.ms,1784810818361000000,1784810878406000000,17
workspaceModel.mutableEntityStorage.referrers.ms,1784810818361000000,1784810878406000000,0
workspaceModel.delayed.project.synchronizer.sync.ms,1784810818361000000,1784810878406000000,212
jps.library.entities.serializer.load.entities.ms,1784810818361000000,1784810878406000000,23
jps.facet.change.listener.process.change.events.ms,1784810818361000000,1784810878406000000,2
workspaceModel.moduleManagerBridge.build.module.graph.ms,1784810818361000000,1784810878406000000,2
workspaceModel.moduleBridge.before.changed.ms,1784810818361000000,1784810878406000000,0
workspaceModel.moduleManagerBridge.get.modules.ms,1784810818361000000,1784810878406000000,2
jps.global.initialize.library.bridges.after.loading.ms,1784810818361000000,1784810878406000000,1
jps.global.handle.changed.events.ms,1784810818361000000,1784810878406000000,0
jps.artifact.entities.serializer.save.entities.ms,1784810818361000000,1784810878406000000,0
workspaceModel.mutableEntityStorage.changeLog.addReplaceEventForNewParent.ms,1784810818361000000,1784810878406000000,3
workspaceModel.orphan.listener.update.ms,1784810818361000000,1784810878406000000,1
workspaceModel.moduleManagerBridge.create.module.instance.ms,1784810818361000000,1784810878406000000,0
workspaceModel.mutableEntityStorage.modify.entity.ms,1784810818361000000,1784810878406000000,6
workspaceModel.moduleBridge.update.option.ms,1784810818361000000,1784810878406000000,0
jps.reload.project.entities.ms,1784810818361000000,1784810878406000000,0
workspaceModel.global.updates.count,1784810818361000000,1784810878406000000,1
workspaceModel.mutableEntityStorage.changeLog.addReplaceEventForRemovedParent.ms,1784810818361000000,1784810878406000000,0
workspaceModel.do.save.caches.ms,1784810818361000000,1784810878406000000,228
jps.project.serializers.save.ms,1784810818361000000,1784810878406000000,2
jps.artifact.entities.serializer.load.entities.ms,1784810818361000000,1784810878406000000,1
workspaceModel.load.cache.from.file.ms,1784810818361000000,1784810878406000000,115
jps.load.project.to.empty.storage.ms,1784810818361000000,1784810878406000000,131
jps.app.storage.content.writer.save.component.ms,1784810818361000000,1784810878406000000,5
workspaceModel.sync.entities.ms,1784810818361000000,1784810878406000000,0
jps.global.handle.before.change.events.ms,1784810818361000000,1784810878406000000,0
jps.load.initial.state.ms,1784810818361000000,1784810878406000000,11
FilePageCache.pageHits,1784810818361000000,1784810878406000000,1728
FilePageCache.pageFastCacheHits,1784810818361000000,1784810878406000000,73299
StorageLockContext.competingThreads.max,1784810818361000000,1784810878406000000,0
DirectByteBufferAllocator.totalSizeOfBuffersAllocatedInBytes,1784810818361000000,1784810878406000000,0
DirectByteBufferAllocator.hits,1784810818361000000,1784810878406000000,198
MappedFileStorage.storages,1784810818361000000,1784810878406000000,17
FilePageCache.uncachedFileAccess,1784810818361000000,1784810878406000000,635
StorageLockContext.competingThreads.90P,1784810818361000000,1784810878406000000,0
DirectByteBufferAllocator.totalSizeOfBuffersCachedInBytes,1784810818361000000,1784810878406000000,41984000
StreamlinedBlobStorage.recordsRelocated,1784810818361000000,1784810878406000000,0
StreamlinedBlobStorage.totalLiveRecordsPayloadBytes,1784810818361000000,1784810878406000000,2279292
DirectByteBufferAllocator.reclaimed,1784810818361000000,1784810878406000000,243
StreamlinedBlobStorage.recordsDeleted,1784810818361000000,1784810878406000000,19
FilePageCache.pageLoads,1784810818361000000,1784810878406000000,612
MappedFileStorage.totalBytesMapped,1784810818361000000,1784810878406000000,206831616
FilePageCache.maxCacheSizeInBytes,1784810818361000000,1784810878406000000,629153792
DirectByteBufferAllocator.misses,1784810818361000000,1784810878406000000,606
StorageLockContext.competingThreads.avg,1784810818361000000,1784810878406000000,0.0
DirectByteBufferAllocator.disposed,1784810818361000000,1784810878406000000,606
FilePageCache.totalPageDisposalsUs,1784810818361000000,1784810878406000000,2428
FileChannelInterruptsRetryer.totalRetriedAttempts,1784810818361000000,1784810878406000000,0
MappedFileStorage.totalTimeSpentOnMappingUs,1784810818361000000,1784810878406000000,11081
FilePageCache.totalPageLoadsUs,1784810818361000000,1784810878406000000,375885
FilePageCache.pageLoadsAboveSizeThreshold,1784810818361000000,1784810878406000000,192
FilePageCache.capacityInBytes,1784810818361000000,1784810878406000000,629145600
FilePageCache.maxRegisteredFiles,1784810818361000000,1784810878406000000,1663
StreamlinedBlobStorage.recordsAllocated,1784810818361000000,1784810878406000000,115931
StreamlinedBlobStorage.totalLiveRecordsCapacityBytes,1784810818361000000,1784810878406000000,9060985
FilePageCache.disposedBuffers,1784810818361000000,1784810878406000000,804
MappedFileStorage.totalPagesMapped,1784810818361000000,1784810878406000000,17
AWTEventQueue.dispatchTimeTotalNS,1784810818361000000,1784810878406000000,10175977049
AWTEventQueue.eventsDispatched,1784810818361000000,1784810878406000000,15473
FlushQueue.waitingTimeAvgNs,1784810818361000000,1784810878406000000,2.7053877782652043E7
FlushQueue.executionTime90PNs,1784810818361000000,1784810878406000000,177151
FlushQueue.waitingTime90PNs,1784810818361000000,1784810878406000000,69730303
NonBlockingReadAction.failedExecutionTimeUs,1784810818361000000,1784810878406000000,2499627
NonBlockingReadAction.finalizedExecutionTimeUs,1784810818361000000,1784810878406000000,2039116
FlushQueue.queueSizeMax,1784810818361000000,1784810878406000000,365
NonBlockingReadAction.failedExecutionsCount,1784810818361000000,1784810878406000000,49
NonBlockingReadAction.finalizedExecutionsCount,1784810818361000000,1784810878406000000,473
AWTEventQueue.dispatchTimeMaxNs,1784810818361000000,1784810878406000000,471859199
WriteAction.executionsCount,1784810818361000000,1784810878406000000,22
FlushQueue.executionTimeMaxNs,1784810818361000000,1784810878406000000,2701131775
AWTEventQueue.dispatchTimeAvgNs,1784810818361000000,1784810878406000000,657769.9659406708
FlushQueue.executionTimeAvgNs,1784810818361000000,1784810878406000000,693799.5344965105
FlushQueue.queueSizeAvg,1784810818361000000,1784810878406000000,22.044566301096708
FlushQueue.waitingTimeMaxNs,1784810818361000000,1784810878406000000,616562687
AWTEventQueue.dispatchTime90PNs,1784810818361000000,1784810878406000000,585727
ReadAction.executionsCount,1784810818361000000,1784810878406000000,492909
FlushQueue.queueSize90P,1784810818361000000,1784810878406000000,71
FlushQueue.tasksExecuted,1784810818361000000,1784810878406000000,10030
workspaceModel.cachedValueWithParameters.clear.count,1784810818361000000,1784810878406000000,0
workspaceModel.updates.ms,1784810818361000000,1784810878406000000,76
workspaceModel.workspaceFileIndexData.markDirty.ms,1784810818361000000,1784810878406000000,0
workspaceModel.check.recursive.update.ms,1784810818361000000,1784810878406000000,0
workspaceModel.cachedValueWithParameters.calculated.count,1784810818361000000,1784810878406000000,3
workspaceModel.entityStorageSnapshotImpl.instances.count,1784810818361000000,1784810878406000000,25
workspaceModel.cachedValue.clear.count,1784810818361000000,1784810878406000000,0
workspaceModel.workspaceFileIndexData.init.ms,1784810818361000000,1784810878406000000,120
workspaceModel.cachedValue.from.cache.count,1784810818361000000,1784810878406000000,7431
workspaceModel.full.replace.project.model.ms,1784810818361000000,1784810878406000000,7
workspaceModel.workspaceFileIndexData.processFileSets.ms,1784810818361000000,1784810878406000000,0
workspaceModel.replace.project.model.ms,1784810818361000000,1784810878406000000,0
workspaceModel.loading.total.ms,1784810818361000000,1784810878406000000,118
workspaceModel.on.before.changed.ms,1784810818361000000,1784810878406000000,30
workspaceModel.init.bridges.ms,1784810818361000000,1784810878406000000,18
workspaceModel.cachedValue.calculated.count,1784810818361000000,1784810878406000000,333
workspaceModel.workspaceFileIndexData.visitFileSets.ms,1784810818361000000,1784810878406000000,24
workspaceModel.workspaceFileIndexContributor.registerFileSets.ms,1784810818361000000,1784810878406000000,237
workspaceModel.workspaceFileIndexData.onEntitiesChanged.ms,1784810818361000000,1784810878406000000,1
workspaceModel.updates.precise.ms,1784810818361000000,1784810878406000000,11
workspaceModel.update.unloaded.entities.ms,1784810818361000000,1784810878406000000,0
workspaceModel.workspaceFileIndexData.instances.count,1784810818361000000,1784810878406000000,1
workspaceModel.on.changed.ms,1784810818361000000,1784810878406000000,14
workspaceModel.cachedValueWithParameters.total.get.count,1784810818361000000,1784810878406000000,6301
workspaceModel.collect.changes.ms,1784810818361000000,1784810878406000000,0
workspaceModel.workspaceFileIndexData.updateDirtyEntities.ms,1784810818361000000,1784810878406000000,0
workspaceModel.updates.count,1784810818361000000,1784810878406000000,5
workspaceModel.pre.handlers.ms,1784810818361000000,1784810878406000000,3
workspaceModel.cachedValue.total.get.count,1784810818361000000,1784810878406000000,7764
workspaceModel.workspaceFileIndexData.getFileInfo.ms,1784810818361000000,1784810878406000000,1433
workspaceModel.initializing.ms,1784810818361000000,1784810878406000000,18
workspaceModel.workspaceFileIndexData.getPackageName.ms,1784810818361000000,1784810878406000000,123
workspaceModel.cachedValueWithParameters.from.cache.count,1784810818361000000,1784810878406000000,6298
workspaceModel.workspaceFileIndexData.getDirectoriesByPackageName.ms,1784810818361000000,1784810878406000000,4035
workspaceModel.to.snapshot.ms,1784810818361000000,1784810878406000000,1
workspaceModel.loading.from.cache.ms,1784810818361000000,1784810878406000000,114
VFS.contentStorage.recordsStoredSize,1784810818361000000,1784810878406000000,108850
VFS.cache.segments,1784810818361000000,1784810878406000000,334.0
VFS.cache.segmentsCreated,1784810818361000000,1784810878406000000,334
VFS.fileByIdCache.hits,1784810818361000000,1784810878406000000,3
FileNameCache.totalMisses,1784810818361000000,1784810878406000000,175104
VFS.fileByIdCache.misses,1784810818361000000,1784810878406000000,21723
VFS.fileChildByName,1784810818361000000,1784810878406000000,70043
VFS.contentStorage.recordsReadDecompressed,1784810818361000000,1784810878406000000,43
VFS.contentStorage.recordsStored,1784810818361000000,1784810878406000000,38
VFS.cache.filesCreated,1784810818361000000,1784810878406000000,109578
VFS.contentStorage.recordsDecompressionTimeUs,1784810818361000000,1784810878406000000,18931
VFS.contentStorage.recordsStoredCompressed,1784810818361000000,1784810878406000000,12
VFS.contentStorage.recordsReadSize,1784810818361000000,1784810878406000000,2435835
FileNameCache.queries,1784810818361000000,1784810878406000000,5160000
VFS.cache.directoriesCreated,1784810818361000000,1784810878406000000,11892
VFS.invertedFileNameIndex.requests,1784810818361000000,1784810878406000000,25
VFS.folderCaseSensitivityReads,1784810818361000000,1784810878406000000,5
VFS.contentStorage.recordsRead,1784810818361000000,1784810878406000000,161
VFS.rootsCount,1784810818361000000,1784810878406000000,323.0
VFS.contentStorage.recordsDeduplicated,1784810818361000000,1784810878406000000,1
VFS.contentStorage.recordsUncompressedSize,1784810818361000000,1784810878406000000,256643
JVM.totalTimeAtSafepointsMs,1784810818361000000,1784810878406000000,882
MEM.ramPlusSwapMinusFileMappingsBytes,1784810818361000000,1784810878406000000,1707235136
JVM.totalDirectByteBuffersBytes,1784810818361000000,1784810878406000000,59400
JVM.GC.collections,1784810818361000000,1784810878406000000,72
JVM.usedHeapBytes,1784810818361000000,1784810878406000000,377726056
JVM.maxThreadCount,1784810818361000000,1784810878406000000,153
JVM.totalBytesAllocated,1784810818361000000,1784810878406000000,5566309984
JVM.GC.collectionTimesMs,1784810818361000000,1784810878406000000,878
JVM.maxHeapBytes,1784810818361000000,1784810878406000000,2147483648
JVM.totalTimeToSafepointsMs,1784810818361000000,1784810878406000000,36
JVM.newThreadsCount,1784810818361000000,1784810878406000000,210
JVM.committedHeapBytes,1784810818361000000,1784810878406000000,643825664
MEM.fileMappingsRamBytes,1784810818361000000,1784810878406000000,508641280
JVM.threadCount,1784810818361000000,1784810878406000000,150
MEM.ramMinusFileMappingsBytes,1784810818361000000,1784810878406000000,1019838464
MEM.ramBytes,1784810818361000000,1784810878406000000,1532264448
JVM.totalCpuTimeMs,1784810818361000000,1784810878406000000,90701
JVM.usedNativeBytes,1784810818361000000,1784810878406000000,533822144
JVM.totalSafepointCount,1784810818361000000,1784810878406000000,154
OS.loadAverage,1784810818361000000,1784810878406000000,7.99755859375
Indexes.stubs.lookupDurationMaxMs,1784810878406000000,1784810938407000000,6.0
Indexing.writesQueuedMin,1784810878406000000,1784810938407000000,0
Indexes.allKeys.lookupDurationMaxMs,1784810878406000000,1784810938407000000,1.0
Indexes.entries.lookupDurationMaxMs,1784810878406000000,1784810938407000000,6.0
Indexes.allKeys.lookupDuration90PMs,1784810878406000000,1784810938407000000,1.0
Indexes.allKeys.lookupDurationAvgMs,1784810878406000000,1784810938407000000,0.3333333333333333
Indexing.writesQueuedMax,1784810878406000000,1784810938407000000,0
Indexing.cache.totalCacheMisses,1784810878406000000,1784810938407000000,2188
Indexing.writer_2.totalTimeSpentWritingMs,1784810878406000000,1784810938407000000,0
Indexing.totalTimeIndexersSleptMs,1784810878406000000,1784810938407000000,0
Indexing.writer_1.totalTimeSpentWritingMs,1784810878406000000,1784810938407000000,0
Indexing.writesQueuedAvg,1784810878406000000,1784810938407000000,0.0
Indexes.stubs.lookups,1784810878406000000,1784810938407000000,5007
Indexes.entries.lookups,1784810878406000000,1784810938407000000,116
Indexes.entries.lookupDuration90PMs,1784810878406000000,1784810938407000000,1.0
Indexing.cache.totalCacheEvicted,1784810878406000000,1784810938407000000,2172
Indexes.stubs.lookupDuration90PMs,1784810878406000000,1784810938407000000,0.0
Indexes.allKeys.lookups,1784810878406000000,1784810938407000000,3
Indexing.writer_3.totalTimeSpentWritingMs,1784810878406000000,1784810938407000000,0
Indexing.writer_0.totalTimeSpentWritingMs,1784810878406000000,1784810938407000000,0
Indexing.cache.totalCacheAccesses,1784810878406000000,1784810938407000000,10834
Indexes.stubs.lookupDurationAvgMs,1784810878406000000,1784810938407000000,0.03187250996015936
Indexes.entries.lookupDurationAvgMs,1784810878406000000,1784810938407000000,0.1896551724137931
DiskQueryRelay.tasksExecuted,1784810878406000000,1784810938407000000,751
writeAction.wait.ms,1784810878406000000,1784810938407000000,5
parser.JAVA.size.bytes,1784810878406000000,1784810938407000000,106274
DiskQueryRelay.taskWaitingTotalTimeUs,1784810878406000000,1784810938407000000,140525
writeAction.median.wait.ms,1784810878406000000,1784810938407000000,400
lexer.yaml.time.ns,1784810878406000000,1784810938407000000,788750
LowMemory.gcLoad,1784810878406000000,1784810938407000000,0.0024796188944555967
parser.yaml.size.bytes,1784810878406000000,1784810938407000000,8072
DiskQueryRelay.tasksRequested,1784810878406000000,1784810938407000000,751
lexer.JAVA.size.bytes,1784810878406000000,1784810938407000000,106274
writeAction.count,1784810878406000000,1784810938407000000,22
parser.yaml.time.ns,1784810878406000000,1784810938407000000,5181958
writeAction.max.wait.ms,1784810878406000000,1784810938407000000,395
lexer.JAVA.time.ns,1784810878406000000,1784810938407000000,1334380
parser.JAVA.time.ns,1784810878406000000,1784810938407000000,26197218
lexer.yaml.size.bytes,1784810878406000000,1784810938407000000,8072
LowMemory.gcOverloaded,1784810878406000000,1784810938407000000,0
DiskQueryRelay.taskExecutionTotalTimeUs,1784810878406000000,1784810938407000000,136224
compiler.ArtifactManagerBridge.dropMappings.ms,1784810878406000000,1784810938407000000,0
compiler.ArtifactManagerBridge.addArtifact.ms,1784810878406000000,1784810938407000000,0
compiler.ArtifactManagerBridge.getArtifactsByType.ms,1784810878406000000,1784810938407000000,0
compiler.ArtifactVirtualFileListener.filePathChanged.ms,1784810878406000000,1784810938407000000,0
compiler.ArtifactManagerBridge.getArtifacts.ms,1784810878406000000,1784810938407000000,0
compiler.ArtifactManagerBridge.commit.ms,1784810878406000000,1784810938407000000,0
compiler.ArtifactManagerBridge.initBridges.ms,1784810878406000000,1784810938407000000,0
compiler.ArtifactVirtualFileListener.propertyChanged.ms,1784810878406000000,1784810938407000000,0
compiler.ArtifactManagerBridge.findArtifact.ms,1784810878406000000,1784810938407000000,0
cacheStateStorage.set.counter,1784810878406000000,1784810938407000000,0
cacheStateStorage.get.counter,1784810878406000000,1784810938407000000,11
cacheStateStorage.set.duration,1784810878406000000,1784810938407000000,0
cacheStateStorage.get.duration,1784810878406000000,1784810938407000000,26
workspaceModel.mutableEntityStorage.replace.by.source.ms,1784810878406000000,1784810938407000000,0
workspaceModel.save.cache.to.file.ms,1784810878406000000,1784810938407000000,0
jps.storage.jps.conf.reader.load.component.ms,1784810878406000000,1784810938407000000,0
workspaceModel.mutableEntityStorage.changeLog.addReplaceEventForNewChild.ms,1784810878406000000,1784810938407000000,0
workspaceModel.mutableEntityStorage.put.entity.ms,1784810878406000000,1784810938407000000,0
workspaceModel.mutableEntityStorage.mutable.vfurl.index.ms,1784810878406000000,1784810938407000000,0
workspaceModel.mutableEntityStorage.mutable.ext.mapping.ms,1784810878406000000,1784810938407000000,0
workspaceModel.mutableEntityStorage.apply.changes.from.ms,1784810878406000000,1784810938407000000,0
jps.library.entities.serializer.save.entities.ms,1784810878406000000,1784810938407000000,0
jps.apply.loaded.storage.ms,1784810878406000000,1784810938407000000,0
jps.global.get.libraries.ms,1784810878406000000,1784810938407000000,0
jps.app.storage.content.reader.load.component.ms,1784810878406000000,1784810938407000000,0
workspaceModel.moduleManagerBridge.load.module.ms,1784810878406000000,1784810938407000000,0
jps.global.get.library.ms,1784810878406000000,1784810938407000000,0
workspaceModel.moduleManagerBridge.set.unloadedModules.ms,1784810878406000000,1784810938407000000,0
workspaceModel.moduleManagerBridge.load.all.modules.ms,1784810878406000000,1784810938407000000,0
workspaceModel.global.updates.ms,1784810878406000000,1784810938407000000,0
workspaceModel.moduleManagerBridge.newModule.ms,1784810878406000000,1784810938407000000,0
workspaceModel.mutableEntityStorage.instances.count,1784810878406000000,1784810938407000000,3
jps.save.global.entities.ms,1784810878406000000,1784810938407000000,10
jps.global.get.library.by.name.ms,1784810878406000000,1784810938407000000,0
workspaceModel.global.apply.state.to.project.builder.ms,1784810878406000000,1784810938407000000,0
workspaceModel.mutableEntityStorage.hasReferrers.ms,1784810878406000000,1784810938407000000,0
jps.facet.change.listener.init.bridge.ms,1784810878406000000,1784810938407000000,0
workspaceModel.mutableEntityStorage.entities.by.source.ms,1784810878406000000,1784810938407000000,0
jps.module.dependency.index.workspace.model.listener.on.changed.ms,1784810878406000000,1784810938407000000,0
jps.save.changed.project.entities.ms,1784810878406000000,1784810938407000000,1
workspaceModel.mutableEntityStorage.has.same.entities.ms,1784810878406000000,1784810938407000000,0
workspaceModel.mutableEntityStorage.resolve.ms,1784810878406000000,1784810938407000000,0
jps.global.initialize.library.bridges.ms,1784810878406000000,1784810938407000000,0
workspaceModel.moduleBridge.facet.initialization.ms,1784810878406000000,1784810938407000000,0
workspaceModel.mutableEntityStorage.remove.entity.ms,1784810878406000000,1784810938407000000,0
workspaceModel.moduleManagerBridge.new.nonPersistent.module.ms,1784810878406000000,1784810938407000000,0
jps.module.iml.entities.serializer.save.entities.ms,1784810878406000000,1784810938407000000,0
workspaceModel.mutableEntityStorage.to.snapshot.ms,1784810878406000000,1784810938407000000,0
workspaceModel.mutableEntityStorage.entities.ms,1784810878406000000,1784810938407000000,0
workspaceModel.load.cache.metadata.from.file.ms,1784810878406000000,1784810938407000000,0
jps.project.serializers.load.ms,1784810878406000000,1784810938407000000,0
workspaceModel.mutableEntityStorage.collect.changes.ms,1784810878406000000,1784810938407000000,0
jps.facet.change.listener.before.change.events.ms,1784810878406000000,1784810938407000000,0
workspaceModel.mutableEntityStorage.changeLog.addReplaceEventForRemovedChild.ms,1784810878406000000,1784810938407000000,0
workspaceModel.mutableEntityStorage.add.entity.ms,1784810878406000000,1784810938407000000,0
workspaceModel.moduleBridgeLoader.loading.modules.ms,1784810878406000000,1784810938407000000,0
jps.module.iml.entities.serializer.load.entities.ms,1784810878406000000,1784810938407000000,0
workspaceModel.global.apply.state.to.project.ms,1784810878406000000,1784810938407000000,0
workspaceModel.mutableEntityStorage.referrers.ms,1784810878406000000,1784810938407000000,0
workspaceModel.delayed.project.synchronizer.sync.ms,1784810878406000000,1784810938407000000,0
jps.library.entities.serializer.load.entities.ms,1784810878406000000,1784810938407000000,0
jps.facet.change.listener.process.change.events.ms,1784810878406000000,1784810938407000000,0
workspaceModel.moduleManagerBridge.build.module.graph.ms,1784810878406000000,1784810938407000000,0
workspaceModel.moduleBridge.before.changed.ms,1784810878406000000,1784810938407000000,0
workspaceModel.moduleManagerBridge.get.modules.ms,1784810878406000000,1784810938407000000,0
jps.global.initialize.library.bridges.after.loading.ms,1784810878406000000,1784810938407000000,0
jps.global.handle.changed.events.ms,1784810878406000000,1784810938407000000,0
jps.artifact.entities.serializer.save.entities.ms,1784810878406000000,1784810938407000000,0
workspaceModel.mutableEntityStorage.changeLog.addReplaceEventForNewParent.ms,1784810878406000000,1784810938407000000,0
workspaceModel.orphan.listener.update.ms,1784810878406000000,1784810938407000000,0
workspaceModel.moduleManagerBridge.create.module.instance.ms,1784810878406000000,1784810938407000000,0
workspaceModel.mutableEntityStorage.modify.entity.ms,1784810878406000000,1784810938407000000,0
workspaceModel.moduleBridge.update.option.ms,1784810878406000000,1784810938407000000,0
jps.reload.project.entities.ms,1784810878406000000,1784810938407000000,1
workspaceModel.global.updates.count,1784810878406000000,1784810938407000000,0
workspaceModel.mutableEntityStorage.changeLog.addReplaceEventForRemovedParent.ms,1784810878406000000,1784810938407000000,0
workspaceModel.do.save.caches.ms,1784810878406000000,1784810938407000000,0
jps.project.serializers.save.ms,1784810878406000000,1784810938407000000,1
jps.artifact.entities.serializer.load.entities.ms,1784810878406000000,1784810938407000000,0
workspaceModel.load.cache.from.file.ms,1784810878406000000,1784810938407000000,0
jps.load.project.to.empty.storage.ms,1784810878406000000,1784810938407000000,0
jps.app.storage.content.writer.save.component.ms,1784810878406000000,1784810938407000000,4
workspaceModel.sync.entities.ms,1784810878406000000,1784810938407000000,0
jps.global.handle.before.change.events.ms,1784810878406000000,1784810938407000000,0
jps.load.initial.state.ms,1784810878406000000,1784810938407000000,0
FilePageCache.pageHits,1784810878406000000,1784810938407000000,90
FilePageCache.pageFastCacheHits,1784810878406000000,1784810938407000000,1762
StorageLockContext.competingThreads.max,1784810878406000000,1784810938407000000,0
DirectByteBufferAllocator.totalSizeOfBuffersAllocatedInBytes,1784810878406000000,1784810938407000000,74473472
DirectByteBufferAllocator.hits,1784810878406000000,1784810938407000000,0
MappedFileStorage.storages,1784810878406000000,1784810938407000000,17
FilePageCache.uncachedFileAccess,1784810878406000000,1784810938407000000,43
StorageLockContext.competingThreads.90P,1784810878406000000,1784810938407000000,0
DirectByteBufferAllocator.totalSizeOfBuffersCachedInBytes,1784810878406000000,1784810938407000000,41984000
StreamlinedBlobStorage.recordsRelocated,1784810878406000000,1784810938407000000,0
StreamlinedBlobStorage.totalLiveRecordsPayloadBytes,1784810878406000000,1784810938407000000,611
DirectByteBufferAllocator.reclaimed,1784810878406000000,1784810938407000000,0
StreamlinedBlobStorage.recordsDeleted,1784810878406000000,1784810938407000000,0
FilePageCache.pageLoads,1784810878406000000,1784810938407000000,74
MappedFileStorage.totalBytesMapped,1784810878406000000,1784810938407000000,206831616
FilePageCache.maxCacheSizeInBytes,1784810878406000000,1784810938407000000,629153792
DirectByteBufferAllocator.misses,1784810878406000000,1784810938407000000,74
StorageLockContext.competingThreads.avg,1784810878406000000,1784810938407000000,0.0
DirectByteBufferAllocator.disposed,1784810878406000000,1784810938407000000,0
FilePageCache.totalPageDisposalsUs,1784810878406000000,1784810938407000000,33
FileChannelInterruptsRetryer.totalRetriedAttempts,1784810878406000000,1784810938407000000,0
MappedFileStorage.totalTimeSpentOnMappingUs,1784810878406000000,1784810938407000000,11081
FilePageCache.totalPageLoadsUs,1784810878406000000,1784810938407000000,35016
FilePageCache.pageLoadsAboveSizeThreshold,1784810878406000000,1784810938407000000,0
FilePageCache.capacityInBytes,1784810878406000000,1784810938407000000,629145600
FilePageCache.maxRegisteredFiles,1784810878406000000,1784810938407000000,1663
StreamlinedBlobStorage.recordsAllocated,1784810878406000000,1784810938407000000,72
StreamlinedBlobStorage.totalLiveRecordsCapacityBytes,1784810878406000000,1784810938407000000,5040
FilePageCache.disposedBuffers,1784810878406000000,1784810938407000000,0
MappedFileStorage.totalPagesMapped,1784810878406000000,1784810938407000000,17
AWTEventQueue.dispatchTimeTotalNS,1784810878406000000,1784810938407000000,10496306743
AWTEventQueue.eventsDispatched,1784810878406000000,1784810938407000000,21474
FlushQueue.waitingTimeAvgNs,1784810878406000000,1784810938407000000,906305.5548169195
FlushQueue.executionTime90PNs,1784810878406000000,1784810938407000000,61183
FlushQueue.waitingTime90PNs,1784810878406000000,1784810938407000000,1286143
NonBlockingReadAction.failedExecutionTimeUs,1784810878406000000,1784810938407000000,56995
NonBlockingReadAction.finalizedExecutionTimeUs,1784810878406000000,1784810938407000000,532191
FlushQueue.queueSizeMax,1784810878406000000,1784810938407000000,83
NonBlockingReadAction.failedExecutionsCount,1784810878406000000,1784810938407000000,13
NonBlockingReadAction.finalizedExecutionsCount,1784810878406000000,1784810938407000000,387
AWTEventQueue.dispatchTimeMaxNs,1784810878406000000,1784810938407000000,91226111
WriteAction.executionsCount,1784810878406000000,1784810938407000000,22
FlushQueue.executionTimeMaxNs,1784810878406000000,1784810938407000000,964689919
AWTEventQueue.dispatchTimeAvgNs,1784810878406000000,1784810938407000000,488831.3337058769
FlushQueue.executionTimeAvgNs,1784810878406000000,1784810938407000000,100821.01747708143
FlushQueue.queueSizeAvg,1784810878406000000,1784810938407000000,13.639629014099608
FlushQueue.waitingTimeMaxNs,1784810878406000000,1784810938407000000,87031807
AWTEventQueue.dispatchTime90PNs,1784810878406000000,1784810938407000000,757759
ReadAction.executionsCount,1784810878406000000,1784810938407000000,21606
FlushQueue.queueSize90P,1784810878406000000,1784810938407000000,34
FlushQueue.tasksExecuted,1784810878406000000,1784810938407000000,18653
workspaceModel.cachedValueWithParameters.clear.count,1784810878406000000,1784810938407000000,0
workspaceModel.updates.ms,1784810878406000000,1784810938407000000,0
workspaceModel.workspaceFileIndexData.markDirty.ms,1784810878406000000,1784810938407000000,0
workspaceModel.check.recursive.update.ms,1784810878406000000,1784810938407000000,0
workspaceModel.cachedValueWithParameters.calculated.count,1784810878406000000,1784810938407000000,0
workspaceModel.entityStorageSnapshotImpl.instances.count,1784810878406000000,1784810938407000000,0
workspaceModel.cachedValue.clear.count,1784810878406000000,1784810938407000000,0
workspaceModel.workspaceFileIndexData.init.ms,1784810878406000000,1784810938407000000,0
workspaceModel.cachedValue.from.cache.count,1784810878406000000,1784810938407000000,30
workspaceModel.full.replace.project.model.ms,1784810878406000000,1784810938407000000,0
workspaceModel.workspaceFileIndexData.processFileSets.ms,1784810878406000000,1784810938407000000,0
workspaceModel.replace.project.model.ms,1784810878406000000,1784810938407000000,0
workspaceModel.loading.total.ms,1784810878406000000,1784810938407000000,0
workspaceModel.on.before.changed.ms,1784810878406000000,1784810938407000000,0
workspaceModel.init.bridges.ms,1784810878406000000,1784810938407000000,0
workspaceModel.cachedValue.calculated.count,1784810878406000000,1784810938407000000,0
workspaceModel.workspaceFileIndexData.visitFileSets.ms,1784810878406000000,1784810938407000000,0
workspaceModel.workspaceFileIndexContributor.registerFileSets.ms,1784810878406000000,1784810938407000000,0
workspaceModel.workspaceFileIndexData.onEntitiesChanged.ms,1784810878406000000,1784810938407000000,0
workspaceModel.updates.precise.ms,1784810878406000000,1784810938407000000,0
workspaceModel.update.unloaded.entities.ms,1784810878406000000,1784810938407000000,0
workspaceModel.workspaceFileIndexData.instances.count,1784810878406000000,1784810938407000000,0
workspaceModel.on.changed.ms,1784810878406000000,1784810938407000000,0
workspaceModel.cachedValueWithParameters.total.get.count,1784810878406000000,1784810938407000000,907
workspaceModel.collect.changes.ms,1784810878406000000,1784810938407000000,0
workspaceModel.workspaceFileIndexData.updateDirtyEntities.ms,1784810878406000000,1784810938407000000,0
workspaceModel.updates.count,1784810878406000000,1784810938407000000,0
workspaceModel.pre.handlers.ms,1784810878406000000,1784810938407000000,0
workspaceModel.cachedValue.total.get.count,1784810878406000000,1784810938407000000,30
workspaceModel.workspaceFileIndexData.getFileInfo.ms,1784810878406000000,1784810938407000000,53
workspaceModel.initializing.ms,1784810878406000000,1784810938407000000,0
workspaceModel.workspaceFileIndexData.getPackageName.ms,1784810878406000000,1784810938407000000,2
workspaceModel.cachedValueWithParameters.from.cache.count,1784810878406000000,1784810938407000000,907
workspaceModel.workspaceFileIndexData.getDirectoriesByPackageName.ms,1784810878406000000,1784810938407000000,0
workspaceModel.to.snapshot.ms,1784810878406000000,1784810938407000000,0
workspaceModel.loading.from.cache.ms,1784810878406000000,1784810938407000000,0
VFS.contentStorage.recordsStoredSize,1784810878406000000,1784810938407000000,184811
VFS.cache.segments,1784810878406000000,1784810938407000000,335.0
VFS.cache.segmentsCreated,1784810878406000000,1784810938407000000,1
VFS.fileByIdCache.hits,1784810878406000000,1784810938407000000,0
FileNameCache.totalMisses,1784810878406000000,1784810938407000000,384
VFS.fileByIdCache.misses,1784810878406000000,1784810938407000000,1640
VFS.fileChildByName,1784810878406000000,1784810938407000000,31017
VFS.contentStorage.recordsReadDecompressed,1784810878406000000,1784810938407000000,6
VFS.contentStorage.recordsStored,1784810878406000000,1784810938407000000,17
VFS.cache.filesCreated,1784810878406000000,1784810938407000000,7333
VFS.contentStorage.recordsDecompressionTimeUs,1784810878406000000,1784810938407000000,118
VFS.contentStorage.recordsStoredCompressed,1784810878406000000,1784810938407000000,2
VFS.contentStorage.recordsReadSize,1784810878406000000,1784810938407000000,189346
FileNameCache.queries,1784810878406000000,1784810938407000000,191168
VFS.cache.directoriesCreated,1784810878406000000,1784810938407000000,71
VFS.invertedFileNameIndex.requests,1784810878406000000,1784810938407000000,7
VFS.folderCaseSensitivityReads,1784810878406000000,1784810938407000000,24
VFS.contentStorage.recordsRead,1784810878406000000,1784810938407000000,31
VFS.rootsCount,1784810878406000000,1784810938407000000,335.0
VFS.contentStorage.recordsDeduplicated,1784810878406000000,1784810938407000000,2
VFS.contentStorage.recordsUncompressedSize,1784810878406000000,1784810938407000000,417851
JVM.totalTimeAtSafepointsMs,1784810878406000000,1784810938407000000,311
MEM.ramPlusSwapMinusFileMappingsBytes,1784810878406000000,1784810938407000000,2232342648
JVM.totalDirectByteBuffersBytes,1784810878406000000,1784810938407000000,78745608
JVM.GC.collections,1784810878406000000,1784810938407000000,18
JVM.usedHeapBytes,1784810878406000000,1784810938407000000,704863584
JVM.maxThreadCount,1784810878406000000,1784810938407000000,153
JVM.totalBytesAllocated,1784810878406000000,1784810938407000000,1858826088
JVM.GC.collectionTimesMs,1784810878406000000,1784810938407000000,310
JVM.maxHeapBytes,1784810878406000000,1784810938407000000,2147483648
JVM.totalTimeToSafepointsMs,1784810878406000000,1784810938407000000,3
JVM.newThreadsCount,1784810878406000000,1784810938407000000,14
JVM.committedHeapBytes,1784810878406000000,1784810938407000000,747634688
MEM.fileMappingsRamBytes,1784810878406000000,1784810938407000000,291930112
JVM.threadCount,1784810878406000000,1784810938407000000,148
MEM.ramMinusFileMappingsBytes,1784810878406000000,1784810938407000000,936001536
MEM.ramBytes,1784810878406000000,1784810938407000000,1235402752
JVM.totalCpuTimeMs,1784810878406000000,1784810938407000000,34867
JVM.usedNativeBytes,1784810878406000000,1784810938407000000,576659096
JVM.totalSafepointCount,1784810878406000000,1784810938407000000,18
OS.loadAverage,1784810878406000000,1784810938407000000,7.48388671875
Indexes.stubs.lookupDurationMaxMs,1784810938407000000,1784810998409000000,184.0
Indexing.writesQueuedMin,1784810938407000000,1784810998409000000,0
Indexes.allKeys.lookupDurationMaxMs,1784810938407000000,1784810998409000000,0.0
Indexes.entries.lookupDurationMaxMs,1784810938407000000,1784810998409000000,9.0
Indexes.allKeys.lookupDuration90PMs,1784810938407000000,1784810998409000000,0.0
Indexes.allKeys.lookupDurationAvgMs,1784810938407000000,1784810998409000000,0.0
Indexing.writesQueuedMax,1784810938407000000,1784810998409000000,0
Indexing.cache.totalCacheMisses,1784810938407000000,1784810998409000000,9176
Indexing.writer_2.totalTimeSpentWritingMs,1784810938407000000,1784810998409000000,0
Indexing.totalTimeIndexersSleptMs,1784810938407000000,1784810998409000000,0
Indexing.writer_1.totalTimeSpentWritingMs,1784810938407000000,1784810998409000000,0
Indexing.writesQueuedAvg,1784810938407000000,1784810998409000000,0.0
Indexes.stubs.lookups,1784810938407000000,1784810998409000000,21969
Indexes.entries.lookups,1784810938407000000,1784810998409000000,851
Indexes.entries.lookupDuration90PMs,1784810938407000000,1784810998409000000,0.0
Indexing.cache.totalCacheEvicted,1784810938407000000,1784810998409000000,8298
Indexes.stubs.lookupDuration90PMs,1784810938407000000,1784810998409000000,0.0
Indexes.allKeys.lookups,1784810938407000000,1784810998409000000,2
Indexing.writer_3.totalTimeSpentWritingMs,1784810938407000000,1784810998409000000,0
Indexing.writer_0.totalTimeSpentWritingMs,1784810938407000000,1784810998409000000,0
Indexing.cache.totalCacheAccesses,1784810938407000000,1784810998409000000,56369
Indexes.stubs.lookupDurationAvgMs,1784810938407000000,1784810998409000000,0.07315189240765141
Indexes.entries.lookupDurationAvgMs,1784810938407000000,1784810998409000000,0.05275498241500586
lexer.Shell.Script.size.bytes,1784810938407000000,1784810998409000000,746
parser.Shell.Script.time.ns,1784810938407000000,1784810998409000000,6895541
writeAction.wait.ms,1784810938407000000,1784810998409000000,46
DiskQueryRelay.taskWaitingTotalTimeUs,1784810938407000000,1784810998409000000,231277
parser.JSON.time.ns,1784810938407000000,1784810998409000000,33
lexer.TypeScript.time.ns,1784810938407000000,1784810998409000000,35750790
parser.ECMAScript.6.time.ns,1784810938407000000,1784810998409000000,242063267
lexer.ECMAScript.6.time.ns,1784810938407000000,1784810998409000000,74230666
DiskQueryRelay.tasksRequested,1784810938407000000,1784810998409000000,1166
lexer.JAVA.size.bytes,1784810938407000000,1784810998409000000,477369
parser.JSON.size.bytes,1784810938407000000,1784810998409000000,460681
lexer.JAVA.time.ns,1784810938407000000,1784810998409000000,5673241
parser.Shell.Script.size.bytes,1784810938407000000,1784810998409000000,746
lexer.JSON.time.ns,1784810938407000000,1784810998409000000,30229375
parser.TypeScript.time.ns,1784810938407000000,1784810998409000000,225124000
parser.TypeScript.size.bytes,1784810938407000000,1784810998409000000,2750631
lexer.JSON.size.bytes,1784810938407000000,1784810998409000000,921362
DiskQueryRelay.tasksExecuted,1784810938407000000,1784810998409000000,1166
parser.JAVA.size.bytes,1784810938407000000,1784810998409000000,477369
writeAction.median.wait.ms,1784810938407000000,1784810998409000000,400
parser.ECMAScript.6.size.bytes,1784810938407000000,1784810998409000000,1235451
lexer.ECMAScript.6.size.bytes,1784810938407000000,1784810998409000000,311968
lexer.TypeScript.size.bytes,1784810938407000000,1784810998409000000,2750631
LowMemory.gcLoad,1784810938407000000,1784810998409000000,0.0036091438361781293
writeAction.count,1784810938407000000,1784810998409000000,10
writeAction.max.wait.ms,1784810938407000000,1784810998409000000,395
parser.JAVA.time.ns,1784810938407000000,1784810998409000000,61104413
lexer.Shell.Script.time.ns,1784810938407000000,1784810998409000000,212875
LowMemory.gcOverloaded,1784810938407000000,1784810998409000000,0
DiskQueryRelay.taskExecutionTotalTimeUs,1784810938407000000,1784810998409000000,207704
compiler.ArtifactManagerBridge.dropMappings.ms,1784810938407000000,1784810998409000000,0
compiler.ArtifactManagerBridge.addArtifact.ms,1784810938407000000,1784810998409000000,0
compiler.ArtifactManagerBridge.getArtifactsByType.ms,1784810938407000000,1784810998409000000,0
compiler.ArtifactVirtualFileListener.filePathChanged.ms,1784810938407000000,1784810998409000000,0
compiler.ArtifactManagerBridge.getArtifacts.ms,1784810938407000000,1784810998409000000,0
compiler.ArtifactManagerBridge.commit.ms,1784810938407000000,1784810998409000000,0
compiler.ArtifactManagerBridge.initBridges.ms,1784810938407000000,1784810998409000000,0
compiler.ArtifactVirtualFileListener.propertyChanged.ms,1784810938407000000,1784810998409000000,0
compiler.ArtifactManagerBridge.findArtifact.ms,1784810938407000000,1784810998409000000,0
cacheStateStorage.set.counter,1784810938407000000,1784810998409000000,0
cacheStateStorage.get.counter,1784810938407000000,1784810998409000000,24
cacheStateStorage.set.duration,1784810938407000000,1784810998409000000,0
cacheStateStorage.get.duration,1784810938407000000,1784810998409000000,34
workspaceModel.mutableEntityStorage.replace.by.source.ms,1784810938407000000,1784810998409000000,0
workspaceModel.save.cache.to.file.ms,1784810938407000000,1784810998409000000,0
jps.storage.jps.conf.reader.load.component.ms,1784810938407000000,1784810998409000000,0
workspaceModel.mutableEntityStorage.changeLog.addReplaceEventForNewChild.ms,1784810938407000000,1784810998409000000,0
workspaceModel.mutableEntityStorage.put.entity.ms,1784810938407000000,1784810998409000000,0
workspaceModel.mutableEntityStorage.mutable.vfurl.index.ms,1784810938407000000,1784810998409000000,0
workspaceModel.mutableEntityStorage.mutable.ext.mapping.ms,1784810938407000000,1784810998409000000,0
workspaceModel.mutableEntityStorage.apply.changes.from.ms,1784810938407000000,1784810998409000000,0
jps.library.entities.serializer.save.entities.ms,1784810938407000000,1784810998409000000,0
jps.apply.loaded.storage.ms,1784810938407000000,1784810998409000000,0
jps.global.get.libraries.ms,1784810938407000000,1784810998409000000,1
jps.app.storage.content.reader.load.component.ms,1784810938407000000,1784810998409000000,0
workspaceModel.moduleManagerBridge.load.module.ms,1784810938407000000,1784810998409000000,0
jps.global.get.library.ms,1784810938407000000,1784810998409000000,0
workspaceModel.moduleManagerBridge.set.unloadedModules.ms,1784810938407000000,1784810998409000000,0
workspaceModel.moduleManagerBridge.load.all.modules.ms,1784810938407000000,1784810998409000000,0
workspaceModel.global.updates.ms,1784810938407000000,1784810998409000000,0
workspaceModel.moduleManagerBridge.newModule.ms,1784810938407000000,1784810998409000000,0
workspaceModel.mutableEntityStorage.instances.count,1784810938407000000,1784810998409000000,0
jps.save.global.entities.ms,1784810938407000000,1784810998409000000,4
jps.global.get.library.by.name.ms,1784810938407000000,1784810998409000000,0
workspaceModel.global.apply.state.to.project.builder.ms,1784810938407000000,1784810998409000000,0
workspaceModel.mutableEntityStorage.hasReferrers.ms,1784810938407000000,1784810998409000000,0
jps.facet.change.listener.init.bridge.ms,1784810938407000000,1784810998409000000,0
workspaceModel.mutableEntityStorage.entities.by.source.ms,1784810938407000000,1784810998409000000,0
jps.module.dependency.index.workspace.model.listener.on.changed.ms,1784810938407000000,1784810998409000000,0
jps.save.changed.project.entities.ms,1784810938407000000,1784810998409000000,1
workspaceModel.mutableEntityStorage.has.same.entities.ms,1784810938407000000,1784810998409000000,0
workspaceModel.mutableEntityStorage.resolve.ms,1784810938407000000,1784810998409000000,0
jps.global.initialize.library.bridges.ms,1784810938407000000,1784810998409000000,0
workspaceModel.moduleBridge.facet.initialization.ms,1784810938407000000,1784810998409000000,0
workspaceModel.mutableEntityStorage.remove.entity.ms,1784810938407000000,1784810998409000000,0
workspaceModel.moduleManagerBridge.new.nonPersistent.module.ms,1784810938407000000,1784810998409000000,0
jps.module.iml.entities.serializer.save.entities.ms,1784810938407000000,1784810998409000000,0
workspaceModel.mutableEntityStorage.to.snapshot.ms,1784810938407000000,1784810998409000000,0
workspaceModel.mutableEntityStorage.entities.ms,1784810938407000000,1784810998409000000,0
workspaceModel.load.cache.metadata.from.file.ms,1784810938407000000,1784810998409000000,0
jps.project.serializers.load.ms,1784810938407000000,1784810998409000000,0
workspaceModel.mutableEntityStorage.collect.changes.ms,1784810938407000000,1784810998409000000,0
jps.facet.change.listener.before.change.events.ms,1784810938407000000,1784810998409000000,0
workspaceModel.mutableEntityStorage.changeLog.addReplaceEventForRemovedChild.ms,1784810938407000000,1784810998409000000,0
workspaceModel.mutableEntityStorage.add.entity.ms,1784810938407000000,1784810998409000000,0
workspaceModel.moduleBridgeLoader.loading.modules.ms,1784810938407000000,1784810998409000000,0
jps.module.iml.entities.serializer.load.entities.ms,1784810938407000000,1784810998409000000,0
workspaceModel.global.apply.state.to.project.ms,1784810938407000000,1784810998409000000,0
workspaceModel.mutableEntityStorage.referrers.ms,1784810938407000000,1784810998409000000,0
workspaceModel.delayed.project.synchronizer.sync.ms,1784810938407000000,1784810998409000000,0
jps.library.entities.serializer.load.entities.ms,1784810938407000000,1784810998409000000,0
jps.facet.change.listener.process.change.events.ms,1784810938407000000,1784810998409000000,0
workspaceModel.moduleManagerBridge.build.module.graph.ms,1784810938407000000,1784810998409000000,0
workspaceModel.moduleBridge.before.changed.ms,1784810938407000000,1784810998409000000,0
workspaceModel.moduleManagerBridge.get.modules.ms,1784810938407000000,1784810998409000000,0
jps.global.initialize.library.bridges.after.loading.ms,1784810938407000000,1784810998409000000,0
jps.global.handle.changed.events.ms,1784810938407000000,1784810998409000000,0
jps.artifact.entities.serializer.save.entities.ms,1784810938407000000,1784810998409000000,0
workspaceModel.mutableEntityStorage.changeLog.addReplaceEventForNewParent.ms,1784810938407000000,1784810998409000000,0
workspaceModel.orphan.listener.update.ms,1784810938407000000,1784810998409000000,0
workspaceModel.moduleManagerBridge.create.module.instance.ms,1784810938407000000,1784810998409000000,0
workspaceModel.mutableEntityStorage.modify.entity.ms,1784810938407000000,1784810998409000000,0
workspaceModel.moduleBridge.update.option.ms,1784810938407000000,1784810998409000000,0
jps.reload.project.entities.ms,1784810938407000000,1784810998409000000,0
workspaceModel.global.updates.count,1784810938407000000,1784810998409000000,0
workspaceModel.mutableEntityStorage.changeLog.addReplaceEventForRemovedParent.ms,1784810938407000000,1784810998409000000,0
workspaceModel.do.save.caches.ms,1784810938407000000,1784810998409000000,0
jps.project.serializers.save.ms,1784810938407000000,1784810998409000000,1
jps.artifact.entities.serializer.load.entities.ms,1784810938407000000,1784810998409000000,0
workspaceModel.load.cache.from.file.ms,1784810938407000000,1784810998409000000,0
jps.load.project.to.empty.storage.ms,1784810938407000000,1784810998409000000,0
jps.app.storage.content.writer.save.component.ms,1784810938407000000,1784810998409000000,0
workspaceModel.sync.entities.ms,1784810938407000000,1784810998409000000,0
jps.global.handle.before.change.events.ms,1784810938407000000,1784810998409000000,0
jps.load.initial.state.ms,1784810938407000000,1784810998409000000,0
FilePageCache.pageHits,1784810938407000000,1784810998409000000,212
FilePageCache.pageFastCacheHits,1784810938407000000,1784810998409000000,7461
StorageLockContext.competingThreads.max,1784810938407000000,1784810998409000000,0
DirectByteBufferAllocator.totalSizeOfBuffersAllocatedInBytes,1784810938407000000,1784810998409000000,174088192
DirectByteBufferAllocator.hits,1784810938407000000,1784810998409000000,2
MappedFileStorage.storages,1784810938407000000,1784810998409000000,17
FilePageCache.uncachedFileAccess,1784810938407000000,1784810998409000000,221
StorageLockContext.competingThreads.90P,1784810938407000000,1784810998409000000,0
DirectByteBufferAllocator.totalSizeOfBuffersCachedInBytes,1784810938407000000,1784810998409000000,81854464
StreamlinedBlobStorage.recordsRelocated,1784810938407000000,1784810998409000000,0
StreamlinedBlobStorage.totalLiveRecordsPayloadBytes,1784810938407000000,1784810998409000000,55758
DirectByteBufferAllocator.reclaimed,1784810938407000000,1784810998409000000,43
StreamlinedBlobStorage.recordsDeleted,1784810938407000000,1784810998409000000,7
FilePageCache.pageLoads,1784810938407000000,1784810998409000000,169
MappedFileStorage.totalBytesMapped,1784810938407000000,1784810998409000000,206831616
FilePageCache.maxCacheSizeInBytes,1784810938407000000,1784810998409000000,629153792
DirectByteBufferAllocator.misses,1784810938407000000,1784810998409000000,167
StorageLockContext.competingThreads.avg,1784810938407000000,1784810998409000000,0.0
DirectByteBufferAllocator.disposed,1784810938407000000,1784810998409000000,72
FilePageCache.totalPageDisposalsUs,1784810938407000000,1784810998409000000,45
FileChannelInterruptsRetryer.totalRetriedAttempts,1784810938407000000,1784810998409000000,0
MappedFileStorage.totalTimeSpentOnMappingUs,1784810938407000000,1784810998409000000,11081
FilePageCache.totalPageLoadsUs,1784810938407000000,1784810998409000000,79306
FilePageCache.pageLoadsAboveSizeThreshold,1784810938407000000,1784810998409000000,0
FilePageCache.capacityInBytes,1784810938407000000,1784810998409000000,629145600
FilePageCache.maxRegisteredFiles,1784810938407000000,1784810998409000000,1663
StreamlinedBlobStorage.recordsAllocated,1784810938407000000,1784810998409000000,17
StreamlinedBlobStorage.totalLiveRecordsCapacityBytes,1784810938407000000,1784810998409000000,72551
FilePageCache.disposedBuffers,1784810938407000000,1784810998409000000,74
MappedFileStorage.totalPagesMapped,1784810938407000000,1784810998409000000,17
AWTEventQueue.dispatchTimeTotalNS,1784810938407000000,1784810998409000000,7024156194
AWTEventQueue.eventsDispatched,1784810938407000000,1784810998409000000,14833
FlushQueue.waitingTimeAvgNs,1784810938407000000,1784810998409000000,1549817.1314717478
FlushQueue.executionTime90PNs,1784810938407000000,1784810998409000000,77311
FlushQueue.waitingTime90PNs,1784810938407000000,1784810998409000000,1867775
NonBlockingReadAction.failedExecutionTimeUs,1784810938407000000,1784810998409000000,35554
NonBlockingReadAction.finalizedExecutionTimeUs,1784810938407000000,1784810998409000000,692374
FlushQueue.queueSizeMax,1784810938407000000,1784810998409000000,67
NonBlockingReadAction.failedExecutionsCount,1784810938407000000,1784810998409000000,15
NonBlockingReadAction.finalizedExecutionsCount,1784810938407000000,1784810998409000000,357
AWTEventQueue.dispatchTimeMaxNs,1784810938407000000,1784810998409000000,503316479
WriteAction.executionsCount,1784810938407000000,1784810998409000000,10
FlushQueue.executionTimeMaxNs,1784810938407000000,1784810998409000000,1044381695
AWTEventQueue.dispatchTimeAvgNs,1784810938407000000,1784810998409000000,473644.42951527
FlushQueue.executionTimeAvgNs,1784810938407000000,1784810998409000000,246271.4535479632
FlushQueue.queueSizeAvg,1784810938407000000,1784810998409000000,13.312417871222076
FlushQueue.waitingTimeMaxNs,1784810938407000000,1784810998409000000,486539263
AWTEventQueue.dispatchTime90PNs,1784810938407000000,1784810998409000000,589823
ReadAction.executionsCount,1784810938407000000,1784810998409000000,45544
FlushQueue.queueSize90P,1784810938407000000,1784810998409000000,35
FlushQueue.tasksExecuted,1784810938407000000,1784810998409000000,15220
workspaceModel.cachedValueWithParameters.clear.count,1784810938407000000,1784810998409000000,0
workspaceModel.updates.ms,1784810938407000000,1784810998409000000,0
workspaceModel.workspaceFileIndexData.markDirty.ms,1784810938407000000,1784810998409000000,0
workspaceModel.check.recursive.update.ms,1784810938407000000,1784810998409000000,0
workspaceModel.cachedValueWithParameters.calculated.count,1784810938407000000,1784810998409000000,0
workspaceModel.entityStorageSnapshotImpl.instances.count,1784810938407000000,1784810998409000000,0
workspaceModel.cachedValue.clear.count,1784810938407000000,1784810998409000000,0
workspaceModel.workspaceFileIndexData.init.ms,1784810938407000000,1784810998409000000,0
workspaceModel.cachedValue.from.cache.count,1784810938407000000,1784810998409000000,1195
workspaceModel.full.replace.project.model.ms,1784810938407000000,1784810998409000000,0
workspaceModel.workspaceFileIndexData.processFileSets.ms,1784810938407000000,1784810998409000000,0
workspaceModel.replace.project.model.ms,1784810938407000000,1784810998409000000,0
workspaceModel.loading.total.ms,1784810938407000000,1784810998409000000,0
workspaceModel.on.before.changed.ms,1784810938407000000,1784810998409000000,0
workspaceModel.init.bridges.ms,1784810938407000000,1784810998409000000,0
workspaceModel.cachedValue.calculated.count,1784810938407000000,1784810998409000000,235
workspaceModel.workspaceFileIndexData.visitFileSets.ms,1784810938407000000,1784810998409000000,0
workspaceModel.workspaceFileIndexContributor.registerFileSets.ms,1784810938407000000,1784810998409000000,0
workspaceModel.workspaceFileIndexData.onEntitiesChanged.ms,1784810938407000000,1784810998409000000,0
workspaceModel.updates.precise.ms,1784810938407000000,1784810998409000000,0
workspaceModel.update.unloaded.entities.ms,1784810938407000000,1784810998409000000,0
workspaceModel.workspaceFileIndexData.instances.count,1784810938407000000,1784810998409000000,0
workspaceModel.on.changed.ms,1784810938407000000,1784810998409000000,0
workspaceModel.cachedValueWithParameters.total.get.count,1784810938407000000,1784810998409000000,3997
workspaceModel.collect.changes.ms,1784810938407000000,1784810998409000000,0
workspaceModel.workspaceFileIndexData.updateDirtyEntities.ms,1784810938407000000,1784810998409000000,0
workspaceModel.updates.count,1784810938407000000,1784810998409000000,0
workspaceModel.pre.handlers.ms,1784810938407000000,1784810998409000000,0
workspaceModel.cachedValue.total.get.count,1784810938407000000,1784810998409000000,1430
workspaceModel.workspaceFileIndexData.getFileInfo.ms,1784810938407000000,1784810998409000000,92
workspaceModel.initializing.ms,1784810938407000000,1784810998409000000,0
workspaceModel.workspaceFileIndexData.getPackageName.ms,1784810938407000000,1784810998409000000,5
workspaceModel.cachedValueWithParameters.from.cache.count,1784810938407000000,1784810998409000000,3997
workspaceModel.workspaceFileIndexData.getDirectoriesByPackageName.ms,1784810938407000000,1784810998409000000,11
workspaceModel.to.snapshot.ms,1784810938407000000,1784810998409000000,0
workspaceModel.loading.from.cache.ms,1784810938407000000,1784810998409000000,0
VFS.contentStorage.recordsStoredSize,1784810938407000000,1784810998409000000,324026
VFS.cache.segments,1784810938407000000,1784810998409000000,335.0
VFS.cache.segmentsCreated,1784810938407000000,1784810998409000000,0
VFS.fileByIdCache.hits,1784810938407000000,1784810998409000000,0
FileNameCache.totalMisses,1784810938407000000,1784810998409000000,704
VFS.fileByIdCache.misses,1784810938407000000,1784810998409000000,9974
VFS.fileChildByName,1784810938407000000,1784810998409000000,71501
VFS.contentStorage.recordsReadDecompressed,1784810938407000000,1784810998409000000,62
VFS.contentStorage.recordsStored,1784810938407000000,1784810998409000000,15
VFS.cache.filesCreated,1784810938407000000,1784810998409000000,31282
VFS.contentStorage.recordsDecompressionTimeUs,1784810938407000000,1784810998409000000,5118
VFS.contentStorage.recordsStoredCompressed,1784810938407000000,1784810998409000000,5
VFS.contentStorage.recordsReadSize,1784810938407000000,1784810998409000000,2388602
FileNameCache.queries,1784810938407000000,1784810998409000000,351168
VFS.cache.directoriesCreated,1784810938407000000,1784810998409000000,1
VFS.invertedFileNameIndex.requests,1784810938407000000,1784810998409000000,31
VFS.folderCaseSensitivityReads,1784810938407000000,1784810998409000000,1
VFS.contentStorage.recordsRead,1784810938407000000,1784810998409000000,169
VFS.rootsCount,1784810938407000000,1784810998409000000,335.0
VFS.contentStorage.recordsDeduplicated,1784810938407000000,1784810998409000000,4
VFS.contentStorage.recordsUncompressedSize,1784810938407000000,1784810998409000000,1337220
JVM.totalTimeAtSafepointsMs,1784810938407000000,1784810998409000000,686
MEM.ramPlusSwapMinusFileMappingsBytes,1784810938407000000,1784810998409000000,2553125128
JVM.totalDirectByteBuffersBytes,1784810938407000000,1784810998409000000,178360328
JVM.GC.collections,1784810938407000000,1784810998409000000,16
JVM.usedHeapBytes,1784810938407000000,1784810998409000000,815273280
JVM.maxThreadCount,1784810938407000000,1784810998409000000,153
JVM.totalBytesAllocated,1784810938407000000,1784810998409000000,1777609400
JVM.GC.collectionTimesMs,1784810938407000000,1784810998409000000,684
JVM.maxHeapBytes,1784810938407000000,1784810998409000000,2147483648
JVM.totalTimeToSafepointsMs,1784810938407000000,1784810998409000000,11
JVM.newThreadsCount,1784810938407000000,1784810998409000000,11
JVM.committedHeapBytes,1784810938407000000,1784810998409000000,917504000
MEM.fileMappingsRamBytes,1784810938407000000,1784810998409000000,337461248
JVM.threadCount,1784810938407000000,1784810998409000000,149
MEM.ramMinusFileMappingsBytes,1784810938407000000,1784810998409000000,1060831232
MEM.ramBytes,1784810938407000000,1784810998409000000,1402355712
JVM.totalCpuTimeMs,1784810938407000000,1784810998409000000,35379
JVM.usedNativeBytes,1784810938407000000,1784810998409000000,625156928
JVM.totalSafepointCount,1784810938407000000,1784810998409000000,16
OS.loadAverage,1784810938407000000,1784810998409000000,5.939453125
Indexes.stubs.lookupDurationMaxMs,1784810998409000000,1784811058409000000,7.0
Indexing.writesQueuedMin,1784810998409000000,1784811058409000000,0
Indexes.allKeys.lookupDurationMaxMs,1784810998409000000,1784811058409000000,2.0
Indexes.entries.lookupDurationMaxMs,1784810998409000000,1784811058409000000,2.0
Indexes.allKeys.lookupDuration90PMs,1784810998409000000,1784811058409000000,2.0
Indexes.allKeys.lookupDurationAvgMs,1784810998409000000,1784811058409000000,0.6666666666666666
Indexing.writesQueuedMax,1784810998409000000,1784811058409000000,0
Indexing.cache.totalCacheMisses,1784810998409000000,1784811058409000000,3468
Indexing.writer_2.totalTimeSpentWritingMs,1784810998409000000,1784811058409000000,0
Indexing.totalTimeIndexersSleptMs,1784810998409000000,1784811058409000000,0
Indexing.writer_1.totalTimeSpentWritingMs,1784810998409000000,1784811058409000000,0
Indexing.writesQueuedAvg,1784810998409000000,1784811058409000000,0.0
Indexes.stubs.lookups,1784810998409000000,1784811058409000000,10009
Indexes.entries.lookups,1784810998409000000,1784811058409000000,135
Indexes.entries.lookupDuration90PMs,1784810998409000000,1784811058409000000,0.0
Indexing.cache.totalCacheEvicted,1784810998409000000,1784811058409000000,3745
Indexes.stubs.lookupDuration90PMs,1784810998409000000,1784811058409000000,0.0
Indexes.allKeys.lookups,1784810998409000000,1784811058409000000,3
Indexing.writer_3.totalTimeSpentWritingMs,1784810998409000000,1784811058409000000,0
Indexing.writer_0.totalTimeSpentWritingMs,1784810998409000000,1784811058409000000,0
Indexing.cache.totalCacheAccesses,1784810998409000000,1784811058409000000,20823
Indexes.stubs.lookupDurationAvgMs,1784810998409000000,1784811058409000000,0.01605985037406484
Indexes.entries.lookupDurationAvgMs,1784810998409000000,1784811058409000000,0.037037037037037035
writeAction.wait.ms,1784810998409000000,1784811058409000000,0
lexer.HTTP.Request.time.ns,1784810998409000000,1784811058409000000,201542
DiskQueryRelay.taskWaitingTotalTimeUs,1784810998409000000,1784811058409000000,92856
parser.HTTP.Request.time.ns,1784810998409000000,1784811058409000000,772959
DiskQueryRelay.tasksRequested,1784810998409000000,1784811058409000000,518
lexer.JAVA.size.bytes,1784810998409000000,1784811058409000000,369191
parser.JSONPath.size.bytes,1784810998409000000,1784811058409000000,38
parser.HTTP.Request.size.bytes,1784810998409000000,1784811058409000000,1224
lexer.JAVA.time.ns,1784810998409000000,1784811058409000000,2646887
lexer.JSONPath.size.bytes,1784810998409000000,1784811058409000000,38
parser.JSONPath.time.ns,1784810998409000000,1784811058409000000,622959
lexer.JSONPath.time.ns,1784810998409000000,1784811058409000000,449249
lexer.HTTP.Request.size.bytes,1784810998409000000,1784811058409000000,1224
DiskQueryRelay.tasksExecuted,1784810998409000000,1784811058409000000,518
parser.JAVA.size.bytes,1784810998409000000,1784811058409000000,369191
writeAction.median.wait.ms,1784810998409000000,1784811058409000000,400
LowMemory.gcLoad,1784810998409000000,1784811058409000000,0.004959250523646216
writeAction.count,1784810998409000000,1784811058409000000,4
writeAction.max.wait.ms,1784810998409000000,1784811058409000000,395
parser.JAVA.time.ns,1784810998409000000,1784811058409000000,20883108
LowMemory.gcOverloaded,1784810998409000000,1784811058409000000,0
DiskQueryRelay.taskExecutionTotalTimeUs,1784810998409000000,1784811058409000000,89371
compiler.ArtifactManagerBridge.dropMappings.ms,1784810998409000000,1784811058409000000,0
compiler.ArtifactManagerBridge.addArtifact.ms,1784810998409000000,1784811058409000000,0
compiler.ArtifactManagerBridge.getArtifactsByType.ms,1784810998409000000,1784811058409000000,0
compiler.ArtifactVirtualFileListener.filePathChanged.ms,1784810998409000000,1784811058409000000,0
compiler.ArtifactManagerBridge.getArtifacts.ms,1784810998409000000,1784811058409000000,0
compiler.ArtifactManagerBridge.commit.ms,1784810998409000000,1784811058409000000,0
compiler.ArtifactManagerBridge.initBridges.ms,1784810998409000000,1784811058409000000,0
compiler.ArtifactVirtualFileListener.propertyChanged.ms,1784810998409000000,1784811058409000000,0
compiler.ArtifactManagerBridge.findArtifact.ms,1784810998409000000,1784811058409000000,0
cacheStateStorage.set.counter,1784810998409000000,1784811058409000000,0
cacheStateStorage.get.counter,1784810998409000000,1784811058409000000,17
cacheStateStorage.set.duration,1784810998409000000,1784811058409000000,0
cacheStateStorage.get.duration,1784810998409000000,1784811058409000000,21
workspaceModel.mutableEntityStorage.replace.by.source.ms,1784810998409000000,1784811058409000000,0
workspaceModel.save.cache.to.file.ms,1784810998409000000,1784811058409000000,0
jps.storage.jps.conf.reader.load.component.ms,1784810998409000000,1784811058409000000,0
workspaceModel.mutableEntityStorage.changeLog.addReplaceEventForNewChild.ms,1784810998409000000,1784811058409000000,0
workspaceModel.mutableEntityStorage.put.entity.ms,1784810998409000000,1784811058409000000,0
workspaceModel.mutableEntityStorage.mutable.vfurl.index.ms,1784810998409000000,1784811058409000000,0
workspaceModel.mutableEntityStorage.mutable.ext.mapping.ms,1784810998409000000,1784811058409000000,0
workspaceModel.mutableEntityStorage.apply.changes.from.ms,1784810998409000000,1784811058409000000,0
jps.library.entities.serializer.save.entities.ms,1784810998409000000,1784811058409000000,0
jps.apply.loaded.storage.ms,1784810998409000000,1784811058409000000,0
jps.global.get.libraries.ms,1784810998409000000,1784811058409000000,0
jps.app.storage.content.reader.load.component.ms,1784810998409000000,1784811058409000000,0
workspaceModel.moduleManagerBridge.load.module.ms,1784810998409000000,1784811058409000000,0
jps.global.get.library.ms,1784810998409000000,1784811058409000000,0
workspaceModel.moduleManagerBridge.set.unloadedModules.ms,1784810998409000000,1784811058409000000,0
workspaceModel.moduleManagerBridge.load.all.modules.ms,1784810998409000000,1784811058409000000,0
workspaceModel.global.updates.ms,1784810998409000000,1784811058409000000,0
workspaceModel.moduleManagerBridge.newModule.ms,1784810998409000000,1784811058409000000,0
workspaceModel.mutableEntityStorage.instances.count,1784810998409000000,1784811058409000000,0
jps.save.global.entities.ms,1784810998409000000,1784811058409000000,3
jps.global.get.library.by.name.ms,1784810998409000000,1784811058409000000,0
workspaceModel.global.apply.state.to.project.builder.ms,1784810998409000000,1784811058409000000,0
workspaceModel.mutableEntityStorage.hasReferrers.ms,1784810998409000000,1784811058409000000,0
jps.facet.change.listener.init.bridge.ms,1784810998409000000,1784811058409000000,0
workspaceModel.mutableEntityStorage.entities.by.source.ms,1784810998409000000,1784811058409000000,0
jps.module.dependency.index.workspace.model.listener.on.changed.ms,1784810998409000000,1784811058409000000,0
jps.save.changed.project.entities.ms,1784810998409000000,1784811058409000000,0
workspaceModel.mutableEntityStorage.has.same.entities.ms,1784810998409000000,1784811058409000000,0
workspaceModel.mutableEntityStorage.resolve.ms,1784810998409000000,1784811058409000000,0
jps.global.initialize.library.bridges.ms,1784810998409000000,1784811058409000000,0
workspaceModel.moduleBridge.facet.initialization.ms,1784810998409000000,1784811058409000000,0
workspaceModel.mutableEntityStorage.remove.entity.ms,1784810998409000000,1784811058409000000,0
workspaceModel.moduleManagerBridge.new.nonPersistent.module.ms,1784810998409000000,1784811058409000000,0
jps.module.iml.entities.serializer.save.entities.ms,1784810998409000000,1784811058409000000,0
workspaceModel.mutableEntityStorage.to.snapshot.ms,1784810998409000000,1784811058409000000,0
workspaceModel.mutableEntityStorage.entities.ms,1784810998409000000,1784811058409000000,0
workspaceModel.load.cache.metadata.from.file.ms,1784810998409000000,1784811058409000000,0
jps.project.serializers.load.ms,1784810998409000000,1784811058409000000,0
workspaceModel.mutableEntityStorage.collect.changes.ms,1784810998409000000,1784811058409000000,0
jps.facet.change.listener.before.change.events.ms,1784810998409000000,1784811058409000000,0
workspaceModel.mutableEntityStorage.changeLog.addReplaceEventForRemovedChild.ms,1784810998409000000,1784811058409000000,0
workspaceModel.mutableEntityStorage.add.entity.ms,1784810998409000000,1784811058409000000,0
workspaceModel.moduleBridgeLoader.loading.modules.ms,1784810998409000000,1784811058409000000,0
jps.module.iml.entities.serializer.load.entities.ms,1784810998409000000,1784811058409000000,0
workspaceModel.global.apply.state.to.project.ms,1784810998409000000,1784811058409000000,0
workspaceModel.mutableEntityStorage.referrers.ms,1784810998409000000,1784811058409000000,0
workspaceModel.delayed.project.synchronizer.sync.ms,1784810998409000000,1784811058409000000,0
jps.library.entities.serializer.load.entities.ms,1784810998409000000,1784811058409000000,0
jps.facet.change.listener.process.change.events.ms,1784810998409000000,1784811058409000000,0
workspaceModel.moduleManagerBridge.build.module.graph.ms,1784810998409000000,1784811058409000000,0
workspaceModel.moduleBridge.before.changed.ms,1784810998409000000,1784811058409000000,0
workspaceModel.moduleManagerBridge.get.modules.ms,1784810998409000000,1784811058409000000,0
jps.global.initialize.library.bridges.after.loading.ms,1784810998409000000,1784811058409000000,0
jps.global.handle.changed.events.ms,1784810998409000000,1784811058409000000,0
jps.artifact.entities.serializer.save.entities.ms,1784810998409000000,1784811058409000000,0
workspaceModel.mutableEntityStorage.changeLog.addReplaceEventForNewParent.ms,1784810998409000000,1784811058409000000,0
workspaceModel.orphan.listener.update.ms,1784810998409000000,1784811058409000000,0
workspaceModel.moduleManagerBridge.create.module.instance.ms,1784810998409000000,1784811058409000000,0
workspaceModel.mutableEntityStorage.modify.entity.ms,1784810998409000000,1784811058409000000,0
workspaceModel.moduleBridge.update.option.ms,1784810998409000000,1784811058409000000,0
jps.reload.project.entities.ms,1784810998409000000,1784811058409000000,0
workspaceModel.global.updates.count,1784810998409000000,1784811058409000000,0
workspaceModel.mutableEntityStorage.changeLog.addReplaceEventForRemovedParent.ms,1784810998409000000,1784811058409000000,0
workspaceModel.do.save.caches.ms,1784810998409000000,1784811058409000000,0
jps.project.serializers.save.ms,1784810998409000000,1784811058409000000,0
jps.artifact.entities.serializer.load.entities.ms,1784810998409000000,1784811058409000000,0
workspaceModel.load.cache.from.file.ms,1784810998409000000,1784811058409000000,0
jps.load.project.to.empty.storage.ms,1784810998409000000,1784811058409000000,0
jps.app.storage.content.writer.save.component.ms,1784810998409000000,1784811058409000000,1
workspaceModel.sync.entities.ms,1784810998409000000,1784811058409000000,0
jps.global.handle.before.change.events.ms,1784810998409000000,1784811058409000000,0
jps.load.initial.state.ms,1784810998409000000,1784811058409000000,0
FilePageCache.pageHits,1784810998409000000,1784811058409000000,93
FilePageCache.pageFastCacheHits,1784810998409000000,1784811058409000000,2612
StorageLockContext.competingThreads.max,1784810998409000000,1784811058409000000,0
DirectByteBufferAllocator.totalSizeOfBuffersAllocatedInBytes,1784810998409000000,1784811058409000000,4194304
DirectByteBufferAllocator.hits,1784810998409000000,1784811058409000000,1
MappedFileStorage.storages,1784810998409000000,1784811058409000000,17
FilePageCache.uncachedFileAccess,1784810998409000000,1784811058409000000,19
StorageLockContext.competingThreads.90P,1784810998409000000,1784811058409000000,0
DirectByteBufferAllocator.totalSizeOfBuffersCachedInBytes,1784810998409000000,1784811058409000000,103874560
StreamlinedBlobStorage.recordsRelocated,1784810998409000000,1784811058409000000,0
StreamlinedBlobStorage.totalLiveRecordsPayloadBytes,1784810998409000000,1784811058409000000,105
DirectByteBufferAllocator.reclaimed,1784810998409000000,1784811058409000000,22
StreamlinedBlobStorage.recordsDeleted,1784810998409000000,1784811058409000000,0
FilePageCache.pageLoads,1784810998409000000,1784811058409000000,24
MappedFileStorage.totalBytesMapped,1784810998409000000,1784811058409000000,206831616
FilePageCache.maxCacheSizeInBytes,1784810998409000000,1784811058409000000,629153792
DirectByteBufferAllocator.misses,1784810998409000000,1784811058409000000,23
StorageLockContext.competingThreads.avg,1784810998409000000,1784811058409000000,0.0
DirectByteBufferAllocator.disposed,1784810998409000000,1784811058409000000,188
FilePageCache.totalPageDisposalsUs,1784810998409000000,1784811058409000000,9
FileChannelInterruptsRetryer.totalRetriedAttempts,1784810998409000000,1784811058409000000,0
MappedFileStorage.totalTimeSpentOnMappingUs,1784810998409000000,1784811058409000000,11081
FilePageCache.totalPageLoadsUs,1784810998409000000,1784811058409000000,10267
FilePageCache.pageLoadsAboveSizeThreshold,1784810998409000000,1784811058409000000,0
FilePageCache.capacityInBytes,1784810998409000000,1784811058409000000,629145600
FilePageCache.maxRegisteredFiles,1784810998409000000,1784811058409000000,1663
StreamlinedBlobStorage.recordsAllocated,1784810998409000000,1784811058409000000,9
StreamlinedBlobStorage.totalLiveRecordsCapacityBytes,1784810998409000000,1784811058409000000,630
FilePageCache.disposedBuffers,1784810998409000000,1784811058409000000,189
MappedFileStorage.totalPagesMapped,1784810998409000000,1784811058409000000,17
AWTEventQueue.dispatchTimeTotalNS,1784810998409000000,1784811058409000000,2808038856
AWTEventQueue.eventsDispatched,1784810998409000000,1784811058409000000,6970
FlushQueue.waitingTimeAvgNs,1784810998409000000,1784811058409000000,1431024.3725187473
FlushQueue.executionTime90PNs,1784810998409000000,1784811058409000000,92159
FlushQueue.waitingTime90PNs,1784810998409000000,1784811058409000000,2260991
NonBlockingReadAction.failedExecutionTimeUs,1784810998409000000,1784811058409000000,1036
NonBlockingReadAction.finalizedExecutionTimeUs,1784810998409000000,1784811058409000000,88785
FlushQueue.queueSizeMax,1784810998409000000,1784811058409000000,56
NonBlockingReadAction.failedExecutionsCount,1784810998409000000,1784811058409000000,13
NonBlockingReadAction.finalizedExecutionsCount,1784810998409000000,1784811058409000000,255
AWTEventQueue.dispatchTimeMaxNs,1784810998409000000,1784811058409000000,392167423
WriteAction.executionsCount,1784810998409000000,1784811058409000000,4
FlushQueue.executionTimeMaxNs,1784810998409000000,1784811058409000000,1098907647
AWTEventQueue.dispatchTimeAvgNs,1784810998409000000,1784811058409000000,402822.587661406
FlushQueue.executionTimeAvgNs,1784810998409000000,1784811058409000000,719288.4205999118
FlushQueue.queueSizeAvg,1784810998409000000,1784811058409000000,3.985443317159241
FlushQueue.waitingTimeMaxNs,1784810998409000000,1784811058409000000,362807295
AWTEventQueue.dispatchTime90PNs,1784810998409000000,1784811058409000000,260095
ReadAction.executionsCount,1784810998409000000,1784811058409000000,19756
FlushQueue.queueSize90P,1784810998409000000,1784811058409000000,14
FlushQueue.tasksExecuted,1784810998409000000,1784811058409000000,4534
workspaceModel.cachedValueWithParameters.clear.count,1784810998409000000,1784811058409000000,0
workspaceModel.updates.ms,1784810998409000000,1784811058409000000,0
workspaceModel.workspaceFileIndexData.markDirty.ms,1784810998409000000,1784811058409000000,0
workspaceModel.check.recursive.update.ms,1784810998409000000,1784811058409000000,0
workspaceModel.cachedValueWithParameters.calculated.count,1784810998409000000,1784811058409000000,0
workspaceModel.entityStorageSnapshotImpl.instances.count,1784810998409000000,1784811058409000000,0
workspaceModel.cachedValue.clear.count,1784810998409000000,1784811058409000000,0
workspaceModel.workspaceFileIndexData.init.ms,1784810998409000000,1784811058409000000,0
workspaceModel.cachedValue.from.cache.count,1784810998409000000,1784811058409000000,230
workspaceModel.full.replace.project.model.ms,1784810998409000000,1784811058409000000,0
workspaceModel.workspaceFileIndexData.processFileSets.ms,1784810998409000000,1784811058409000000,0
workspaceModel.replace.project.model.ms,1784810998409000000,1784811058409000000,0
workspaceModel.loading.total.ms,1784810998409000000,1784811058409000000,0
workspaceModel.on.before.changed.ms,1784810998409000000,1784811058409000000,0
workspaceModel.init.bridges.ms,1784810998409000000,1784811058409000000,0
workspaceModel.cachedValue.calculated.count,1784810998409000000,1784811058409000000,1
workspaceModel.workspaceFileIndexData.visitFileSets.ms,1784810998409000000,1784811058409000000,0
workspaceModel.workspaceFileIndexContributor.registerFileSets.ms,1784810998409000000,1784811058409000000,0
workspaceModel.workspaceFileIndexData.onEntitiesChanged.ms,1784810998409000000,1784811058409000000,0
workspaceModel.updates.precise.ms,1784810998409000000,1784811058409000000,0
workspaceModel.update.unloaded.entities.ms,1784810998409000000,1784811058409000000,0
workspaceModel.workspaceFileIndexData.instances.count,1784810998409000000,1784811058409000000,0
workspaceModel.on.changed.ms,1784810998409000000,1784811058409000000,0
workspaceModel.cachedValueWithParameters.total.get.count,1784810998409000000,1784811058409000000,1776
workspaceModel.collect.changes.ms,1784810998409000000,1784811058409000000,0
workspaceModel.workspaceFileIndexData.updateDirtyEntities.ms,1784810998409000000,1784811058409000000,0
workspaceModel.updates.count,1784810998409000000,1784811058409000000,0
workspaceModel.pre.handlers.ms,1784810998409000000,1784811058409000000,0
workspaceModel.cachedValue.total.get.count,1784810998409000000,1784811058409000000,231
workspaceModel.workspaceFileIndexData.getFileInfo.ms,1784810998409000000,1784811058409000000,19
workspaceModel.initializing.ms,1784810998409000000,1784811058409000000,0
workspaceModel.workspaceFileIndexData.getPackageName.ms,1784810998409000000,1784811058409000000,1
workspaceModel.cachedValueWithParameters.from.cache.count,1784810998409000000,1784811058409000000,1776
workspaceModel.workspaceFileIndexData.getDirectoriesByPackageName.ms,1784810998409000000,1784811058409000000,1
workspaceModel.to.snapshot.ms,1784810998409000000,1784811058409000000,0
workspaceModel.loading.from.cache.ms,1784810998409000000,1784811058409000000,0
VFS.contentStorage.recordsStoredSize,1784810998409000000,1784811058409000000,729
VFS.cache.segments,1784810998409000000,1784811058409000000,335.0
VFS.cache.segmentsCreated,1784810998409000000,1784811058409000000,0
VFS.fileByIdCache.hits,1784810998409000000,1784811058409000000,0
FileNameCache.totalMisses,1784810998409000000,1784811058409000000,320
VFS.fileByIdCache.misses,1784810998409000000,1784811058409000000,3428
VFS.fileChildByName,1784810998409000000,1784811058409000000,25283
VFS.contentStorage.recordsReadDecompressed,1784810998409000000,1784811058409000000,35
VFS.contentStorage.recordsStored,1784810998409000000,1784811058409000000,2
VFS.cache.filesCreated,1784810998409000000,1784811058409000000,12642
VFS.contentStorage.recordsDecompressionTimeUs,1784810998409000000,1784811058409000000,539
VFS.contentStorage.recordsStoredCompressed,1784810998409000000,1784811058409000000,0
VFS.contentStorage.recordsReadSize,1784810998409000000,1784811058409000000,768811
FileNameCache.queries,1784810998409000000,1784811058409000000,145280
VFS.cache.directoriesCreated,1784810998409000000,1784811058409000000,7
VFS.invertedFileNameIndex.requests,1784810998409000000,1784811058409000000,12
VFS.folderCaseSensitivityReads,1784810998409000000,1784811058409000000,1
VFS.contentStorage.recordsRead,1784810998409000000,1784811058409000000,95
VFS.rootsCount,1784810998409000000,1784811058409000000,336.0
VFS.contentStorage.recordsDeduplicated,1784810998409000000,1784811058409000000,1
VFS.contentStorage.recordsUncompressedSize,1784810998409000000,1784811058409000000,729
JVM.totalTimeAtSafepointsMs,1784810998409000000,1784811058409000000,438
MEM.ramPlusSwapMinusFileMappingsBytes,1784810998409000000,1784811058409000000,2146605344
JVM.totalDirectByteBuffersBytes,1784810998409000000,1784811058409000000,8466440
JVM.GC.collections,1784810998409000000,1784811058409000000,6
JVM.usedHeapBytes,1784810998409000000,1784811058409000000,539715056
JVM.maxThreadCount,1784810998409000000,1784811058409000000,193
JVM.totalBytesAllocated,1784810998409000000,1784811058409000000,591631608
JVM.GC.collectionTimesMs,1784810998409000000,1784811058409000000,438
JVM.maxHeapBytes,1784810998409000000,1784811058409000000,2147483648
JVM.totalTimeToSafepointsMs,1784810998409000000,1784811058409000000,1
JVM.newThreadsCount,1784810998409000000,1784811058409000000,70
JVM.committedHeapBytes,1784810998409000000,1784811058409000000,877658112
MEM.fileMappingsRamBytes,1784810998409000000,1784811058409000000,343097344
JVM.threadCount,1784810998409000000,1784811058409000000,125
MEM.ramMinusFileMappingsBytes,1784810998409000000,1784811058409000000,248414208
MEM.ramBytes,1784810998409000000,1784811058409000000,591511552
JVM.totalCpuTimeMs,1784810998409000000,1784811058409000000,14010
JVM.usedNativeBytes,1784810998409000000,1784811058409000000,633867968
JVM.totalSafepointCount,1784810998409000000,1784811058409000000,6
OS.loadAverage,1784810998409000000,1784811058409000000,6.93408203125
Indexes.stubs.lookupDurationMaxMs,1784811058409000000,1784811118409000000,0.0
Indexing.writesQueuedMin,1784811058409000000,1784811118409000000,0
Indexes.allKeys.lookupDurationMaxMs,1784811058409000000,1784811118409000000,0.0
Indexes.entries.lookupDurationMaxMs,1784811058409000000,1784811118409000000,0.0
Indexes.allKeys.lookupDuration90PMs,1784811058409000000,1784811118409000000,0.0
Indexes.allKeys.lookupDurationAvgMs,1784811058409000000,1784811118409000000,0.0
Indexing.writesQueuedMax,1784811058409000000,1784811118409000000,0
Indexing.cache.totalCacheMisses,1784811058409000000,1784811118409000000,0
Indexing.writer_2.totalTimeSpentWritingMs,1784811058409000000,1784811118409000000,0
Indexing.totalTimeIndexersSleptMs,1784811058409000000,1784811118409000000,0
Indexing.writer_1.totalTimeSpentWritingMs,1784811058409000000,1784811118409000000,0
Indexing.writesQueuedAvg,1784811058409000000,1784811118409000000,0.0
Indexes.stubs.lookups,1784811058409000000,1784811118409000000,0
Indexes.entries.lookups,1784811058409000000,1784811118409000000,0
Indexes.entries.lookupDuration90PMs,1784811058409000000,1784811118409000000,0.0
Indexing.cache.totalCacheEvicted,1784811058409000000,1784811118409000000,0
Indexes.stubs.lookupDuration90PMs,1784811058409000000,1784811118409000000,0.0
Indexes.allKeys.lookups,1784811058409000000,1784811118409000000,0
Indexing.writer_3.totalTimeSpentWritingMs,1784811058409000000,1784811118409000000,0
Indexing.writer_0.totalTimeSpentWritingMs,1784811058409000000,1784811118409000000,0
Indexing.cache.totalCacheAccesses,1784811058409000000,1784811118409000000,0
Indexes.stubs.lookupDurationAvgMs,1784811058409000000,1784811118409000000,0.0
Indexes.entries.lookupDurationAvgMs,1784811058409000000,1784811118409000000,0.0
writeAction.wait.ms,1784811058409000000,1784811118409000000,0
DiskQueryRelay.taskWaitingTotalTimeUs,1784811058409000000,1784811118409000000,0
DiskQueryRelay.tasksRequested,1784811058409000000,1784811118409000000,0
DiskQueryRelay.tasksExecuted,1784811058409000000,1784811118409000000,0
writeAction.median.wait.ms,1784811058409000000,1784811118409000000,400
LowMemory.gcLoad,1784811058409000000,1784811118409000000,0.0025455417968027975
writeAction.count,1784811058409000000,1784811118409000000,0
writeAction.max.wait.ms,1784811058409000000,1784811118409000000,395
LowMemory.gcOverloaded,1784811058409000000,1784811118409000000,0
DiskQueryRelay.taskExecutionTotalTimeUs,1784811058409000000,1784811118409000000,0
compiler.ArtifactManagerBridge.dropMappings.ms,1784811058409000000,1784811118409000000,0
compiler.ArtifactManagerBridge.addArtifact.ms,1784811058409000000,1784811118409000000,0
compiler.ArtifactManagerBridge.getArtifactsByType.ms,1784811058409000000,1784811118409000000,0
compiler.ArtifactVirtualFileListener.filePathChanged.ms,1784811058409000000,1784811118409000000,0
compiler.ArtifactManagerBridge.getArtifacts.ms,1784811058409000000,1784811118409000000,0
compiler.ArtifactManagerBridge.commit.ms,1784811058409000000,1784811118409000000,0
compiler.ArtifactManagerBridge.initBridges.ms,1784811058409000000,1784811118409000000,0
compiler.ArtifactVirtualFileListener.propertyChanged.ms,1784811058409000000,1784811118409000000,0
compiler.ArtifactManagerBridge.findArtifact.ms,1784811058409000000,1784811118409000000,0
cacheStateStorage.set.counter,1784811058409000000,1784811118409000000,0
cacheStateStorage.get.counter,1784811058409000000,1784811118409000000,0
cacheStateStorage.set.duration,1784811058409000000,1784811118409000000,0
cacheStateStorage.get.duration,1784811058409000000,1784811118409000000,0
workspaceModel.mutableEntityStorage.replace.by.source.ms,1784811058409000000,1784811118409000000,0
workspaceModel.save.cache.to.file.ms,1784811058409000000,1784811118409000000,0
jps.storage.jps.conf.reader.load.component.ms,1784811058409000000,1784811118409000000,0
workspaceModel.mutableEntityStorage.changeLog.addReplaceEventForNewChild.ms,1784811058409000000,1784811118409000000,0
workspaceModel.mutableEntityStorage.put.entity.ms,1784811058409000000,1784811118409000000,0
workspaceModel.mutableEntityStorage.mutable.vfurl.index.ms,1784811058409000000,1784811118409000000,0
workspaceModel.mutableEntityStorage.mutable.ext.mapping.ms,1784811058409000000,1784811118409000000,0
workspaceModel.mutableEntityStorage.apply.changes.from.ms,1784811058409000000,1784811118409000000,0
jps.library.entities.serializer.save.entities.ms,1784811058409000000,1784811118409000000,0
jps.apply.loaded.storage.ms,1784811058409000000,1784811118409000000,0
jps.global.get.libraries.ms,1784811058409000000,1784811118409000000,0
jps.app.storage.content.reader.load.component.ms,1784811058409000000,1784811118409000000,0
workspaceModel.moduleManagerBridge.load.module.ms,1784811058409000000,1784811118409000000,0
jps.global.get.library.ms,1784811058409000000,1784811118409000000,0
workspaceModel.moduleManagerBridge.set.unloadedModules.ms,1784811058409000000,1784811118409000000,0
workspaceModel.moduleManagerBridge.load.all.modules.ms,1784811058409000000,1784811118409000000,0
workspaceModel.global.updates.ms,1784811058409000000,1784811118409000000,0
workspaceModel.moduleManagerBridge.newModule.ms,1784811058409000000,1784811118409000000,0
workspaceModel.mutableEntityStorage.instances.count,1784811058409000000,1784811118409000000,0
jps.save.global.entities.ms,1784811058409000000,1784811118409000000,0
jps.global.get.library.by.name.ms,1784811058409000000,1784811118409000000,0
workspaceModel.global.apply.state.to.project.builder.ms,1784811058409000000,1784811118409000000,0
workspaceModel.mutableEntityStorage.hasReferrers.ms,1784811058409000000,1784811118409000000,0
jps.facet.change.listener.init.bridge.ms,1784811058409000000,1784811118409000000,0
workspaceModel.mutableEntityStorage.entities.by.source.ms,1784811058409000000,1784811118409000000,0
jps.module.dependency.index.workspace.model.listener.on.changed.ms,1784811058409000000,1784811118409000000,0
jps.save.changed.project.entities.ms,1784811058409000000,1784811118409000000,0
workspaceModel.mutableEntityStorage.has.same.entities.ms,1784811058409000000,1784811118409000000,0
workspaceModel.mutableEntityStorage.resolve.ms,1784811058409000000,1784811118409000000,0
jps.global.initialize.library.bridges.ms,1784811058409000000,1784811118409000000,0
workspaceModel.moduleBridge.facet.initialization.ms,1784811058409000000,1784811118409000000,0
workspaceModel.mutableEntityStorage.remove.entity.ms,1784811058409000000,1784811118409000000,0
workspaceModel.moduleManagerBridge.new.nonPersistent.module.ms,1784811058409000000,1784811118409000000,0
jps.module.iml.entities.serializer.save.entities.ms,1784811058409000000,1784811118409000000,0
workspaceModel.mutableEntityStorage.to.snapshot.ms,1784811058409000000,1784811118409000000,0
workspaceModel.mutableEntityStorage.entities.ms,1784811058409000000,1784811118409000000,0
workspaceModel.load.cache.metadata.from.file.ms,1784811058409000000,1784811118409000000,0
jps.project.serializers.load.ms,1784811058409000000,1784811118409000000,0
workspaceModel.mutableEntityStorage.collect.changes.ms,1784811058409000000,1784811118409000000,0
jps.facet.change.listener.before.change.events.ms,1784811058409000000,1784811118409000000,0
workspaceModel.mutableEntityStorage.changeLog.addReplaceEventForRemovedChild.ms,1784811058409000000,1784811118409000000,0
workspaceModel.mutableEntityStorage.add.entity.ms,1784811058409000000,1784811118409000000,0
workspaceModel.moduleBridgeLoader.loading.modules.ms,1784811058409000000,1784811118409000000,0
jps.module.iml.entities.serializer.load.entities.ms,1784811058409000000,1784811118409000000,0
workspaceModel.global.apply.state.to.project.ms,1784811058409000000,1784811118409000000,0
workspaceModel.mutableEntityStorage.referrers.ms,1784811058409000000,1784811118409000000,0
workspaceModel.delayed.project.synchronizer.sync.ms,1784811058409000000,1784811118409000000,0
jps.library.entities.serializer.load.entities.ms,1784811058409000000,1784811118409000000,0
jps.facet.change.listener.process.change.events.ms,1784811058409000000,1784811118409000000,0
workspaceModel.moduleManagerBridge.build.module.graph.ms,1784811058409000000,1784811118409000000,0
workspaceModel.moduleBridge.before.changed.ms,1784811058409000000,1784811118409000000,0
workspaceModel.moduleManagerBridge.get.modules.ms,1784811058409000000,1784811118409000000,0
jps.global.initialize.library.bridges.after.loading.ms,1784811058409000000,1784811118409000000,0
jps.global.handle.changed.events.ms,1784811058409000000,1784811118409000000,0
jps.artifact.entities.serializer.save.entities.ms,1784811058409000000,1784811118409000000,0
workspaceModel.mutableEntityStorage.changeLog.addReplaceEventForNewParent.ms,1784811058409000000,1784811118409000000,0
workspaceModel.orphan.listener.update.ms,1784811058409000000,1784811118409000000,0
workspaceModel.moduleManagerBridge.create.module.instance.ms,1784811058409000000,1784811118409000000,0
workspaceModel.mutableEntityStorage.modify.entity.ms,1784811058409000000,1784811118409000000,0
workspaceModel.moduleBridge.update.option.ms,1784811058409000000,1784811118409000000,0
jps.reload.project.entities.ms,1784811058409000000,1784811118409000000,0
workspaceModel.global.updates.count,1784811058409000000,1784811118409000000,0
workspaceModel.mutableEntityStorage.changeLog.addReplaceEventForRemovedParent.ms,1784811058409000000,1784811118409000000,0
workspaceModel.do.save.caches.ms,1784811058409000000,1784811118409000000,0
jps.project.serializers.save.ms,1784811058409000000,1784811118409000000,0
jps.artifact.entities.serializer.load.entities.ms,1784811058409000000,1784811118409000000,0
workspaceModel.load.cache.from.file.ms,1784811058409000000,1784811118409000000,0
jps.load.project.to.empty.storage.ms,1784811058409000000,1784811118409000000,0
jps.app.storage.content.writer.save.component.ms,1784811058409000000,1784811118409000000,0
workspaceModel.sync.entities.ms,1784811058409000000,1784811118409000000,0
jps.global.handle.before.change.events.ms,1784811058409000000,1784811118409000000,0
jps.load.initial.state.ms,1784811058409000000,1784811118409000000,0
FilePageCache.pageHits,1784811058409000000,1784811118409000000,0
FilePageCache.pageFastCacheHits,1784811058409000000,1784811118409000000,0
StorageLockContext.competingThreads.max,1784811058409000000,1784811118409000000,0
DirectByteBufferAllocator.totalSizeOfBuffersAllocatedInBytes,1784811058409000000,1784811118409000000,4194304
DirectByteBufferAllocator.hits,1784811058409000000,1784811118409000000,0
MappedFileStorage.storages,1784811058409000000,1784811118409000000,17
FilePageCache.uncachedFileAccess,1784811058409000000,1784811118409000000,0
StorageLockContext.competingThreads.90P,1784811058409000000,1784811118409000000,0
DirectByteBufferAllocator.totalSizeOfBuffersCachedInBytes,1784811058409000000,1784811118409000000,103874560
StreamlinedBlobStorage.recordsRelocated,1784811058409000000,1784811118409000000,0
StreamlinedBlobStorage.totalLiveRecordsPayloadBytes,1784811058409000000,1784811118409000000,0
DirectByteBufferAllocator.reclaimed,1784811058409000000,1784811118409000000,0
StreamlinedBlobStorage.recordsDeleted,1784811058409000000,1784811118409000000,0
FilePageCache.pageLoads,1784811058409000000,1784811118409000000,0
MappedFileStorage.totalBytesMapped,1784811058409000000,1784811118409000000,206831616
FilePageCache.maxCacheSizeInBytes,1784811058409000000,1784811118409000000,629153792
DirectByteBufferAllocator.misses,1784811058409000000,1784811118409000000,0
StorageLockContext.competingThreads.avg,1784811058409000000,1784811118409000000,0.0
DirectByteBufferAllocator.disposed,1784811058409000000,1784811118409000000,0
FilePageCache.totalPageDisposalsUs,1784811058409000000,1784811118409000000,0
FileChannelInterruptsRetryer.totalRetriedAttempts,1784811058409000000,1784811118409000000,0
MappedFileStorage.totalTimeSpentOnMappingUs,1784811058409000000,1784811118409000000,11081
FilePageCache.totalPageLoadsUs,1784811058409000000,1784811118409000000,0
FilePageCache.pageLoadsAboveSizeThreshold,1784811058409000000,1784811118409000000,0
FilePageCache.capacityInBytes,1784811058409000000,1784811118409000000,629145600
FilePageCache.maxRegisteredFiles,1784811058409000000,1784811118409000000,1663
StreamlinedBlobStorage.recordsAllocated,1784811058409000000,1784811118409000000,0
StreamlinedBlobStorage.totalLiveRecordsCapacityBytes,1784811058409000000,1784811118409000000,0
FilePageCache.disposedBuffers,1784811058409000000,1784811118409000000,0
MappedFileStorage.totalPagesMapped,1784811058409000000,1784811118409000000,17
AWTEventQueue.dispatchTimeTotalNS,1784811058409000000,1784811118409000000,13181041
AWTEventQueue.eventsDispatched,1784811058409000000,1784811118409000000,91
FlushQueue.waitingTimeAvgNs,1784811058409000000,1784811118409000000,118960.0
FlushQueue.executionTime90PNs,1784811058409000000,1784811118409000000,741375
FlushQueue.waitingTime90PNs,1784811058409000000,1784811118409000000,301055
NonBlockingReadAction.failedExecutionTimeUs,1784811058409000000,1784811118409000000,0
NonBlockingReadAction.finalizedExecutionTimeUs,1784811058409000000,1784811118409000000,0
FlushQueue.queueSizeMax,1784811058409000000,1784811118409000000,0
NonBlockingReadAction.failedExecutionsCount,1784811058409000000,1784811118409000000,0
NonBlockingReadAction.finalizedExecutionsCount,1784811058409000000,1784811118409000000,0
AWTEventQueue.dispatchTimeMaxNs,1784811058409000000,1784811118409000000,1417215
WriteAction.executionsCount,1784811058409000000,1784811118409000000,0
FlushQueue.executionTimeMaxNs,1784811058409000000,1784811118409000000,1044479
AWTEventQueue.dispatchTimeAvgNs,1784811058409000000,1784811118409000000,144871.27472527474
FlushQueue.executionTimeAvgNs,1784811058409000000,1784811118409000000,324650.6666666667
FlushQueue.queueSizeAvg,1784811058409000000,1784811118409000000,0.0
FlushQueue.waitingTimeMaxNs,1784811058409000000,1784811118409000000,366591
AWTEventQueue.dispatchTime90PNs,1784811058409000000,1784811118409000000,244735
ReadAction.executionsCount,1784811058409000000,1784811118409000000,7
FlushQueue.queueSize90P,1784811058409000000,1784811118409000000,0
FlushQueue.tasksExecuted,1784811058409000000,1784811118409000000,12
workspaceModel.cachedValueWithParameters.clear.count,1784811058409000000,1784811118409000000,0
workspaceModel.updates.ms,1784811058409000000,1784811118409000000,0
workspaceModel.workspaceFileIndexData.markDirty.ms,1784811058409000000,1784811118409000000,0
workspaceModel.check.recursive.update.ms,1784811058409000000,1784811118409000000,0
workspaceModel.cachedValueWithParameters.calculated.count,1784811058409000000,1784811118409000000,0
workspaceModel.entityStorageSnapshotImpl.instances.count,1784811058409000000,1784811118409000000,0
workspaceModel.cachedValue.clear.count,1784811058409000000,1784811118409000000,0
workspaceModel.workspaceFileIndexData.init.ms,1784811058409000000,1784811118409000000,0
workspaceModel.cachedValue.from.cache.count,1784811058409000000,1784811118409000000,0
workspaceModel.full.replace.project.model.ms,1784811058409000000,1784811118409000000,0
workspaceModel.workspaceFileIndexData.processFileSets.ms,1784811058409000000,1784811118409000000,0
workspaceModel.replace.project.model.ms,1784811058409000000,1784811118409000000,0
workspaceModel.loading.total.ms,1784811058409000000,1784811118409000000,0
workspaceModel.on.before.changed.ms,1784811058409000000,1784811118409000000,0
workspaceModel.init.bridges.ms,1784811058409000000,1784811118409000000,0
workspaceModel.cachedValue.calculated.count,1784811058409000000,1784811118409000000,0
workspaceModel.workspaceFileIndexData.visitFileSets.ms,1784811058409000000,1784811118409000000,0
workspaceModel.workspaceFileIndexContributor.registerFileSets.ms,1784811058409000000,1784811118409000000,0
workspaceModel.workspaceFileIndexData.onEntitiesChanged.ms,1784811058409000000,1784811118409000000,0
workspaceModel.updates.precise.ms,1784811058409000000,1784811118409000000,0
workspaceModel.update.unloaded.entities.ms,1784811058409000000,1784811118409000000,0
workspaceModel.workspaceFileIndexData.instances.count,1784811058409000000,1784811118409000000,0
workspaceModel.on.changed.ms,1784811058409000000,1784811118409000000,0
workspaceModel.cachedValueWithParameters.total.get.count,1784811058409000000,1784811118409000000,0
workspaceModel.collect.changes.ms,1784811058409000000,1784811118409000000,0
workspaceModel.workspaceFileIndexData.updateDirtyEntities.ms,1784811058409000000,1784811118409000000,0
workspaceModel.updates.count,1784811058409000000,1784811118409000000,0
workspaceModel.pre.handlers.ms,1784811058409000000,1784811118409000000,0
workspaceModel.cachedValue.total.get.count,1784811058409000000,1784811118409000000,0
workspaceModel.workspaceFileIndexData.getFileInfo.ms,1784811058409000000,1784811118409000000,0
workspaceModel.initializing.ms,1784811058409000000,1784811118409000000,0
workspaceModel.workspaceFileIndexData.getPackageName.ms,1784811058409000000,1784811118409000000,0
workspaceModel.cachedValueWithParameters.from.cache.count,1784811058409000000,1784811118409000000,0
workspaceModel.workspaceFileIndexData.getDirectoriesByPackageName.ms,1784811058409000000,1784811118409000000,0
workspaceModel.to.snapshot.ms,1784811058409000000,1784811118409000000,0
workspaceModel.loading.from.cache.ms,1784811058409000000,1784811118409000000,0
VFS.contentStorage.recordsStoredSize,1784811058409000000,1784811118409000000,0
VFS.cache.segments,1784811058409000000,1784811118409000000,335.0
VFS.cache.segmentsCreated,1784811058409000000,1784811118409000000,0
VFS.fileByIdCache.hits,1784811058409000000,1784811118409000000,0
FileNameCache.totalMisses,1784811058409000000,1784811118409000000,0
VFS.fileByIdCache.misses,1784811058409000000,1784811118409000000,0
VFS.fileChildByName,1784811058409000000,1784811118409000000,0
VFS.contentStorage.recordsReadDecompressed,1784811058409000000,1784811118409000000,0
VFS.contentStorage.recordsStored,1784811058409000000,1784811118409000000,0
VFS.cache.filesCreated,1784811058409000000,1784811118409000000,0
VFS.contentStorage.recordsDecompressionTimeUs,1784811058409000000,1784811118409000000,0
VFS.contentStorage.recordsStoredCompressed,1784811058409000000,1784811118409000000,0
VFS.contentStorage.recordsReadSize,1784811058409000000,1784811118409000000,0
FileNameCache.queries,1784811058409000000,1784811118409000000,0
VFS.cache.directoriesCreated,1784811058409000000,1784811118409000000,0
VFS.invertedFileNameIndex.requests,1784811058409000000,1784811118409000000,0
VFS.folderCaseSensitivityReads,1784811058409000000,1784811118409000000,0
VFS.contentStorage.recordsRead,1784811058409000000,1784811118409000000,0
VFS.rootsCount,1784811058409000000,1784811118409000000,336.0
VFS.contentStorage.recordsDeduplicated,1784811058409000000,1784811118409000000,0
VFS.contentStorage.recordsUncompressedSize,1784811058409000000,1784811118409000000,0
JVM.totalTimeAtSafepointsMs,1784811058409000000,1784811118409000000,0
MEM.ramPlusSwapMinusFileMappingsBytes,1784811058409000000,1784811118409000000,2118916336
JVM.totalDirectByteBuffersBytes,1784811058409000000,1784811118409000000,8466440
JVM.GC.collections,1784811058409000000,1784811118409000000,0
JVM.usedHeapBytes,1784811058409000000,1784811118409000000,563832304
JVM.maxThreadCount,1784811058409000000,1784811118409000000,193
JVM.totalBytesAllocated,1784811058409000000,1784811118409000000,19617568
JVM.GC.collectionTimesMs,1784811058409000000,1784811118409000000,0
JVM.maxHeapBytes,1784811058409000000,1784811118409000000,2147483648
JVM.totalTimeToSafepointsMs,1784811058409000000,1784811118409000000,0
JVM.newThreadsCount,1784811058409000000,1784811118409000000,0
JVM.committedHeapBytes,1784811058409000000,1784811118409000000,877658112
MEM.fileMappingsRamBytes,1784811058409000000,1784811118409000000,301056000
JVM.threadCount,1784811058409000000,1784811118409000000,63
MEM.ramMinusFileMappingsBytes,1784811058409000000,1784811118409000000,252887040
MEM.ramBytes,1784811058409000000,1784811118409000000,558317568
JVM.totalCpuTimeMs,1784811058409000000,1784811118409000000,1684
JVM.usedNativeBytes,1784811058409000000,1784811118409000000,634800672
JVM.totalSafepointCount,1784811058409000000,1784811118409000000,0
OS.loadAverage,1784811058409000000,1784811118409000000,7.21923828125
Indexes.stubs.lookupDurationMaxMs,1784811118409000000,1784811178409000000,36.0
Indexing.writesQueuedMin,1784811118409000000,1784811178409000000,0
Indexes.allKeys.lookupDurationMaxMs,1784811118409000000,1784811178409000000,0.0
Indexes.entries.lookupDurationMaxMs,1784811118409000000,1784811178409000000,3.0
Indexes.allKeys.lookupDuration90PMs,1784811118409000000,1784811178409000000,0.0
Indexes.allKeys.lookupDurationAvgMs,1784811118409000000,1784811178409000000,0.0
Indexing.writesQueuedMax,1784811118409000000,1784811178409000000,0
Indexing.cache.totalCacheMisses,1784811118409000000,1784811178409000000,3630
Indexing.writer_2.totalTimeSpentWritingMs,1784811118409000000,1784811178409000000,0
Indexing.totalTimeIndexersSleptMs,1784811118409000000,1784811178409000000,0
Indexing.writer_1.totalTimeSpentWritingMs,1784811118409000000,1784811178409000000,0
Indexing.writesQueuedAvg,1784811118409000000,1784811178409000000,0.0
Indexes.stubs.lookups,1784811118409000000,1784811178409000000,2865
Indexes.entries.lookups,1784811118409000000,1784811178409000000,2
Indexes.entries.lookupDuration90PMs,1784811118409000000,1784811178409000000,3.0
Indexing.cache.totalCacheEvicted,1784811118409000000,1784811178409000000,2291
Indexes.stubs.lookupDuration90PMs,1784811118409000000,1784811178409000000,0.0
Indexes.allKeys.lookups,1784811118409000000,1784811178409000000,1
Indexing.writer_3.totalTimeSpentWritingMs,1784811118409000000,1784811178409000000,0
Indexing.writer_0.totalTimeSpentWritingMs,1784811118409000000,1784811178409000000,0
Indexing.cache.totalCacheAccesses,1784811118409000000,1784811178409000000,5799
Indexes.stubs.lookupDurationAvgMs,1784811118409000000,1784811178409000000,0.030715532286212915
Indexes.entries.lookupDurationAvgMs,1784811118409000000,1784811178409000000,1.5
writeAction.wait.ms,1784811118409000000,1784811178409000000,0
lexer.HTTP.Request.time.ns,1784811118409000000,1784811178409000000,764166
DiskQueryRelay.taskWaitingTotalTimeUs,1784811118409000000,1784811178409000000,5346
parser.HTTP.Request.time.ns,1784811118409000000,1784811178409000000,5594250
DiskQueryRelay.tasksRequested,1784811118409000000,1784811178409000000,6
parser.HTTP.Request.size.bytes,1784811118409000000,1784811178409000000,4288
lexer.HTTP.Request.size.bytes,1784811118409000000,1784811178409000000,4288
DiskQueryRelay.tasksExecuted,1784811118409000000,1784811178409000000,6
writeAction.median.wait.ms,1784811118409000000,1784811178409000000,400
LowMemory.gcLoad,1784811118409000000,1784811178409000000,0.0013065617514595475
writeAction.count,1784811118409000000,1784811178409000000,0
writeAction.max.wait.ms,1784811118409000000,1784811178409000000,395
LowMemory.gcOverloaded,1784811118409000000,1784811178409000000,0
DiskQueryRelay.taskExecutionTotalTimeUs,1784811118409000000,1784811178409000000,4324
compiler.ArtifactManagerBridge.dropMappings.ms,1784811118409000000,1784811178409000000,0
compiler.ArtifactManagerBridge.addArtifact.ms,1784811118409000000,1784811178409000000,0
compiler.ArtifactManagerBridge.getArtifactsByType.ms,1784811118409000000,1784811178409000000,0
compiler.ArtifactVirtualFileListener.filePathChanged.ms,1784811118409000000,1784811178409000000,0
compiler.ArtifactManagerBridge.getArtifacts.ms,1784811118409000000,1784811178409000000,0
compiler.ArtifactManagerBridge.commit.ms,1784811118409000000,1784811178409000000,0
compiler.ArtifactManagerBridge.initBridges.ms,1784811118409000000,1784811178409000000,0
compiler.ArtifactVirtualFileListener.propertyChanged.ms,1784811118409000000,1784811178409000000,0
compiler.ArtifactManagerBridge.findArtifact.ms,1784811118409000000,1784811178409000000,0
cacheStateStorage.set.counter,1784811118409000000,1784811178409000000,0
cacheStateStorage.get.counter,1784811118409000000,1784811178409000000,0
cacheStateStorage.set.duration,1784811118409000000,1784811178409000000,0
cacheStateStorage.get.duration,1784811118409000000,1784811178409000000,0
workspaceModel.mutableEntityStorage.replace.by.source.ms,1784811118409000000,1784811178409000000,0
workspaceModel.save.cache.to.file.ms,1784811118409000000,1784811178409000000,0
jps.storage.jps.conf.reader.load.component.ms,1784811118409000000,1784811178409000000,0
workspaceModel.mutableEntityStorage.changeLog.addReplaceEventForNewChild.ms,1784811118409000000,1784811178409000000,0
workspaceModel.mutableEntityStorage.put.entity.ms,1784811118409000000,1784811178409000000,0
workspaceModel.mutableEntityStorage.mutable.vfurl.index.ms,1784811118409000000,1784811178409000000,0
workspaceModel.mutableEntityStorage.mutable.ext.mapping.ms,1784811118409000000,1784811178409000000,0
workspaceModel.mutableEntityStorage.apply.changes.from.ms,1784811118409000000,1784811178409000000,0
jps.library.entities.serializer.save.entities.ms,1784811118409000000,1784811178409000000,0
jps.apply.loaded.storage.ms,1784811118409000000,1784811178409000000,0
jps.global.get.libraries.ms,1784811118409000000,1784811178409000000,0
jps.app.storage.content.reader.load.component.ms,1784811118409000000,1784811178409000000,0
workspaceModel.moduleManagerBridge.load.module.ms,1784811118409000000,1784811178409000000,0
jps.global.get.library.ms,1784811118409000000,1784811178409000000,0
workspaceModel.moduleManagerBridge.set.unloadedModules.ms,1784811118409000000,1784811178409000000,0
workspaceModel.moduleManagerBridge.load.all.modules.ms,1784811118409000000,1784811178409000000,0
workspaceModel.global.updates.ms,1784811118409000000,1784811178409000000,0
workspaceModel.moduleManagerBridge.newModule.ms,1784811118409000000,1784811178409000000,0
workspaceModel.mutableEntityStorage.instances.count,1784811118409000000,1784811178409000000,0
jps.save.global.entities.ms,1784811118409000000,1784811178409000000,0
jps.global.get.library.by.name.ms,1784811118409000000,1784811178409000000,0
workspaceModel.global.apply.state.to.project.builder.ms,1784811118409000000,1784811178409000000,0
workspaceModel.mutableEntityStorage.hasReferrers.ms,1784811118409000000,1784811178409000000,0
jps.facet.change.listener.init.bridge.ms,1784811118409000000,1784811178409000000,0
workspaceModel.mutableEntityStorage.entities.by.source.ms,1784811118409000000,1784811178409000000,0
jps.module.dependency.index.workspace.model.listener.on.changed.ms,1784811118409000000,1784811178409000000,0
jps.save.changed.project.entities.ms,1784811118409000000,1784811178409000000,0
workspaceModel.mutableEntityStorage.has.same.entities.ms,1784811118409000000,1784811178409000000,0
workspaceModel.mutableEntityStorage.resolve.ms,1784811118409000000,1784811178409000000,0
jps.global.initialize.library.bridges.ms,1784811118409000000,1784811178409000000,0
workspaceModel.moduleBridge.facet.initialization.ms,1784811118409000000,1784811178409000000,0
workspaceModel.mutableEntityStorage.remove.entity.ms,1784811118409000000,1784811178409000000,0
workspaceModel.moduleManagerBridge.new.nonPersistent.module.ms,1784811118409000000,1784811178409000000,0
jps.module.iml.entities.serializer.save.entities.ms,1784811118409000000,1784811178409000000,0
workspaceModel.mutableEntityStorage.to.snapshot.ms,1784811118409000000,1784811178409000000,0
workspaceModel.mutableEntityStorage.entities.ms,1784811118409000000,1784811178409000000,0
workspaceModel.load.cache.metadata.from.file.ms,1784811118409000000,1784811178409000000,0
jps.project.serializers.load.ms,1784811118409000000,1784811178409000000,0
workspaceModel.mutableEntityStorage.collect.changes.ms,1784811118409000000,1784811178409000000,0
jps.facet.change.listener.before.change.events.ms,1784811118409000000,1784811178409000000,0
workspaceModel.mutableEntityStorage.changeLog.addReplaceEventForRemovedChild.ms,1784811118409000000,1784811178409000000,0
workspaceModel.mutableEntityStorage.add.entity.ms,1784811118409000000,1784811178409000000,0
workspaceModel.moduleBridgeLoader.loading.modules.ms,1784811118409000000,1784811178409000000,0
jps.module.iml.entities.serializer.load.entities.ms,1784811118409000000,1784811178409000000,0
workspaceModel.global.apply.state.to.project.ms,1784811118409000000,1784811178409000000,0
workspaceModel.mutableEntityStorage.referrers.ms,1784811118409000000,1784811178409000000,0
workspaceModel.delayed.project.synchronizer.sync.ms,1784811118409000000,1784811178409000000,0
jps.library.entities.serializer.load.entities.ms,1784811118409000000,1784811178409000000,0
jps.facet.change.listener.process.change.events.ms,1784811118409000000,1784811178409000000,0
workspaceModel.moduleManagerBridge.build.module.graph.ms,1784811118409000000,1784811178409000000,0
workspaceModel.moduleBridge.before.changed.ms,1784811118409000000,1784811178409000000,0
workspaceModel.moduleManagerBridge.get.modules.ms,1784811118409000000,1784811178409000000,0
jps.global.initialize.library.bridges.after.loading.ms,1784811118409000000,1784811178409000000,0
jps.global.handle.changed.events.ms,1784811118409000000,1784811178409000000,0
jps.artifact.entities.serializer.save.entities.ms,1784811118409000000,1784811178409000000,0
workspaceModel.mutableEntityStorage.changeLog.addReplaceEventForNewParent.ms,1784811118409000000,1784811178409000000,0
workspaceModel.orphan.listener.update.ms,1784811118409000000,1784811178409000000,0
workspaceModel.moduleManagerBridge.create.module.instance.ms,1784811118409000000,1784811178409000000,0
workspaceModel.mutableEntityStorage.modify.entity.ms,1784811118409000000,1784811178409000000,0
workspaceModel.moduleBridge.update.option.ms,1784811118409000000,1784811178409000000,0
jps.reload.project.entities.ms,1784811118409000000,1784811178409000000,0
workspaceModel.global.updates.count,1784811118409000000,1784811178409000000,0
workspaceModel.mutableEntityStorage.changeLog.addReplaceEventForRemovedParent.ms,1784811118409000000,1784811178409000000,0
workspaceModel.do.save.caches.ms,1784811118409000000,1784811178409000000,0
jps.project.serializers.save.ms,1784811118409000000,1784811178409000000,0
jps.artifact.entities.serializer.load.entities.ms,1784811118409000000,1784811178409000000,0
workspaceModel.load.cache.from.file.ms,1784811118409000000,1784811178409000000,0
jps.load.project.to.empty.storage.ms,1784811118409000000,1784811178409000000,0
jps.app.storage.content.writer.save.component.ms,1784811118409000000,1784811178409000000,0
workspaceModel.sync.entities.ms,1784811118409000000,1784811178409000000,0
jps.global.handle.before.change.events.ms,1784811118409000000,1784811178409000000,0
jps.load.initial.state.ms,1784811118409000000,1784811178409000000,0
FilePageCache.pageHits,1784811118409000000,1784811178409000000,0
FilePageCache.pageFastCacheHits,1784811118409000000,1784811178409000000,1244
StorageLockContext.competingThreads.max,1784811118409000000,1784811178409000000,0
DirectByteBufferAllocator.totalSizeOfBuffersAllocatedInBytes,1784811118409000000,1784811178409000000,13631488
DirectByteBufferAllocator.hits,1784811118409000000,1784811178409000000,0
MappedFileStorage.storages,1784811118409000000,1784811178409000000,17
FilePageCache.uncachedFileAccess,1784811118409000000,1784811178409000000,8
StorageLockContext.competingThreads.90P,1784811118409000000,1784811178409000000,0
DirectByteBufferAllocator.totalSizeOfBuffersCachedInBytes,1784811118409000000,1784811178409000000,103874560
StreamlinedBlobStorage.recordsRelocated,1784811118409000000,1784811178409000000,0
StreamlinedBlobStorage.totalLiveRecordsPayloadBytes,1784811118409000000,1784811178409000000,0
DirectByteBufferAllocator.reclaimed,1784811118409000000,1784811178409000000,0
StreamlinedBlobStorage.recordsDeleted,1784811118409000000,1784811178409000000,0
FilePageCache.pageLoads,1784811118409000000,1784811178409000000,9
MappedFileStorage.totalBytesMapped,1784811118409000000,1784811178409000000,206831616
FilePageCache.maxCacheSizeInBytes,1784811118409000000,1784811178409000000,629153792
DirectByteBufferAllocator.misses,1784811118409000000,1784811178409000000,9
StorageLockContext.competingThreads.avg,1784811118409000000,1784811178409000000,0.0
DirectByteBufferAllocator.disposed,1784811118409000000,1784811178409000000,0
FilePageCache.totalPageDisposalsUs,1784811118409000000,1784811178409000000,15
FileChannelInterruptsRetryer.totalRetriedAttempts,1784811118409000000,1784811178409000000,0
MappedFileStorage.totalTimeSpentOnMappingUs,1784811118409000000,1784811178409000000,11081
FilePageCache.totalPageLoadsUs,1784811118409000000,1784811178409000000,4381
FilePageCache.pageLoadsAboveSizeThreshold,1784811118409000000,1784811178409000000,0
FilePageCache.capacityInBytes,1784811118409000000,1784811178409000000,629145600
FilePageCache.maxRegisteredFiles,1784811118409000000,1784811178409000000,1663
StreamlinedBlobStorage.recordsAllocated,1784811118409000000,1784811178409000000,0
StreamlinedBlobStorage.totalLiveRecordsCapacityBytes,1784811118409000000,1784811178409000000,0
FilePageCache.disposedBuffers,1784811118409000000,1784811178409000000,0
MappedFileStorage.totalPagesMapped,1784811118409000000,1784811178409000000,17
AWTEventQueue.dispatchTimeTotalNS,1784811118409000000,1784811178409000000,13305537
AWTEventQueue.eventsDispatched,1784811118409000000,1784811178409000000,106
FlushQueue.waitingTimeAvgNs,1784811118409000000,1784811178409000000,159505.45454545456
FlushQueue.executionTime90PNs,1784811118409000000,1784811178409000000,659455
FlushQueue.waitingTime90PNs,1784811118409000000,1784811178409000000,195583
NonBlockingReadAction.failedExecutionTimeUs,1784811118409000000,1784811178409000000,3105
NonBlockingReadAction.finalizedExecutionTimeUs,1784811118409000000,1784811178409000000,112872
FlushQueue.queueSizeMax,1784811118409000000,1784811178409000000,0
NonBlockingReadAction.failedExecutionsCount,1784811118409000000,1784811178409000000,1
NonBlockingReadAction.finalizedExecutionsCount,1784811118409000000,1784811178409000000,25
AWTEventQueue.dispatchTimeMaxNs,1784811118409000000,1784811178409000000,1908735
WriteAction.executionsCount,1784811118409000000,1784811178409000000,0
FlushQueue.executionTimeMaxNs,1784811118409000000,1784811178409000000,1048575
AWTEventQueue.dispatchTimeAvgNs,1784811118409000000,1784811178409000000,125574.27358490566
FlushQueue.executionTimeAvgNs,1784811118409000000,1784811178409000000,188206.54545454544
FlushQueue.queueSizeAvg,1784811118409000000,1784811178409000000,0.0
FlushQueue.waitingTimeMaxNs,1784811118409000000,1784811178409000000,1204223
AWTEventQueue.dispatchTime90PNs,1784811118409000000,1784811178409000000,195583
ReadAction.executionsCount,1784811118409000000,1784811178409000000,479223
FlushQueue.queueSize90P,1784811118409000000,1784811178409000000,0
FlushQueue.tasksExecuted,1784811118409000000,1784811178409000000,22
workspaceModel.cachedValueWithParameters.clear.count,1784811118409000000,1784811178409000000,0
workspaceModel.updates.ms,1784811118409000000,1784811178409000000,0
workspaceModel.workspaceFileIndexData.markDirty.ms,1784811118409000000,1784811178409000000,0
workspaceModel.check.recursive.update.ms,1784811118409000000,1784811178409000000,0
workspaceModel.cachedValueWithParameters.calculated.count,1784811118409000000,1784811178409000000,0
workspaceModel.entityStorageSnapshotImpl.instances.count,1784811118409000000,1784811178409000000,0
workspaceModel.cachedValue.clear.count,1784811118409000000,1784811178409000000,0
workspaceModel.workspaceFileIndexData.init.ms,1784811118409000000,1784811178409000000,0
workspaceModel.cachedValue.from.cache.count,1784811118409000000,1784811178409000000,171
workspaceModel.full.replace.project.model.ms,1784811118409000000,1784811178409000000,0
workspaceModel.workspaceFileIndexData.processFileSets.ms,1784811118409000000,1784811178409000000,0
workspaceModel.replace.project.model.ms,1784811118409000000,1784811178409000000,0
workspaceModel.loading.total.ms,1784811118409000000,1784811178409000000,0
workspaceModel.on.before.changed.ms,1784811118409000000,1784811178409000000,0
workspaceModel.init.bridges.ms,1784811118409000000,1784811178409000000,0
workspaceModel.cachedValue.calculated.count,1784811118409000000,1784811178409000000,0
workspaceModel.workspaceFileIndexData.visitFileSets.ms,1784811118409000000,1784811178409000000,23
workspaceModel.workspaceFileIndexContributor.registerFileSets.ms,1784811118409000000,1784811178409000000,0
workspaceModel.workspaceFileIndexData.onEntitiesChanged.ms,1784811118409000000,1784811178409000000,0
workspaceModel.updates.precise.ms,1784811118409000000,1784811178409000000,0
workspaceModel.update.unloaded.entities.ms,1784811118409000000,1784811178409000000,0
workspaceModel.workspaceFileIndexData.instances.count,1784811118409000000,1784811178409000000,0
workspaceModel.on.changed.ms,1784811118409000000,1784811178409000000,0
workspaceModel.cachedValueWithParameters.total.get.count,1784811118409000000,1784811178409000000,0
workspaceModel.collect.changes.ms,1784811118409000000,1784811178409000000,0
workspaceModel.workspaceFileIndexData.updateDirtyEntities.ms,1784811118409000000,1784811178409000000,0
workspaceModel.updates.count,1784811118409000000,1784811178409000000,0
workspaceModel.pre.handlers.ms,1784811118409000000,1784811178409000000,0
workspaceModel.cachedValue.total.get.count,1784811118409000000,1784811178409000000,171
workspaceModel.workspaceFileIndexData.getFileInfo.ms,1784811118409000000,1784811178409000000,76
workspaceModel.initializing.ms,1784811118409000000,1784811178409000000,0
workspaceModel.workspaceFileIndexData.getPackageName.ms,1784811118409000000,1784811178409000000,0
workspaceModel.cachedValueWithParameters.from.cache.count,1784811118409000000,1784811178409000000,0
workspaceModel.workspaceFileIndexData.getDirectoriesByPackageName.ms,1784811118409000000,1784811178409000000,0
workspaceModel.to.snapshot.ms,1784811118409000000,1784811178409000000,0
workspaceModel.loading.from.cache.ms,1784811118409000000,1784811178409000000,0
VFS.contentStorage.recordsStoredSize,1784811118409000000,1784811178409000000,2143
VFS.cache.segments,1784811118409000000,1784811178409000000,335.0
VFS.cache.segmentsCreated,1784811118409000000,1784811178409000000,0
VFS.fileByIdCache.hits,1784811118409000000,1784811178409000000,0
FileNameCache.totalMisses,1784811118409000000,1784811178409000000,0
VFS.fileByIdCache.misses,1784811118409000000,1784811178409000000,680
VFS.fileChildByName,1784811118409000000,1784811178409000000,817
VFS.contentStorage.recordsReadDecompressed,1784811118409000000,1784811178409000000,1
VFS.contentStorage.recordsStored,1784811118409000000,1784811178409000000,1
VFS.cache.filesCreated,1784811118409000000,1784811178409000000,295939
VFS.contentStorage.recordsDecompressionTimeUs,1784811118409000000,1784811178409000000,27
VFS.contentStorage.recordsStoredCompressed,1784811118409000000,1784811178409000000,0
VFS.contentStorage.recordsReadSize,1784811118409000000,1784811178409000000,14738
FileNameCache.queries,1784811118409000000,1784811178409000000,14464
VFS.cache.directoriesCreated,1784811118409000000,1784811178409000000,14
VFS.invertedFileNameIndex.requests,1784811118409000000,1784811178409000000,0
VFS.folderCaseSensitivityReads,1784811118409000000,1784811178409000000,0
VFS.contentStorage.recordsRead,1784811118409000000,1784811178409000000,4
VFS.rootsCount,1784811118409000000,1784811178409000000,336.0
VFS.contentStorage.recordsDeduplicated,1784811118409000000,1784811178409000000,0
VFS.contentStorage.recordsUncompressedSize,1784811118409000000,1784811178409000000,2143
JVM.totalTimeAtSafepointsMs,1784811118409000000,1784811178409000000,28
MEM.ramPlusSwapMinusFileMappingsBytes,1784811118409000000,1784811178409000000,2156910856
JVM.totalDirectByteBuffersBytes,1784811118409000000,1784811178409000000,17920008
JVM.GC.collections,1784811118409000000,1784811178409000000,3
JVM.usedHeapBytes,1784811118409000000,1784811178409000000,642179088
JVM.maxThreadCount,1784811118409000000,1784811178409000000,193
JVM.totalBytesAllocated,1784811118409000000,1784811178409000000,244404056
JVM.GC.collectionTimesMs,1784811118409000000,1784811178409000000,28
JVM.maxHeapBytes,1784811118409000000,1784811178409000000,2147483648
JVM.totalTimeToSafepointsMs,1784811118409000000,1784811178409000000,0
JVM.newThreadsCount,1784811118409000000,1784811178409000000,11
JVM.committedHeapBytes,1784811118409000000,1784811178409000000,896532480
MEM.fileMappingsRamBytes,1784811118409000000,1784811178409000000,292618240
JVM.threadCount,1784811118409000000,1784811178409000000,70
MEM.ramMinusFileMappingsBytes,1784811118409000000,1784811178409000000,207290368
MEM.ramBytes,1784811118409000000,1784811178409000000,499908608
JVM.totalCpuTimeMs,1784811118409000000,1784811178409000000,4840
JVM.usedNativeBytes,1784811118409000000,1784811178409000000,648130944
JVM.totalSafepointCount,1784811118409000000,1784811178409000000,3
OS.loadAverage,1784811118409000000,1784811178409000000,5.21826171875
Indexes.stubs.lookupDurationMaxMs,1784811178409000000,1784811238409000000,15.0
Indexing.writesQueuedMin,1784811178409000000,1784811238409000000,0
Indexes.allKeys.lookupDurationMaxMs,1784811178409000000,1784811238409000000,0.0
Indexes.entries.lookupDurationMaxMs,1784811178409000000,1784811238409000000,0.0
Indexes.allKeys.lookupDuration90PMs,1784811178409000000,1784811238409000000,0.0
Indexes.allKeys.lookupDurationAvgMs,1784811178409000000,1784811238409000000,0.0
Indexing.writesQueuedMax,1784811178409000000,1784811238409000000,0
Indexing.cache.totalCacheMisses,1784811178409000000,1784811238409000000,5
Indexing.writer_2.totalTimeSpentWritingMs,1784811178409000000,1784811238409000000,0
Indexing.totalTimeIndexersSleptMs,1784811178409000000,1784811238409000000,0
Indexing.writer_1.totalTimeSpentWritingMs,1784811178409000000,1784811238409000000,0
Indexing.writesQueuedAvg,1784811178409000000,1784811238409000000,0.0
Indexes.stubs.lookups,1784811178409000000,1784811238409000000,8
Indexes.entries.lookups,1784811178409000000,1784811238409000000,0
Indexes.entries.lookupDuration90PMs,1784811178409000000,1784811238409000000,0.0
Indexing.cache.totalCacheEvicted,1784811178409000000,1784811238409000000,5
Indexes.stubs.lookupDuration90PMs,1784811178409000000,1784811238409000000,15.0
Indexes.allKeys.lookups,1784811178409000000,1784811238409000000,1
Indexing.writer_3.totalTimeSpentWritingMs,1784811178409000000,1784811238409000000,0
Indexing.writer_0.totalTimeSpentWritingMs,1784811178409000000,1784811238409000000,0
Indexing.cache.totalCacheAccesses,1784811178409000000,1784811238409000000,16
Indexes.stubs.lookupDurationAvgMs,1784811178409000000,1784811238409000000,2.75
Indexes.entries.lookupDurationAvgMs,1784811178409000000,1784811238409000000,0.0
writeAction.wait.ms,1784811178409000000,1784811238409000000,0
DiskQueryRelay.taskWaitingTotalTimeUs,1784811178409000000,1784811238409000000,95913
DiskQueryRelay.tasksRequested,1784811178409000000,1784811238409000000,480
DiskQueryRelay.tasksExecuted,1784811178409000000,1784811238409000000,480
writeAction.median.wait.ms,1784811178409000000,1784811238409000000,400
LowMemory.gcLoad,1784811178409000000,1784811238409000000,6.706546659256921E-4
writeAction.count,1784811178409000000,1784811238409000000,2
writeAction.max.wait.ms,1784811178409000000,1784811238409000000,395
LowMemory.gcOverloaded,1784811178409000000,1784811238409000000,0
DiskQueryRelay.taskExecutionTotalTimeUs,1784811178409000000,1784811238409000000,95124
compiler.ArtifactManagerBridge.dropMappings.ms,1784811178409000000,1784811238409000000,0
compiler.ArtifactManagerBridge.addArtifact.ms,1784811178409000000,1784811238409000000,0
compiler.ArtifactManagerBridge.getArtifactsByType.ms,1784811178409000000,1784811238409000000,0
compiler.ArtifactVirtualFileListener.filePathChanged.ms,1784811178409000000,1784811238409000000,0
compiler.ArtifactManagerBridge.getArtifacts.ms,1784811178409000000,1784811238409000000,0
compiler.ArtifactManagerBridge.commit.ms,1784811178409000000,1784811238409000000,0
compiler.ArtifactManagerBridge.initBridges.ms,1784811178409000000,1784811238409000000,0
compiler.ArtifactVirtualFileListener.propertyChanged.ms,1784811178409000000,1784811238409000000,0
compiler.ArtifactManagerBridge.findArtifact.ms,1784811178409000000,1784811238409000000,0
cacheStateStorage.set.counter,1784811178409000000,1784811238409000000,0
cacheStateStorage.get.counter,1784811178409000000,1784811238409000000,0
cacheStateStorage.set.duration,1784811178409000000,1784811238409000000,0
cacheStateStorage.get.duration,1784811178409000000,1784811238409000000,0
workspaceModel.mutableEntityStorage.replace.by.source.ms,1784811178409000000,1784811238409000000,0
workspaceModel.save.cache.to.file.ms,1784811178409000000,1784811238409000000,0
jps.storage.jps.conf.reader.load.component.ms,1784811178409000000,1784811238409000000,0
workspaceModel.mutableEntityStorage.changeLog.addReplaceEventForNewChild.ms,1784811178409000000,1784811238409000000,0
workspaceModel.mutableEntityStorage.put.entity.ms,1784811178409000000,1784811238409000000,0
workspaceModel.mutableEntityStorage.mutable.vfurl.index.ms,1784811178409000000,1784811238409000000,0
workspaceModel.mutableEntityStorage.mutable.ext.mapping.ms,1784811178409000000,1784811238409000000,0
workspaceModel.mutableEntityStorage.apply.changes.from.ms,1784811178409000000,1784811238409000000,0
jps.library.entities.serializer.save.entities.ms,1784811178409000000,1784811238409000000,0
jps.apply.loaded.storage.ms,1784811178409000000,1784811238409000000,0
jps.global.get.libraries.ms,1784811178409000000,1784811238409000000,0
jps.app.storage.content.reader.load.component.ms,1784811178409000000,1784811238409000000,0
workspaceModel.moduleManagerBridge.load.module.ms,1784811178409000000,1784811238409000000,0
jps.global.get.library.ms,1784811178409000000,1784811238409000000,0
workspaceModel.moduleManagerBridge.set.unloadedModules.ms,1784811178409000000,1784811238409000000,0
workspaceModel.moduleManagerBridge.load.all.modules.ms,1784811178409000000,1784811238409000000,0
workspaceModel.global.updates.ms,1784811178409000000,1784811238409000000,0
workspaceModel.moduleManagerBridge.newModule.ms,1784811178409000000,1784811238409000000,0
workspaceModel.mutableEntityStorage.instances.count,1784811178409000000,1784811238409000000,0
jps.save.global.entities.ms,1784811178409000000,1784811238409000000,0
jps.global.get.library.by.name.ms,1784811178409000000,1784811238409000000,0
workspaceModel.global.apply.state.to.project.builder.ms,1784811178409000000,1784811238409000000,0
workspaceModel.mutableEntityStorage.hasReferrers.ms,1784811178409000000,1784811238409000000,0
jps.facet.change.listener.init.bridge.ms,1784811178409000000,1784811238409000000,0
workspaceModel.mutableEntityStorage.entities.by.source.ms,1784811178409000000,1784811238409000000,0
jps.module.dependency.index.workspace.model.listener.on.changed.ms,1784811178409000000,1784811238409000000,0
jps.save.changed.project.entities.ms,1784811178409000000,1784811238409000000,0
workspaceModel.mutableEntityStorage.has.same.entities.ms,1784811178409000000,1784811238409000000,0
workspaceModel.mutableEntityStorage.resolve.ms,1784811178409000000,1784811238409000000,0
jps.global.initialize.library.bridges.ms,1784811178409000000,1784811238409000000,0
workspaceModel.moduleBridge.facet.initialization.ms,1784811178409000000,1784811238409000000,0
workspaceModel.mutableEntityStorage.remove.entity.ms,1784811178409000000,1784811238409000000,0
workspaceModel.moduleManagerBridge.new.nonPersistent.module.ms,1784811178409000000,1784811238409000000,0
jps.module.iml.entities.serializer.save.entities.ms,1784811178409000000,1784811238409000000,0
workspaceModel.mutableEntityStorage.to.snapshot.ms,1784811178409000000,1784811238409000000,0
workspaceModel.mutableEntityStorage.entities.ms,1784811178409000000,1784811238409000000,0
workspaceModel.load.cache.metadata.from.file.ms,1784811178409000000,1784811238409000000,0
jps.project.serializers.load.ms,1784811178409000000,1784811238409000000,0
workspaceModel.mutableEntityStorage.collect.changes.ms,1784811178409000000,1784811238409000000,0
jps.facet.change.listener.before.change.events.ms,1784811178409000000,1784811238409000000,0
workspaceModel.mutableEntityStorage.changeLog.addReplaceEventForRemovedChild.ms,1784811178409000000,1784811238409000000,0
workspaceModel.mutableEntityStorage.add.entity.ms,1784811178409000000,1784811238409000000,0
workspaceModel.moduleBridgeLoader.loading.modules.ms,1784811178409000000,1784811238409000000,0
jps.module.iml.entities.serializer.load.entities.ms,1784811178409000000,1784811238409000000,0
workspaceModel.global.apply.state.to.project.ms,1784811178409000000,1784811238409000000,0
workspaceModel.mutableEntityStorage.referrers.ms,1784811178409000000,1784811238409000000,0
workspaceModel.delayed.project.synchronizer.sync.ms,1784811178409000000,1784811238409000000,0
jps.library.entities.serializer.load.entities.ms,1784811178409000000,1784811238409000000,0
jps.facet.change.listener.process.change.events.ms,1784811178409000000,1784811238409000000,0
workspaceModel.moduleManagerBridge.build.module.graph.ms,1784811178409000000,1784811238409000000,0
workspaceModel.moduleBridge.before.changed.ms,1784811178409000000,1784811238409000000,0
workspaceModel.moduleManagerBridge.get.modules.ms,1784811178409000000,1784811238409000000,0
jps.global.initialize.library.bridges.after.loading.ms,1784811178409000000,1784811238409000000,0
jps.global.handle.changed.events.ms,1784811178409000000,1784811238409000000,0
jps.artifact.entities.serializer.save.entities.ms,1784811178409000000,1784811238409000000,0
workspaceModel.mutableEntityStorage.changeLog.addReplaceEventForNewParent.ms,1784811178409000000,1784811238409000000,0
workspaceModel.orphan.listener.update.ms,1784811178409000000,1784811238409000000,0
workspaceModel.moduleManagerBridge.create.module.instance.ms,1784811178409000000,1784811238409000000,0
workspaceModel.mutableEntityStorage.modify.entity.ms,1784811178409000000,1784811238409000000,0
workspaceModel.moduleBridge.update.option.ms,1784811178409000000,1784811238409000000,0
jps.reload.project.entities.ms,1784811178409000000,1784811238409000000,0
workspaceModel.global.updates.count,1784811178409000000,1784811238409000000,0
workspaceModel.mutableEntityStorage.changeLog.addReplaceEventForRemovedParent.ms,1784811178409000000,1784811238409000000,0
workspaceModel.do.save.caches.ms,1784811178409000000,1784811238409000000,0
jps.project.serializers.save.ms,1784811178409000000,1784811238409000000,0
jps.artifact.entities.serializer.load.entities.ms,1784811178409000000,1784811238409000000,0
workspaceModel.load.cache.from.file.ms,1784811178409000000,1784811238409000000,0
jps.load.project.to.empty.storage.ms,1784811178409000000,1784811238409000000,0
jps.app.storage.content.writer.save.component.ms,1784811178409000000,1784811238409000000,0
workspaceModel.sync.entities.ms,1784811178409000000,1784811238409000000,0
jps.global.handle.before.change.events.ms,1784811178409000000,1784811238409000000,0
jps.load.initial.state.ms,1784811178409000000,1784811238409000000,0
FilePageCache.pageHits,1784811178409000000,1784811238409000000,0
FilePageCache.pageFastCacheHits,1784811178409000000,1784811238409000000,2
StorageLockContext.competingThreads.max,1784811178409000000,1784811238409000000,0
DirectByteBufferAllocator.totalSizeOfBuffersAllocatedInBytes,1784811178409000000,1784811238409000000,13631488
DirectByteBufferAllocator.hits,1784811178409000000,1784811238409000000,0
MappedFileStorage.storages,1784811178409000000,1784811238409000000,17
FilePageCache.uncachedFileAccess,1784811178409000000,1784811238409000000,0
StorageLockContext.competingThreads.90P,1784811178409000000,1784811238409000000,0
DirectByteBufferAllocator.totalSizeOfBuffersCachedInBytes,1784811178409000000,1784811238409000000,103874560
StreamlinedBlobStorage.recordsRelocated,1784811178409000000,1784811238409000000,0
StreamlinedBlobStorage.totalLiveRecordsPayloadBytes,1784811178409000000,1784811238409000000,0
DirectByteBufferAllocator.reclaimed,1784811178409000000,1784811238409000000,0
StreamlinedBlobStorage.recordsDeleted,1784811178409000000,1784811238409000000,0
FilePageCache.pageLoads,1784811178409000000,1784811238409000000,0
MappedFileStorage.totalBytesMapped,1784811178409000000,1784811238409000000,206831616
FilePageCache.maxCacheSizeInBytes,1784811178409000000,1784811238409000000,629153792
DirectByteBufferAllocator.misses,1784811178409000000,1784811238409000000,0
StorageLockContext.competingThreads.avg,1784811178409000000,1784811238409000000,0.0
DirectByteBufferAllocator.disposed,1784811178409000000,1784811238409000000,0
FilePageCache.totalPageDisposalsUs,1784811178409000000,1784811238409000000,0
FileChannelInterruptsRetryer.totalRetriedAttempts,1784811178409000000,1784811238409000000,0
MappedFileStorage.totalTimeSpentOnMappingUs,1784811178409000000,1784811238409000000,11081
FilePageCache.totalPageLoadsUs,1784811178409000000,1784811238409000000,0
FilePageCache.pageLoadsAboveSizeThreshold,1784811178409000000,1784811238409000000,0
FilePageCache.capacityInBytes,1784811178409000000,1784811238409000000,629145600
FilePageCache.maxRegisteredFiles,1784811178409000000,1784811238409000000,1663
StreamlinedBlobStorage.recordsAllocated,1784811178409000000,1784811238409000000,0
StreamlinedBlobStorage.totalLiveRecordsCapacityBytes,1784811178409000000,1784811238409000000,0
FilePageCache.disposedBuffers,1784811178409000000,1784811238409000000,0
MappedFileStorage.totalPagesMapped,1784811178409000000,1784811238409000000,17
AWTEventQueue.dispatchTimeTotalNS,1784811178409000000,1784811238409000000,582604852
AWTEventQueue.eventsDispatched,1784811178409000000,1784811238409000000,1419
FlushQueue.waitingTimeAvgNs,1784811178409000000,1784811238409000000,1704782.7814569536
FlushQueue.executionTime90PNs,1784811178409000000,1784811238409000000,206847
FlushQueue.waitingTime90PNs,1784811178409000000,1784811238409000000,2310143
NonBlockingReadAction.failedExecutionTimeUs,1784811178409000000,1784811238409000000,451
NonBlockingReadAction.finalizedExecutionTimeUs,1784811178409000000,1784811238409000000,166072
FlushQueue.queueSizeMax,1784811178409000000,1784811238409000000,14
NonBlockingReadAction.failedExecutionsCount,1784811178409000000,1784811238409000000,1
NonBlockingReadAction.finalizedExecutionsCount,1784811178409000000,1784811238409000000,18
AWTEventQueue.dispatchTimeMaxNs,1784811178409000000,1784811238409000000,79691775
WriteAction.executionsCount,1784811178409000000,1784811238409000000,2
FlushQueue.executionTimeMaxNs,1784811178409000000,1784811238409000000,10485759
AWTEventQueue.dispatchTimeAvgNs,1784811178409000000,1784811238409000000,410638.21353065537
FlushQueue.executionTimeAvgNs,1784811178409000000,1784811238409000000,138308.30794701987
FlushQueue.queueSizeAvg,1784811178409000000,1784811238409000000,2.1440397350993377
FlushQueue.waitingTimeMaxNs,1784811178409000000,1784811238409000000,75497471
AWTEventQueue.dispatchTime90PNs,1784811178409000000,1784811238409000000,421887
ReadAction.executionsCount,1784811178409000000,1784811238409000000,2057
FlushQueue.queueSize90P,1784811178409000000,1784811238409000000,7
FlushQueue.tasksExecuted,1784811178409000000,1784811238409000000,604
workspaceModel.cachedValueWithParameters.clear.count,1784811178409000000,1784811238409000000,0
workspaceModel.updates.ms,1784811178409000000,1784811238409000000,0
workspaceModel.workspaceFileIndexData.markDirty.ms,1784811178409000000,1784811238409000000,0
workspaceModel.check.recursive.update.ms,1784811178409000000,1784811238409000000,0
workspaceModel.cachedValueWithParameters.calculated.count,1784811178409000000,1784811238409000000,0
workspaceModel.entityStorageSnapshotImpl.instances.count,1784811178409000000,1784811238409000000,0
workspaceModel.cachedValue.clear.count,1784811178409000000,1784811238409000000,0
workspaceModel.workspaceFileIndexData.init.ms,1784811178409000000,1784811238409000000,0
workspaceModel.cachedValue.from.cache.count,1784811178409000000,1784811238409000000,0
workspaceModel.full.replace.project.model.ms,1784811178409000000,1784811238409000000,0
workspaceModel.workspaceFileIndexData.processFileSets.ms,1784811178409000000,1784811238409000000,0
workspaceModel.replace.project.model.ms,1784811178409000000,1784811238409000000,0
workspaceModel.loading.total.ms,1784811178409000000,1784811238409000000,0
workspaceModel.on.before.changed.ms,1784811178409000000,1784811238409000000,0
workspaceModel.init.bridges.ms,1784811178409000000,1784811238409000000,0
workspaceModel.cachedValue.calculated.count,1784811178409000000,1784811238409000000,0
workspaceModel.workspaceFileIndexData.visitFileSets.ms,1784811178409000000,1784811238409000000,0
workspaceModel.workspaceFileIndexContributor.registerFileSets.ms,1784811178409000000,1784811238409000000,0
workspaceModel.workspaceFileIndexData.onEntitiesChanged.ms,1784811178409000000,1784811238409000000,0
workspaceModel.updates.precise.ms,1784811178409000000,1784811238409000000,0
workspaceModel.update.unloaded.entities.ms,1784811178409000000,1784811238409000000,0
workspaceModel.workspaceFileIndexData.instances.count,1784811178409000000,1784811238409000000,0
workspaceModel.on.changed.ms,1784811178409000000,1784811238409000000,0
workspaceModel.cachedValueWithParameters.total.get.count,1784811178409000000,1784811238409000000,0
workspaceModel.collect.changes.ms,1784811178409000000,1784811238409000000,0
workspaceModel.workspaceFileIndexData.updateDirtyEntities.ms,1784811178409000000,1784811238409000000,0
workspaceModel.updates.count,1784811178409000000,1784811238409000000,0
workspaceModel.pre.handlers.ms,1784811178409000000,1784811238409000000,0
workspaceModel.cachedValue.total.get.count,1784811178409000000,1784811238409000000,0
workspaceModel.workspaceFileIndexData.getFileInfo.ms,1784811178409000000,1784811238409000000,1
workspaceModel.initializing.ms,1784811178409000000,1784811238409000000,0
workspaceModel.workspaceFileIndexData.getPackageName.ms,1784811178409000000,1784811238409000000,0
workspaceModel.cachedValueWithParameters.from.cache.count,1784811178409000000,1784811238409000000,0
workspaceModel.workspaceFileIndexData.getDirectoriesByPackageName.ms,1784811178409000000,1784811238409000000,0
workspaceModel.to.snapshot.ms,1784811178409000000,1784811238409000000,0
workspaceModel.loading.from.cache.ms,1784811178409000000,1784811238409000000,0
VFS.contentStorage.recordsStoredSize,1784811178409000000,1784811238409000000,0
VFS.cache.segments,1784811178409000000,1784811238409000000,335.0
VFS.cache.segmentsCreated,1784811178409000000,1784811238409000000,0
VFS.fileByIdCache.hits,1784811178409000000,1784811238409000000,0
FileNameCache.totalMisses,1784811178409000000,1784811238409000000,0
VFS.fileByIdCache.misses,1784811178409000000,1784811238409000000,1
VFS.fileChildByName,1784811178409000000,1784811238409000000,1389
VFS.contentStorage.recordsReadDecompressed,1784811178409000000,1784811238409000000,0
VFS.contentStorage.recordsStored,1784811178409000000,1784811238409000000,0
VFS.cache.filesCreated,1784811178409000000,1784811238409000000,1382
VFS.contentStorage.recordsDecompressionTimeUs,1784811178409000000,1784811238409000000,0
VFS.contentStorage.recordsStoredCompressed,1784811178409000000,1784811238409000000,0
VFS.contentStorage.recordsReadSize,1784811178409000000,1784811238409000000,0
FileNameCache.queries,1784811178409000000,1784811238409000000,12928
VFS.cache.directoriesCreated,1784811178409000000,1784811238409000000,0
VFS.invertedFileNameIndex.requests,1784811178409000000,1784811238409000000,0
VFS.folderCaseSensitivityReads,1784811178409000000,1784811238409000000,0
VFS.contentStorage.recordsRead,1784811178409000000,1784811238409000000,0
VFS.rootsCount,1784811178409000000,1784811238409000000,336.0
VFS.contentStorage.recordsDeduplicated,1784811178409000000,1784811238409000000,0
VFS.contentStorage.recordsUncompressedSize,1784811178409000000,1784811238409000000,0
JVM.totalTimeAtSafepointsMs,1784811178409000000,1784811238409000000,0
MEM.ramPlusSwapMinusFileMappingsBytes,1784811178409000000,1784811238409000000,2248907040
JVM.totalDirectByteBuffersBytes,1784811178409000000,1784811238409000000,18133000
JVM.GC.collections,1784811178409000000,1784811238409000000,0
JVM.usedHeapBytes,1784811178409000000,1784811238409000000,799465488
JVM.maxThreadCount,1784811178409000000,1784811238409000000,193
JVM.totalBytesAllocated,1784811178409000000,1784811238409000000,146947824
JVM.GC.collectionTimesMs,1784811178409000000,1784811238409000000,0
JVM.maxHeapBytes,1784811178409000000,1784811238409000000,2147483648
JVM.totalTimeToSafepointsMs,1784811178409000000,1784811238409000000,0
JVM.newThreadsCount,1784811178409000000,1784811238409000000,45
JVM.committedHeapBytes,1784811178409000000,1784811238409000000,896532480
MEM.fileMappingsRamBytes,1784811178409000000,1784811238409000000,276119552
JVM.threadCount,1784811178409000000,1784811238409000000,109
MEM.ramMinusFileMappingsBytes,1784811178409000000,1784811238409000000,538214400
MEM.ramBytes,1784811178409000000,1784811238409000000,814481408
JVM.totalCpuTimeMs,1784811178409000000,1784811238409000000,4263
JVM.usedNativeBytes,1784811178409000000,1784811238409000000,651666840
JVM.totalSafepointCount,1784811178409000000,1784811238409000000,0
OS.loadAverage,1784811178409000000,1784811238409000000,3.6640625
Indexes.stubs.lookupDurationMaxMs,1784811238409000000,1784811244438000000,0.0
Indexing.writesQueuedMin,1784811238409000000,1784811244438000000,0
Indexes.allKeys.lookupDurationMaxMs,1784811238409000000,1784811244438000000,0.0
Indexes.entries.lookupDurationMaxMs,1784811238409000000,1784811244438000000,0.0
Indexes.allKeys.lookupDuration90PMs,1784811238409000000,1784811244438000000,0.0
Indexes.allKeys.lookupDurationAvgMs,1784811238409000000,1784811244438000000,0.0
Indexing.writesQueuedMax,1784811238409000000,1784811244438000000,0
Indexing.cache.totalCacheMisses,1784811238409000000,1784811244438000000,0
Indexing.writer_2.totalTimeSpentWritingMs,1784811238409000000,1784811244438000000,0
Indexing.totalTimeIndexersSleptMs,1784811238409000000,1784811244438000000,0
Indexing.writer_1.totalTimeSpentWritingMs,1784811238409000000,1784811244438000000,0
Indexing.writesQueuedAvg,1784811238409000000,1784811244438000000,0.0
Indexes.stubs.lookups,1784811238409000000,1784811244438000000,0
Indexes.entries.lookups,1784811238409000000,1784811244438000000,0
Indexes.entries.lookupDuration90PMs,1784811238409000000,1784811244438000000,0.0
Indexing.cache.totalCacheEvicted,1784811238409000000,1784811244438000000,4189
Indexes.stubs.lookupDuration90PMs,1784811238409000000,1784811244438000000,0.0
Indexes.allKeys.lookups,1784811238409000000,1784811244438000000,0
Indexing.writer_3.totalTimeSpentWritingMs,1784811238409000000,1784811244438000000,0
Indexing.writer_0.totalTimeSpentWritingMs,1784811238409000000,1784811244438000000,0
Indexing.cache.totalCacheAccesses,1784811238409000000,1784811244438000000,0
Indexes.stubs.lookupDurationAvgMs,1784811238409000000,1784811244438000000,0.0
Indexes.entries.lookupDurationAvgMs,1784811238409000000,1784811244438000000,0.0
writeAction.wait.ms,1784811238409000000,1784811244438000000,1
DiskQueryRelay.taskWaitingTotalTimeUs,1784811238409000000,1784811244438000000,1093
DiskQueryRelay.tasksRequested,1784811238409000000,1784811244438000000,32
DiskQueryRelay.tasksExecuted,1784811238409000000,1784811244438000000,32
writeAction.median.wait.ms,1784811238409000000,1784811244438000000,400
LowMemory.gcLoad,1784811238409000000,1784811244438000000,5.676779955034881E-4
writeAction.count,1784811238409000000,1784811244438000000,2
writeAction.max.wait.ms,1784811238409000000,1784811244438000000,395
LowMemory.gcOverloaded,1784811238409000000,1784811244438000000,0
DiskQueryRelay.taskExecutionTotalTimeUs,1784811238409000000,1784811244438000000,417
compiler.ArtifactManagerBridge.dropMappings.ms,1784811238409000000,1784811244438000000,0
compiler.ArtifactManagerBridge.addArtifact.ms,1784811238409000000,1784811244438000000,0
compiler.ArtifactManagerBridge.getArtifactsByType.ms,1784811238409000000,1784811244438000000,0
compiler.ArtifactVirtualFileListener.filePathChanged.ms,1784811238409000000,1784811244438000000,0
compiler.ArtifactManagerBridge.getArtifacts.ms,1784811238409000000,1784811244438000000,0
compiler.ArtifactManagerBridge.commit.ms,1784811238409000000,1784811244438000000,0
compiler.ArtifactManagerBridge.initBridges.ms,1784811238409000000,1784811244438000000,0
compiler.ArtifactVirtualFileListener.propertyChanged.ms,1784811238409000000,1784811244438000000,0
compiler.ArtifactManagerBridge.findArtifact.ms,1784811238409000000,1784811244438000000,0
cacheStateStorage.set.counter,1784811238409000000,1784811244438000000,11
cacheStateStorage.get.counter,1784811238409000000,1784811244438000000,0
cacheStateStorage.set.duration,1784811238409000000,1784811244438000000,1
cacheStateStorage.get.duration,1784811238409000000,1784811244438000000,0
workspaceModel.mutableEntityStorage.replace.by.source.ms,1784811238409000000,1784811244438000000,0
workspaceModel.save.cache.to.file.ms,1784811238409000000,1784811244438000000,0
jps.storage.jps.conf.reader.load.component.ms,1784811238409000000,1784811244438000000,0
workspaceModel.mutableEntityStorage.changeLog.addReplaceEventForNewChild.ms,1784811238409000000,1784811244438000000,0
workspaceModel.mutableEntityStorage.put.entity.ms,1784811238409000000,1784811244438000000,0
workspaceModel.mutableEntityStorage.mutable.vfurl.index.ms,1784811238409000000,1784811244438000000,0
workspaceModel.mutableEntityStorage.mutable.ext.mapping.ms,1784811238409000000,1784811244438000000,0
workspaceModel.mutableEntityStorage.apply.changes.from.ms,1784811238409000000,1784811244438000000,0
jps.library.entities.serializer.save.entities.ms,1784811238409000000,1784811244438000000,0
jps.apply.loaded.storage.ms,1784811238409000000,1784811244438000000,0
jps.global.get.libraries.ms,1784811238409000000,1784811244438000000,0
jps.app.storage.content.reader.load.component.ms,1784811238409000000,1784811244438000000,0
workspaceModel.moduleManagerBridge.load.module.ms,1784811238409000000,1784811244438000000,0
jps.global.get.library.ms,1784811238409000000,1784811244438000000,0
workspaceModel.moduleManagerBridge.set.unloadedModules.ms,1784811238409000000,1784811244438000000,0
workspaceModel.moduleManagerBridge.load.all.modules.ms,1784811238409000000,1784811244438000000,0
workspaceModel.global.updates.ms,1784811238409000000,1784811244438000000,0
workspaceModel.moduleManagerBridge.newModule.ms,1784811238409000000,1784811244438000000,0
workspaceModel.mutableEntityStorage.instances.count,1784811238409000000,1784811244438000000,0
jps.save.global.entities.ms,1784811238409000000,1784811244438000000,1
jps.global.get.library.by.name.ms,1784811238409000000,1784811244438000000,0
workspaceModel.global.apply.state.to.project.builder.ms,1784811238409000000,1784811244438000000,0
workspaceModel.mutableEntityStorage.hasReferrers.ms,1784811238409000000,1784811244438000000,0
jps.facet.change.listener.init.bridge.ms,1784811238409000000,1784811244438000000,0
workspaceModel.mutableEntityStorage.entities.by.source.ms,1784811238409000000,1784811244438000000,0
jps.module.dependency.index.workspace.model.listener.on.changed.ms,1784811238409000000,1784811244438000000,0
jps.save.changed.project.entities.ms,1784811238409000000,1784811244438000000,0
workspaceModel.mutableEntityStorage.has.same.entities.ms,1784811238409000000,1784811244438000000,0
workspaceModel.mutableEntityStorage.resolve.ms,1784811238409000000,1784811244438000000,0
jps.global.initialize.library.bridges.ms,1784811238409000000,1784811244438000000,0
workspaceModel.moduleBridge.facet.initialization.ms,1784811238409000000,1784811244438000000,0
workspaceModel.mutableEntityStorage.remove.entity.ms,1784811238409000000,1784811244438000000,0
workspaceModel.moduleManagerBridge.new.nonPersistent.module.ms,1784811238409000000,1784811244438000000,0
jps.module.iml.entities.serializer.save.entities.ms,1784811238409000000,1784811244438000000,0
workspaceModel.mutableEntityStorage.to.snapshot.ms,1784811238409000000,1784811244438000000,0
workspaceModel.mutableEntityStorage.entities.ms,1784811238409000000,1784811244438000000,0
workspaceModel.load.cache.metadata.from.file.ms,1784811238409000000,1784811244438000000,0
jps.project.serializers.load.ms,1784811238409000000,1784811244438000000,0
workspaceModel.mutableEntityStorage.collect.changes.ms,1784811238409000000,1784811244438000000,0
jps.facet.change.listener.before.change.events.ms,1784811238409000000,1784811244438000000,0
workspaceModel.mutableEntityStorage.changeLog.addReplaceEventForRemovedChild.ms,1784811238409000000,1784811244438000000,0
workspaceModel.mutableEntityStorage.add.entity.ms,1784811238409000000,1784811244438000000,0
workspaceModel.moduleBridgeLoader.loading.modules.ms,1784811238409000000,1784811244438000000,0
jps.module.iml.entities.serializer.load.entities.ms,1784811238409000000,1784811244438000000,0
workspaceModel.global.apply.state.to.project.ms,1784811238409000000,1784811244438000000,0
workspaceModel.mutableEntityStorage.referrers.ms,1784811238409000000,1784811244438000000,0
workspaceModel.delayed.project.synchronizer.sync.ms,1784811238409000000,1784811244438000000,0
jps.library.entities.serializer.load.entities.ms,1784811238409000000,1784811244438000000,0
jps.facet.change.listener.process.change.events.ms,1784811238409000000,1784811244438000000,0
workspaceModel.moduleManagerBridge.build.module.graph.ms,1784811238409000000,1784811244438000000,0
workspaceModel.moduleBridge.before.changed.ms,1784811238409000000,1784811244438000000,0
workspaceModel.moduleManagerBridge.get.modules.ms,1784811238409000000,1784811244438000000,0
jps.global.initialize.library.bridges.after.loading.ms,1784811238409000000,1784811244438000000,0
jps.global.handle.changed.events.ms,1784811238409000000,1784811244438000000,0
jps.artifact.entities.serializer.save.entities.ms,1784811238409000000,1784811244438000000,0
workspaceModel.mutableEntityStorage.changeLog.addReplaceEventForNewParent.ms,1784811238409000000,1784811244438000000,0
workspaceModel.orphan.listener.update.ms,1784811238409000000,1784811244438000000,0
workspaceModel.moduleManagerBridge.create.module.instance.ms,1784811238409000000,1784811244438000000,0
workspaceModel.mutableEntityStorage.modify.entity.ms,1784811238409000000,1784811244438000000,0
workspaceModel.moduleBridge.update.option.ms,1784811238409000000,1784811244438000000,0
jps.reload.project.entities.ms,1784811238409000000,1784811244438000000,0
workspaceModel.global.updates.count,1784811238409000000,1784811244438000000,0
workspaceModel.mutableEntityStorage.changeLog.addReplaceEventForRemovedParent.ms,1784811238409000000,1784811244438000000,0
workspaceModel.do.save.caches.ms,1784811238409000000,1784811244438000000,0
jps.project.serializers.save.ms,1784811238409000000,1784811244438000000,0
jps.artifact.entities.serializer.load.entities.ms,1784811238409000000,1784811244438000000,0
workspaceModel.load.cache.from.file.ms,1784811238409000000,1784811244438000000,0
jps.load.project.to.empty.storage.ms,1784811238409000000,1784811244438000000,0
jps.app.storage.content.writer.save.component.ms,1784811238409000000,1784811244438000000,0
workspaceModel.sync.entities.ms,1784811238409000000,1784811244438000000,0
jps.global.handle.before.change.events.ms,1784811238409000000,1784811244438000000,0
jps.load.initial.state.ms,1784811238409000000,1784811244438000000,0
FilePageCache.pageHits,1784811238409000000,1784811244438000000,0
FilePageCache.pageFastCacheHits,1784811238409000000,1784811244438000000,170
StorageLockContext.competingThreads.max,1784811238409000000,1784811244438000000,0
DirectByteBufferAllocator.totalSizeOfBuffersAllocatedInBytes,1784811238409000000,1784811244438000000,1048576
DirectByteBufferAllocator.hits,1784811238409000000,1784811244438000000,1
FilePageCache.uncachedFileAccess,1784811238409000000,1784811244438000000,34
StorageLockContext.competingThreads.90P,1784811238409000000,1784811244438000000,0
DirectByteBufferAllocator.totalSizeOfBuffersCachedInBytes,1784811238409000000,1784811244438000000,104923136
DirectByteBufferAllocator.reclaimed,1784811238409000000,1784811244438000000,2
FilePageCache.pageLoads,1784811238409000000,1784811244438000000,17
FilePageCache.maxCacheSizeInBytes,1784811238409000000,1784811244438000000,629153792
DirectByteBufferAllocator.misses,1784811238409000000,1784811244438000000,16
StorageLockContext.competingThreads.avg,1784811238409000000,1784811244438000000,0.0
DirectByteBufferAllocator.disposed,1784811238409000000,1784811244438000000,28
FilePageCache.totalPageDisposalsUs,1784811238409000000,1784811244438000000,13
FileChannelInterruptsRetryer.totalRetriedAttempts,1784811238409000000,1784811244438000000,0
FilePageCache.totalPageLoadsUs,1784811238409000000,1784811244438000000,6830
FilePageCache.pageLoadsAboveSizeThreshold,1784811238409000000,1784811244438000000,0
FilePageCache.capacityInBytes,1784811238409000000,1784811244438000000,629145600
FilePageCache.maxRegisteredFiles,1784811238409000000,1784811244438000000,1663
FilePageCache.disposedBuffers,1784811238409000000,1784811244438000000,30
AWTEventQueue.dispatchTimeTotalNS,1784811238409000000,1784811244438000000,477039026
NonBlockingReadAction.failedExecutionTimeUs,1784811238409000000,1784811244438000000,0
NonBlockingReadAction.finalizedExecutionTimeUs,1784811238409000000,1784811244438000000,3763
NonBlockingReadAction.failedExecutionsCount,1784811238409000000,1784811244438000000,0
NonBlockingReadAction.finalizedExecutionsCount,1784811238409000000,1784811244438000000,3
workspaceModel.cachedValueWithParameters.clear.count,1784811238409000000,1784811244438000000,0
workspaceModel.updates.ms,1784811238409000000,1784811244438000000,0
workspaceModel.workspaceFileIndexData.markDirty.ms,1784811238409000000,1784811244438000000,0
workspaceModel.check.recursive.update.ms,1784811238409000000,1784811244438000000,0
workspaceModel.cachedValueWithParameters.calculated.count,1784811238409000000,1784811244438000000,0
workspaceModel.entityStorageSnapshotImpl.instances.count,1784811238409000000,1784811244438000000,0
workspaceModel.cachedValue.clear.count,1784811238409000000,1784811244438000000,0
workspaceModel.workspaceFileIndexData.init.ms,1784811238409000000,1784811244438000000,0
workspaceModel.cachedValue.from.cache.count,1784811238409000000,1784811244438000000,4
workspaceModel.full.replace.project.model.ms,1784811238409000000,1784811244438000000,0
workspaceModel.workspaceFileIndexData.processFileSets.ms,1784811238409000000,1784811244438000000,0
workspaceModel.replace.project.model.ms,1784811238409000000,1784811244438000000,0
workspaceModel.loading.total.ms,1784811238409000000,1784811244438000000,0
workspaceModel.on.before.changed.ms,1784811238409000000,1784811244438000000,0
workspaceModel.init.bridges.ms,1784811238409000000,1784811244438000000,0
workspaceModel.cachedValue.calculated.count,1784811238409000000,1784811244438000000,0
workspaceModel.workspaceFileIndexData.visitFileSets.ms,1784811238409000000,1784811244438000000,0
workspaceModel.workspaceFileIndexContributor.registerFileSets.ms,1784811238409000000,1784811244438000000,0
workspaceModel.workspaceFileIndexData.onEntitiesChanged.ms,1784811238409000000,1784811244438000000,0
workspaceModel.updates.precise.ms,1784811238409000000,1784811244438000000,0
workspaceModel.update.unloaded.entities.ms,1784811238409000000,1784811244438000000,0
workspaceModel.workspaceFileIndexData.instances.count,1784811238409000000,1784811244438000000,0
workspaceModel.on.changed.ms,1784811238409000000,1784811244438000000,0
workspaceModel.cachedValueWithParameters.total.get.count,1784811238409000000,1784811244438000000,0
workspaceModel.collect.changes.ms,1784811238409000000,1784811244438000000,0
workspaceModel.workspaceFileIndexData.updateDirtyEntities.ms,1784811238409000000,1784811244438000000,0
workspaceModel.updates.count,1784811238409000000,1784811244438000000,0
workspaceModel.pre.handlers.ms,1784811238409000000,1784811244438000000,0
workspaceModel.cachedValue.total.get.count,1784811238409000000,1784811244438000000,4
workspaceModel.workspaceFileIndexData.getFileInfo.ms,1784811238409000000,1784811244438000000,0
workspaceModel.initializing.ms,1784811238409000000,1784811244438000000,0
workspaceModel.workspaceFileIndexData.getPackageName.ms,1784811238409000000,1784811244438000000,0
workspaceModel.cachedValueWithParameters.from.cache.count,1784811238409000000,1784811244438000000,0
workspaceModel.workspaceFileIndexData.getDirectoriesByPackageName.ms,1784811238409000000,1784811244438000000,0
workspaceModel.to.snapshot.ms,1784811238409000000,1784811244438000000,0
workspaceModel.loading.from.cache.ms,1784811238409000000,1784811244438000000,0
JVM.totalTimeAtSafepointsMs,1784811238409000000,1784811244438000000,17
MEM.ramPlusSwapMinusFileMappingsBytes,1784811238409000000,1784811244438000000,1964677408
JVM.totalDirectByteBuffersBytes,1784811238409000000,1784811244438000000,5533704
JVM.GC.collections,1784811238409000000,1784811244438000000,1
JVM.usedHeapBytes,1784811238409000000,1784811244438000000,641426928
JVM.maxThreadCount,1784811238409000000,1784811244438000000,193
JVM.totalBytesAllocated,1784811238409000000,1784811244438000000,102909184
JVM.GC.collectionTimesMs,1784811238409000000,1784811244438000000,18
JVM.maxHeapBytes,1784811238409000000,1784811244438000000,2147483648
JVM.totalTimeToSafepointsMs,1784811238409000000,1784811244438000000,0
JVM.newThreadsCount,1784811238409000000,1784811244438000000,18
JVM.committedHeapBytes,1784811238409000000,1784811244438000000,896532480
MEM.fileMappingsRamBytes,1784811238409000000,1784811244438000000,284065792
JVM.threadCount,1784811238409000000,1784811244438000000,75
MEM.ramMinusFileMappingsBytes,1784811238409000000,1784811244438000000,980631552
MEM.ramBytes,1784811238409000000,1784811244438000000,1270808576
JVM.totalCpuTimeMs,1784811238409000000,1784811244438000000,2373
JVM.usedNativeBytes,1784811238409000000,1784811244438000000,661092752
JVM.totalSafepointCount,1784811238409000000,1784811244438000000,1
OS.loadAverage,1784811238409000000,1784811244438000000,3.69091796875
